Questions,Answers
What is Preliminary Support (PS)?,"A point in a downtrend where substantial buying activity begins to emerge, providing noticeable support to the price. It is typically characterized by increased volume and wider price spreads, indicating that selling pressure may be diminishing and the downtrend could be nearing its end."
What does Preliminary Support indicate in a downtrend?,It indicates that the down-move may be approaching its end.
What are the key signs that Preliminary Support is forming?,The key signs are increased volume and a wider price spread.
How does volume typically behave during Preliminary Support?,Volume increases during Preliminary Support.
What role does Preliminary Support play in identifying the potential end of a down-move?,"It provides pronounced support after a prolonged down-move, signaling that selling pressure may be diminishing and the downtrend could be nearing its end."
What is Selling Climax (SC)?,"A point in the downtrend where selling pressure and price spread typically reach their peak, marked by heavy or panicked selling from the public. This selling is often absorbed by larger professional interests near a market bottom. The price frequently closes well above the low, reflecting strong buying activity from these professionals."
What does SC stand for in trading?,SC stands for Selling Climax.
What typically happens to price spread and selling pressure during a Selling Climax?,They usually reach their peak or climax.
Who is usually responsible for the heavy selling during a Selling Climax?,The public engages in heavy or panicked selling.
Who absorbs the selling during a Selling Climax?,Larger professional interests absorb the selling.
Where does a Selling Climax usually occur in a market trend?,It usually occurs at or near a market bottom.
How does the price often behave at the close during a Selling Climax?,The price often closes well off the low.
What does a close well off the low during SC indicate?,It reflects buying by large professional interests.
What is Automatic Rally (AR)?,"A price rally that occurs after intense selling pressure has greatly diminished. As a result, a wave of buying easily pushes prices upward, often supported further by short covering. The high point of this rally helps define the upper boundary of an accumulation trading range (TR)."
What does AR stand for in Accumulation Process?,AR stands for Automatic Rally.
What causes an Automatic Rally to occur?,It occurs because intense selling pressure has greatly diminished.
What makes it easy for prices to rise during an Automatic Rally?,A wave of buying easily pushes prices up when selling pressure fades.
What factor further fuels the Automatic Rally besides buying?,Short covering further fuels the rally.
What is the Wyckoff Market Cycle?,"The Wyckoff Market Cycle is a visual representation of the Composite Man's manipulation of a market, which consists of four phases: accumulation, markup, distribution, and markdown."
What does the high of the Automatic Rally help define?,It helps define the upper boundary of an accumulation trading range (TR).
What is Secondary Test (ST) in Accumulation?,"A price movement that revisits the area of the Selling Climax (SC) to test the supply and demand balance at those levels. For a bottom to be confirmed, both volume and price spread should be significantly reduced as the market approaches support near the SC. It is common for multiple Secondary Tests to occur after a Selling Climax."
What does ST stand for in trading?,ST stands for Secondary Test.
What is the purpose of a Secondary Test during Accumulation?,To test the supply and demand balance in the area of the Selling Climax (SC).
Where does price revisit during a Secondary Test of Accumulation?,Price revisits the area of the Selling Climax (SC).
What should happen to volume and price spread if a bottom is to be confirmed during an ST of Accumulation?,Volume and price spread should be significantly diminished.
"As the market approaches support during a Secondary Test of Accumulation, how should it behave?",It should show reduced volume and a narrower price spread.
Is it common to have more than one Secondary Test after a Selling Climax?,"Yes, it is common to have multiple Secondary Tests after a Selling Climax."
What is a Test in Wyckoff strategy?,"An action taken by large operators to check the market for supply at various points, especially within a trading range (TR) and during key stages of a price advance. Tests often include events like Secondary Tests (STs) and springs. If significant supply appears during a test, it suggests the market is not yet ready for a markup. Springs are commonly followed by one or more tests. A successful test, which signals potential for further price increases, usually forms a higher low on reduced volume."
What is the purpose of a Test in trading?,The purpose of a Test is to assess whether supply still exists in the market. Large operators use it to determine if conditions are favorable for a continued markup in price.
Who typically conducts Tests in the market?,Tests are usually conducted by large professional operators who want to ensure there’s no significant selling pressure before pushing prices higher.
When are tests commonly conducted?,"Tests occur throughout the trading range and at key points during a price advance, especially after potential turning points like a spring."
What does it mean if there’s high supply during a test?,"It indicates the market may not be ready to move higher, as too much supply can prevent a sustainable uptrend or markup phase."
What often follows a spring?,One or more tests usually follow a spring to confirm that the supply has been absorbed and the market is ready for higher prices.
What indicates a successful test?,"A successful test shows a higher low on reduced volume, suggesting that supply has dried up and a markup is more likely to follow."
What is Sign of Strength (SOS)?,"A price advance that occurs with increasing price spread and relatively higher volume. It typically indicates strong demand and often appears after a spring, helping confirm the analyst’s interpretation of that spring as a bullish event."
What does SOS stand for in trading?,SOS stands for Sign of Strength.
What happens to price during a Sign of Strength?,"The price advances during a Sign of Strength, showing upward movement."
How does price spread behave during a Sign of Strength?,"Price spread increases, indicating stronger and more aggressive buying activity."
What happens to volume during a Sign of Strength?,"Volume becomes relatively higher, supporting the strength of the price advance."
What does a Sign of Strength indicate about market demand?,It indicates strong demand and suggests that buyers are in control.
When does a Sign of Strength typically occur?,"It often occurs after a spring, acting as confirmation of the spring’s bullish significance."
What does a Sign of Strength help confirm?,It helps validate the analyst’s interpretation of the spring as a bullish turning point.
What is Last Point of Support (LPS)?,"The low point of a reaction or pullback that occurs after a Sign of Strength (SOS). Backing up to an LPS refers to a pullback toward a support level that was previously resistance, usually happening on diminished price spread and lower volume. Despite the singular name, a chart can show more than one LPS."
What does LPS stand for in trading?,LPS stands for Last Point of Support.
When does the Last Point of Support occur?,"It occurs after a Sign of Strength (SOS), during a pullback or reaction."
What does “backing up to an LPS” mean?,It means the price is pulling back to a support level that was previously resistance.
How does price spread behave during a move to the LPS?,The price spread is typically diminished during the pullback to LPS.
What happens to volume as the price backs up to the LPS?,"Volume generally decreases, showing reduced selling pressure."
Can there be more than one LPS on a chart?,"Yes, even though the term sounds singular, it’s common to see multiple LPS points on a chart."
What role does LPS play in confirming support?,"It helps confirm the strength of the new support level after a breakout, suggesting the uptrend may continue."
What is Back-up?,"A term used in Wyckoff methodology to describe a pullback or pause in price following a Sign of Strength (SOS). Originally coined by Wyckoff teacher Robert Evans, the SOS was compared to a ""jump across the creek"" of resistance, and the ""back-up to the creek"" represented both short-term profit-taking and a test for additional supply near the former resistance area. The back-up is a common structural feature before a larger price mark-up and may appear as a simple pullback or a new trading range (TR) at a higher level."
What does BU stand for in Wyckoff methodology?,"BU stands for Back-Up, which refers to a pullback after a Sign of Strength."
Who introduced the metaphor behind the term Back-Up?,"Robert Evans, a prominent Wyckoff teacher from the 1930s to 1960s."
What does the “jump across the creek” metaphor describe?,"It describes the Sign of Strength (SOS), where price breaks through resistance."
What does “backing up to the creek” represent in Wyckoff terms?,It represents a pullback to test for supply and includes short-term profit-taking near old resistance.
What is the purpose of a back-up?,To test for remaining supply after a breakout and before a continued mark-up.
How can a back-up appear on a chart?,It can take the form of a simple pullback or a new trading range at a higher level.
What often follows a back-up in Wyckoff analysis?,"A more substantial mark-up in price, if the test for supply is successful."
What is a Spring?,"A spring is a price movement that occurs late in a trading range (TR), where the price briefly dips below the established low of the TR and then quickly reverses to close back inside the range. This action allows large operators to test remaining supply, mislead the public into thinking the trend is bearish, and accumulate more shares at lower prices before a markup phase begins."
What is a Shakeout?,"A shakeout is a more intense version of a spring, sometimes referred to as a “spring on steroids.” It can happen at the end of an accumulation TR (terminal shakeout) or even after a price advance has started. The purpose is to cause retail traders and investors in long positions to panic and sell their shares, which are then absorbed by large operators."
When do springs usually occur within a trading range?,"Springs typically occur late in a trading range (TR), before the markup phase begins."
What does a spring do to the price relative to the trading range?,It briefly takes the price below the low of the TR and then quickly reverses back inside the range.
Why do large interests use springs in the market?,"To test the available supply, mislead the public about the trend, and accumulate shares at low prices."
What is the purpose of a spring in Wyckoff analysis?,To allow dominant players to confirm a lack of supply and position themselves before a markup campaign.
What is a terminal shakeout?,"It’s a more aggressive version of a spring, occurring at the end of an accumulation TR."
Can shakeouts happen after a price advance has already started?,"Yes, they can occur even after the price has started to move up."
What is the goal of a shakeout during an uptrend?,To induce retail traders and investors holding long positions to sell to large operators.
Are springs and shakeouts required in every accumulation phase?,"No, they are not required. Accumulation Schematic 1 shows a spring, while Accumulation Schematic 2 does not include one."
What are the different events in the Wyckoff price cycle during the accumulation phase?,"The events in the Wyckoff accumulation phase are: Preliminary Support (PS), Selling Climax (SC), Automatic Rally (AR), Secondary Test (ST), ST in Phase B, Spring, Test, Last Point of Support (LPS), Back-Up/Last Point of Support (BU/LPS), and Sign of Strength (SOS)."
What defines the trading range in the Wyckoff accumulation schematic?,"The trading range is defined as the horizontal price zone between the support line (drawn near the Selling Climax) and the resistance line (drawn near the Automatic Rally), within which price moves during Phases A to D."
Where is the support line drawn in the Wyckoff accumulation schematic?,"The support line is drawn at or near the price level of the Selling Climax (SC), indicating the lower boundary of the trading range."
Where is the resistance line drawn in the Wyckoff accumulation schematic?,"The resistance line is drawn at or near the high of the Automatic Rally (AR), representing the upper boundary of the trading range."
How do support and resistance lines help identify the trading range in Wyckoff analysis?,"Support and resistance lines mark the lower and upper limits of the trading range, helping analysts identify key price boundaries where accumulation, testing, and breakout events occur."
What is the main purpose of Phase A in the Wyckoff accumulation schematic?,"Phase A marks the stopping of the prior downtrend, where supply has been dominant and begins to diminish, indicating the potential start of accumulation."
Which Wyckoff events are typically seen in Phase A?,"Phase A typically includes Preliminary Support (PS), Selling Climax (SC), Automatic Rally (AR), and Secondary Test (ST)."
What do PS and SC indicate in Phase A?,Preliminary Support (PS) and Selling Climax (SC) indicate that supply is diminishing and intense selling is transferring shares from the public to large professional interests.
What happens after the Selling Climax (SC) in Phase A?,"After the SC, an Automatic Rally (AR) usually follows due to reduced selling pressure, institutional demand, and short-covering."
What does a successful Secondary Test (ST) in Phase A look like?,"A successful ST shows less selling pressure, narrower spread, and lower volume, generally stopping at or above the level of the SC."
How do AR and ST contribute to identifying Phase A?,"The Automatic Rally (AR) shows institutional buying and short-covering, while the Secondary Test (ST) confirms supply is diminishing through narrowing spread and lower volume."
How are the boundaries of the trading range (TR) established in Phase A?,"The lows of the SC and ST, along with the high of the AR, define the lower and upper boundaries of the trading range (TR), often drawn with horizontal lines for clarity."
What does a successful Secondary Test (ST) indicate during Phase A?,"A successful ST shows reduced selling pressure, narrower spread, and decreased volume, typically stopping at or above the SC, confirming demand is gaining control."
What does it mean if the ST goes below the level of the SC in Phase A?,"If the ST drops below the SC, it suggests that the market may form new lows or undergo prolonged consolidation, rather than immediately beginning a markup."
"Is it necessary for every Phase A to include PS, SC, AR, and ST?","No, sometimes the downtrend ends without dramatic price and volume action, but it's generally preferable to see PS, SC, AR, and ST for clear evidence of accumulation."
How is Phase A in a re-accumulation range different from primary accumulation?,"In re-accumulation, Phase A may lack clear PS, SC, or ST, resembling distribution instead; however, Phases B–E are still similar to those in primary accumulation, but shorter in duration and range."
"What chart behavior makes PS, SC, AR, and ST valuable to analysts?","These events create a distinct chart structure and provide clear signs that large operators have begun accumulation, aiding in early identification of a potential trend reversal."
What is the main purpose of Phase B in the Wyckoff accumulation process?,"Phase B serves as the phase where institutions and large professional interests accumulate shares at low prices in preparation for a future uptrend. It ""builds the cause"" for the next markup, as described in Wyckoff Law #2 – Cause and Effect."
How does Wyckoff Law #2 relate to Phase B?,"Wyckoff Law #2 – ""Cause and Effect"" – is illustrated in Phase B, where the accumulation of inventory creates the cause that leads to the eventual price markup (the effect)."
"What type of market participants are active during Phase B of accumulation, and what are they doing?",Institutions and large professional interests are the main participants in Phase B. They are actively accumulating shares at relatively low prices to prepare for a markup.
How long can Phase B last in the Wyckoff accumulation cycle?,"Phase B can last a long time, sometimes a year or more, as institutional accumulation progresses gradually."
What kinds of price movements are common during Phase B of accumulation?,"Phase B is characterized by up-and-down price action within a trading range, including wide swings and short-term rallies or declines, often caused by institutional buying and selling."
Are there any specific events that typically occur within Phase B of accumulation?,"Yes, multiple Secondary Tests (STs) and upthrust-type actions at the top of the trading range often occur in Phase B as large interests test supply levels and absorb shares."
How does volume behave during Phase B of accumulation?,"Early in Phase B, price swings are wide and volume is high. As professionals absorb supply over time, the volume on downswings tends to diminish."
When is the transition from Phase B to Phase C likely to occur in accumulation process?,"The transition to Phase C occurs when it appears that most of the supply has been absorbed and the volume on downswings significantly decreases, indicating diminished selling pressure."
What is the main purpose of Phase C in the Wyckoff accumulation process?,"Phase C serves as a decisive test of the remaining supply, allowing large operators (“smart money”) to determine if the market is ready for a markup."
What key event often characterizes Phase C of accumulation process?,"A spring or shakeout often characterizes Phase C — a temporary drop below support that quickly reverses, acting as a bear trap and testing remaining supply."
Why is a spring considered a bear trap in Wyckoff Phase C?,"Because it briefly breaks support, giving the illusion of a downtrend resuming, which traps late sellers before the price reverses and moves back into the trading range."
What trading opportunity does Phase C of accumulation present according to Wyckoff’s method?,A successful test of supply via a spring or shakeout offers a high-probability opportunity to initiate at least a partial long position.
What does a low-volume test after a spring or shakeout indicate?,"It indicates that selling pressure has diminished and the stock is likely ready for a markup, signaling a good time to buy."
How does the Sign of Strength (SOS) relate to Phase C?,"The appearance of an SOS shortly after a spring or shakeout confirms that the market is ready to move higher, validating the bullish setup."
Can Phase C of accumulation process occur without a spring or shakeout?,"Yes, as shown in Accumulation Schematic #2, Phase C can occur without a clear spring or shakeout, which makes it harder to identify."
What does Phase D represent in the Wyckoff accumulation process?,"Phase D represents the consistent dominance of demand over supply, signaling that the market is preparing to exit the trading range and begin a markup."
What price and volume behavior characterizes Phase D of accumulation process?,"Phase D is characterized by advances (Signs of Strength or SOSs) on widening price spreads and increasing volume, along with reactions (LPSs) on smaller spreads and lower volume."
What are SOSs and how do they behave in Phase D?,"Signs of Strength (SOSs) in Phase D are price advances that occur with widening spreads and rising volume, indicating strong and growing demand."
What role do LPSs play in Phase D?,"Last Points of Support (LPSs) in Phase D appear on smaller spreads and diminished volume during pullbacks, and they offer good opportunities to initiate or add to long positions."
How does price typically behave during Phase D of accumulation process?,Price tends to move up to at least the top of the trading range (TR) as demand dominates and the accumulation phase progresses.
Why are LPSs considered favorable entry points during Phase D?,"Because they occur on reduced volume and narrow spreads after strong demand has emerged, making them ideal for initiating or adding to profitable long positions."
What happens to the stock in Phase E of the Wyckoff accumulation cycle?,"In Phase E, the stock exits the trading range (TR), demand is fully in control, and the markup becomes clearly visible in the market."
What does Phase E of Wyckoff Accumulation indicate about market control?,"Phase E in accumulation shows that demand is fully dominant and the uptrend becomes obvious, marking the start of a sustained markup."
Are setbacks possible in Phase E of accumulation?,"Yes, Phase E may include short-lived setbacks such as shakeouts or minor reactions, but they usually don't interrupt the overall uptrend."
What kind of trading ranges may appear during Phase E of accumulation?,"New, higher-level trading ranges may appear due to profit-taking and re-accumulation by large operators, and are often referred to as “stepping stones.”"
What is re-accumulation in Phase E of Wyckoff Accumulation?,Re-accumulation in Phase E refers to the continued acquisition of shares by large operators at higher price levels as the stock trends upward.
Why is the markup obvious in Phase E of accumulation?,"Because price breaks out of the trading range and moves steadily higher, making the bullish trend visible to both professionals and the public."
What is Preliminary Supply (PSY)?,"Preliminary Supply is the point during a pronounced up-move where large interests begin selling or unloading shares in significant quantities. This action is accompanied by an expansion in volume and a widening of the price spread, signaling that the uptrend may be nearing exhaustion and a potential trend reversal could be approaching."
What does PSY stand for in Wyckoff distribution?,PSY stands for Preliminary Supply.
When does Preliminary Supply typically occur?,It occurs after a pronounced up-move in price.
Who is active during the Preliminary Supply event?,Large interests or professional operators begin to unload shares in significant quantity.
What happens to volume during Preliminary Supply?,Volume increases noticeably during Preliminary Supply.
How does the price spread behave during Preliminary Supply?,"The price spread widens, reflecting the increased selling activity."
What does Preliminary Supply suggest about the trend?,It signals that the current uptrend may be approaching its end and a trend reversal could be near.
What is Buying Climax (BC)?,"A Buying Climax is a point near the top of an uptrend where there is a sharp increase in both volume and price spread, as intense public buying is absorbed by professional interests. This heavy or urgent buying is often triggered by positive news, such as a strong earnings report, allowing large operators to sell their shares into high public demand without significantly lowering the stock price."
What does BC stand for in Wyckoff analysis?,BC stands for Buying Climax.
What typically happens to volume and price spread during a Buying Climax?,Both volume and price spread increase sharply during a Buying Climax.
Who is doing most of the buying during a Buying Climax?,The public is responsible for heavy or urgent buying during the Buying Climax.
Who absorbs the buying during a Buying Climax?,Professional interests or large operators fill the public’s buying orders near the top.
What kind of news often coincides with a Buying Climax?,"A Buying Climax often aligns with positive news, such as a strong earnings report."
Why does good news often appear during a Buying Climax?,Large operators need a surge in public demand to sell their shares at high prices without pushing the stock down.
What is Automatic Reaction (AR)?,"An Automatic Reaction occurs after a Buying Climax (BC), when intense buying subsides and heavy supply continues to enter the market. This reaction leads to a price decline or selloff. The low point of this decline helps define the lower boundary of the distribution trading range (TR)."
What does AR stand for in Wyckoff analysis during distribution?,AR stands for Automatic Reaction.
When does an Automatic Reaction occur?,"It occurs after a Buying Climax, when intense buying has significantly decreased."
What causes the price to decline during an Automatic Reaction?,Heavy supply continues to enter the market while buying pressure has faded.
What does the low of the Automatic Reaction represent?,It helps define the lower boundary of the distribution trading range (TR).
What phase does the Automatic Reaction typically belong to in Wyckoff distribution?,It typically marks the early stage of the distribution phase following the Buying Climax.
How does the meaning of AR differ between Wyckoff accumulation and distribution phases?,"In Wyckoff accumulation, AR stands for automatic rally, which is an upward price movement following a selling climax as demand begins to appear. In Wyckoff distribution, AR stands for automatic reaction, which is a downward move after a buying climax caused by weakening demand and continued heavy supply."
What is Secondary Test (ST) in Distribution?,"In Wyckoff distribution, a Secondary Test is when price revisits the area of the Buying Climax (BC) to test the balance between supply and demand at those levels. For a distributional top to be confirmed, supply must outweigh demand. This is indicated by a decrease in volume and price spread as price approaches the resistance level of the BC. A Secondary Test may appear as an Upthrust (UT), where price briefly moves above the BC resistance before quickly reversing to close below it. After a UT, price often retests the lower boundary of the trading range (TR)."
What does ST stand for in Wyckoff distribution?,"ST stands for Secondary Test, which occurs after the Buying Climax to test the supply and demand balance at that level."
What is the purpose of a Secondary Test in distribution?,The purpose is to test whether supply is greater than demand near the resistance area of the Buying Climax.
What behavior confirms a top during a Secondary Test in distribution?,"A top is confirmed if volume and spread decrease as price approaches the BC, indicating that supply is dominating."
What is an Upthrust (UT) in the context of a Secondary Test?,An Upthrust is a type of ST where the price briefly moves above the resistance of the BC before reversing and closing below it.
What often happens to price after an Upthrust in distribution?,"After an Upthrust, price typically tests the lower boundary of the trading range."
How does a Secondary Test in distribution differ from one in accumulation?,"In distribution, the ST tests for dominant supply near resistance, whereas in accumulation, it tests for diminishing supply near support."
What is Sign of Weakness (SOW)?,"In Wyckoff distribution, a Sign of Weakness is a noticeable downward move to, or slightly below, the lower boundary of the trading range (TR). It typically occurs on increased price spread and higher volume. The appearance of the Automatic Reaction (AR) and the initial SOW(s) signals a change of character in the stock’s price behavior, confirming that supply has become dominant."
What does SOW stand for in Wyckoff distribution?,"SOW stands for Sign of Weakness, which is a downward price move during distribution."
Where does price typically go during a Sign of Weakness?,Price moves to or slightly below the lower boundary of the trading range.
What volume and spread behavior is usually seen during a Sign of Weakness?,There is an increase in both price spread and volume during a SOW.
What does the combination of AR and initial SOW(s) indicate?,"It indicates a change of character in the price action, showing that supply is now in control."
What does a Sign of Weakness reveal about market conditions?,"It reveals that supply has become dominant over demand, shifting control to sellers."
What is Last Point of Supply (LPSY)?,"In Wyckoff distribution, the Last Point of Supply occurs after a Sign of Weakness (SOW) when price attempts to rally but does so weakly, typically on a narrow price spread. This weak rally indicates the market is struggling to advance, often due to either a lack of demand, the presence of significant supply, or both. LPSYs signal the exhaustion of remaining demand and represent the final stages of distribution by large operators before the markdown phase begins."
What does LPSY stand for in Wyckoff distribution?,LPSY stands for Last Point of Supply.
When does the Last Point of Supply occur in the distribution phase?,"It occurs after a Sign of Weakness (SOW), when price attempts a weak rally."
What does a rally during LPSY typically look like?,"It is a feeble rally on narrow price spread, showing the market is struggling to advance."
What causes the market to have difficulty advancing during an LPSY?,"The difficulty is due to weak demand, substantial supply, or a combination of both."
What does the presence of an LPSY indicate about demand?,It indicates that demand is nearly exhausted and unable to support higher prices.
What role do LPSYs play in the Wyckoff distribution process?,LPSYs mark the final stages of large operators distributing shares before the markdown phase begins in earnest.
What is Upthrust After Distribution (UTAD)?,"In Wyckoff distribution, a UTAD (Upthrust After Distribution) is a late-stage event in the trading range (TR) that acts as a definitive test of new demand after price breaks above the TR’s resistance. It is the distributional counterpart to the spring or terminal shakeout found in accumulation phases. Like springs, a UTAD is not always present; it appears in Distribution Schematic #1 but not in Distribution Schematic #2."
What does UTAD stand for in Wyckoff distribution?,UTAD stands for Upthrust After Distribution.
When does a UTAD typically occur during distribution?,It occurs in the later stages of the trading range.
What is the purpose of a UTAD in Wyckoff distribution?,It serves as a definitive test of new demand after a breakout above trading range resistance.
What does a UTAD correspond to in the accumulation phase?,It is the distributional counterpart to a spring or terminal shakeout in accumulation.
Is a UTAD a required event in all distribution structures?,"No, it is not required. Distribution Schematic #1 includes a UTAD, but Schematic #2 does not."
How does a UTAD relate to breakout behavior?,"It occurs after price breaks above the resistance of the trading range, acting as a false breakout to test demand."
What is the role of Phase A in the Wyckoff distribution process?,Phase A marks the end of the prior uptrend and the first significant sign that supply is entering the market.
Which events typically indicate that Phase A of distribution has started?,Preliminary Supply (PSY) and the Buying Climax (BC) are the first signs that supply is entering and Phase A has begun.
What usually follows PSY and BC during Phase A of distribution?,"They are typically followed by an Automatic Reaction (AR) and a Secondary Test (ST), often on reduced volume."
What does the Secondary Test (ST) in Phase A of distribution indicate?,It tests the demand/supply balance near the Buying Climax and often shows diminishing volume and spread.
Can Phase A end without dramatic price and volume action?,"Yes, sometimes the uptrend ends gradually with weakening demand, narrower spreads, and less upward movement on rallies."
What characterizes an uptrend that ends without a Buying Climax in Phase A?,"It ends with demand exhaustion, shown by decreasing volume and spread, and reduced progress on rallies."
How does Phase A of a re-distribution TR differ visually from a normal distribution Phase A?,"It may look more like the start of an accumulation range due to downward climactic action, even though it still functions as distribution."
Can Phases B through E of a re-distribution TR be analyzed like a typical distribution TR?,"Yes, Phases B through E of re-distribution follow the same structure and can be analyzed similarly to a distribution TR at a market top."
What is the main purpose of Phase B in Wyckoff distribution?,Phase B is meant to build a cause in preparation for a new downtrend by allowing large interests to dispose of inventory and exhaust remaining demand.
What activities do institutions typically perform during Phase B of distribution?,They sell off their long positions and begin initiating short positions in anticipation of the upcoming markdown.
How is Phase B of distribution similar to Phase B of accumulation?,"Both phases involve preparation for a major price move, but in distribution, large interests are net sellers, whereas in accumulation they are net buyers."
What is the goal of large professional interests during Phase B of distribution?,Their goal is to sell off shares and exhaust as much of the remaining demand as possible while the trading range evolves.
What does the shift in the supply/demand balance during Phase B of distribution indicate?,"It indicates that supply has become stronger than demand, signaling the market is preparing for a markdown."
What type of event typically occurs in Phase B to confirm supply dominance?,"Signs of Weakness (SOWs) often occur, usually accompanied by increased spread and volume to the downside, confirming supply dominance"
What is the purpose of Phase C in Wyckoff distribution?,"Phase C tests the remaining demand and often attempts to mislead traders into believing an uptrend is beginning, when in fact distribution is ending and markdown is near."
How does Phase C of distribution typically reveal itself?,"It usually appears as an upthrust (UT) or an upthrust after distribution (UTAD), where price temporarily breaks above resistance but quickly reverses and closes back inside the trading range."
What type of trap does a UT or UTAD represent in Phase C of distribution?,"It acts as a bull trap, making it seem like the uptrend will continue, but is actually designed to wrong-foot breakout traders."
Why do large operators engineer UTs or UTADs during Phase C?,"They do it to mislead the public, sell shares at elevated prices to breakout traders, and absorb shares from panicked short-sellers before the markdown."
What might happen to smaller traders during a UTAD in Phase C?,They may be induced to cover their short positions and surrender shares to larger operators who engineered the false breakout.
Why might aggressive traders choose to short after a UT or UTAD?,"Because the risk/reward ratio is favorable, but it's risky since smart money may trigger repeated UTs to stop out traders, making Phase D and LPSY safer shorting opportunities."
What happens if demand is too weak to reach the BC level in Phase C?,"The test of demand may appear as a UT that forms a lower high within the trading range, instead of breaching the previous high."
What does Phase D represent in Wyckoff distribution?,Phase D follows the tests in Phase C and shows the last gasps of demand before price begins its final decline.
What typically happens to price during Phase D of distribution?,"Price travels to or through trading range (TR) support, often breaking below it or falling beneath the midpoint of the TR."
What does price action in Phase D indicate about market control?,It indicates that supply is clearly dominant and demand is no longer able to support the price.
How can supply dominance be confirmed during Phase D?,"Supply dominance is confirmed by a clear break of support or a decline below the mid-point of the TR, especially after a UT or UTAD."
What type of rallies may occur in Phase D and how should traders interpret them?,"Phase D may include multiple weak rallies that represent Last Points of Supply (LPSYs), which are excellent opportunities to enter or add to short positions."
What warning is given to traders still holding long positions in Phase D?,"Remaining in long positions during Phase D is risky and considered a mistake, as supply has taken control and price is set to decline."
What does Phase E represent in Wyckoff distribution?,"Phase E marks the start of the downtrend, where the stock exits the trading range and supply takes full control of the market."
What event signals the beginning of Phase E in distribution?,The breakdown of trading range (TR) support during a major Sign of Weakness (SOW) signals the beginning of Phase E.
How is the breakdown in Phase E often tested?,"The breakdown is often followed by a rally that fails at or near the former support level, confirming the weakness."
What kind of trading opportunity does Phase E offer?,It presents a high-probability opportunity to sell short after the breakdown and failed rally test.
How do rallies typically behave during the markdown in Phase E?,Rallies during the markdown are usually weak and short-lived.
What can traders do once they’ve entered short positions in Phase E?,"They can trail their stop-losses as the price continues to decline, managing risk while riding the downtrend."
What may follow a major down-move in Phase E?,"Climactic action may appear, which could signal the start of either a re-distribution trading range or a new accumulation phase."
What does analysis of supply and demand reveal in Wyckoff methodology?,"It helps assess whether demand or supply is dominant by examining price spread, closing position, and volume. This is crucial for identifying trend reversals and validating Wyckoff phases like Phase E in distribution."
How does Wyckoff’s Effort vs. Result principle apply to Phase E in distribution?,"In Phase E of distribution, high volume (effort) with minimal or failing price rallies (result) signals that supply is overwhelming demand, confirming the markdown is in progress."
What does a wide-spread bar closing at a high on increased volume suggest in Wyckoff analysis?,"It suggests strong demand, especially if the bar closes above previous highs, which may be seen in accumulation—not typically Phase E of distribution."
What does it indicate if volume increases but price does not rise accordingly?,"It shows supply is absorbing demand. In distribution Phase E, this indicates that large interests are offloading shares and price is likely to decline further."
"According to Wyckoff's law of Supply and Demand, what happens when supply exceeds demand?","Price declines until equilibrium is temporarily restored, which is a defining characteristic of Phase E in distribution."
What does a failed rally on high volume in a distribution range typically indicate?,"It suggests significant institutional supply is present, weakening price strength, and confirming the markdown phase, especially relevant to Phase E."
What does Reaction #1 in the AAPL chart illustrate in terms of Effort vs. Result?,"Reaction #1 shows prices falling on wide-spread bars with rising volume, indicating harmony between effort and result. This suggests strong supply is entering the market and confirms the down move"
What does Reaction #2 in the AAPL chart suggest about supply and demand?,"In Reaction #2, price decreases by a similar amount as Reaction #1 but on lower volume and smaller spreads. This indicates reduced supply and suggests a potential short-term rally may follow."
What conclusion can be drawn from Reaction #3 in the AAPL chart?,"In Reaction #3, volume increases but the price does not fall as much as in previous reactions. This suggests that large buyers are absorbing supply, showing bullish strength and a likely continuation of the rally."
What is the purpose of comparative strength analysis in Wyckoff's stock selection process?,"Comparative strength analysis helps identify candidates for long positions by looking for stocks or industries outperforming the market, and for short positions by identifying underperformers. Wyckoff used this method during trends and within trading ranges."
How did Wyckoff conduct comparative strength analysis?,"Wyckoff conducted comparative strength analysis by placing one chart (e.g., of a stock) under another chart (e.g., a market index or sector), and then comparing the strength or weakness of price swings across the charts."
What kind of charts did Wyckoff use in his analysis?,"Wyckoff used bar charts and Point and Figure charts, all done by hand."
How does Wyckoff's method evaluate relative strength using price points?,"The method involves identifying significant highs and lows and comparing the stock’s price action at those points to the comparative index or another stock, to determine whether the stock is stronger or weaker."
Can you give an example of how comparative strength is interpreted in practice using AAPL and $COMPX?,"At point #3, AAPL made a lower high compared to point #1, while $COMPX made a higher high, indicating AAPL was underperforming. Later, at points #5 and #6, AAPL showed relative strength by making higher highs and higher lows, while $COMPX made lower highs and lower lows."
What conclusion did Wyckoff draw from the behavior of AAPL relative to $COMPX in February?,"Wyckoff concluded that AAPL was beginning to outperform the market, making it a candidate for a long position, assuming it met other criteria."
How can modern traders use the Relative Strength Ratio in Wyckoff analysis?,"The Relative Strength Ratio can be used to compare the strength of a stock against a market proxy, helping to reduce inaccuracies caused by different price scales and chart structures."
What is the purpose of Wyckoff’s Nine Buying and Selling Tests?,"The nine buying and selling tests are narrower, specific principles that help guide trade entries by determining when a trading range is closing and a new trend is beginning, either markup or markdown."
How do the nine tests relate to market resistance?,"They define the line of least resistance in the market, aiding in the recognition of when to anticipate price movement direction changes."
Which types of charts are referenced for applying these tests?,"The tests use Point and Figure (P&F) charts, bar charts, or both, depending on the nature of each test."
What does Buying Test #1 check?,"It checks if the downside price objective has been accomplished, using a P&F chart."
What is Buying Test #2 about?,"It identifies preliminary support, selling climax, and secondary test using bar and P&F charts."
What does Buying Test #3 indicate?,"It detects bullish activity when volume increases during rallies and decreases during reactions, observed on a bar chart."
What does Buying Test #4 signify?,"It checks if the downward stride has been broken, meaning a supply line or downtrend line has been penetrated, using a bar or P&F chart."
What does Buying Test #5 identify?,It looks for higher lows on a bar or P&F chart.
What does Buying Test #6 look for?,It checks for higher highs using a bar or P&F chart.
What is Buying Test #7 focused on?,"It analyzes whether the stock is stronger than the market, meaning it's more responsive on rallies and more resistant to market reactions, using a bar chart."
What does Buying Test #8 represent?,It signals base formation or a horizontal price line using bar or P&F charts.
What is Buying Test #9 used for?,"It estimates whether the upside profit potential is at least three times the initial stop-loss risk, using P&F and bar charts."
What is Selling Test #1?,"It checks whether the upside objective has been accomplished, using a P&F chart."
What does Selling Test #2 assess?,"It looks for bearish activity where volume decreases on rallies and increases on reactions, using bar and P&F charts."
What does Selling Test #3 identify?,It confirms preliminary supply and buying climax using bar and P&F charts.
What does Selling Test #4 analyze?,"It determines if the stock is weaker than the market by being more reactive on declines and sluggish on rallies, seen on a bar chart."
What does Selling Test #5 signify?,"It checks if the upward stride has been broken, meaning the support or uptrend line is penetrated, using a bar or P&F chart."
What is Selling Test #6 focused on?,It looks for lower highs on a bar or P&F chart.
What does Selling Test #7 monitor?,It detects lower lows using a bar or P&F chart.
What does Selling Test #8 refer to?,It identifies crown formation or lateral movement in a P&F chart.
What is Selling Test #9 about?,"It estimates whether the downside profit potential is at least three times the risk from the initial stop order, using P&F and bar charts."
What events in the AAPL chart satisfy Test #2 of Wyckoffâ€™s buying tests?,"The Preliminary Support (PS), Selling Climax (SC), Automatic Rally (AR), and Secondary Test (ST) combine to satisfy Test #2."
What does the contraction of volume and rising prices throughout the trading range indicate?,"It indicates a decrease in supply and absorption of supply, allowing prices to rise despite decreasing demand, satisfying Test #3."
How is Test #4 satisfied in the AAPL chart example?,"Test #4 is satisfied by the break of the downward stride and downtrend channel, followed by price consolidation in the trading range."
"What period in 2009 shows higher highs and higher lows in AAPL, and what tests do these satisfy?","Between February and April 2009, AAPL makes higher highs and higher lows, all stronger than the market, satisfying Tests #5, #6, and #7."
What confirms that Test #8 is satisfied in the chart?,"The stock consolidates for six months, forming a base and building a cause sufficient for a substantial future advance."
Which tests require the use of P&F charts according to the note?,Tests #1 and #9 can only be met through the use of Point & Figure (P&F) charts.
What is the purpose of the Wyckoff Point and Figure (P&F) Count Guide?,To help traders calculate the cause built during a trading range to project future price targets.
What charts should be used to identify the trading range and timeframe for a P&F count?,A bar chart and a P&F chart encompassing the same trading range(s) and timeframe.
What is a suitable box size for low-priced stocks on a P&F chart?,The box size could be 0.5 to 1 point.
What is a suitable box size for high-priced stocks on a P&F chart?,A box size of 5 points may be more appropriate.
What box size is appropriate for the Dow Jones Industrial Average?,100 points.
How do you locate the point to start counting on the P&F chart after identifying a sign of strength (SOS)?,Find the last point of support (LPS) on the bar chart and count from the right to the left at the price level of the LPS on the P&F chart.
How should the increments in counts be determined?,"They should be based on Wyckoff events within the TR, using the bar chart to divide the area into phases and count each complete phase."
Can P&F phases be named the same as schematic phases A–E?,"No, P&F phases are not the same and are only added one at a time based on chart evidence."
Where does the LPS often appear in longer-term counts involving multiple P&F phases?,At the original level of preliminary support or the selling climax.
What event may also serve as the LPS from the P&F count perspective?,"A spring, especially when followed by an SOS."
What is a 'stepping-stone count'?,A count taken during a new TR that helps confirm the original count and signals potential trend continuation.
Why is a smaller box size recommended in stepping-stone consolidations?,Because these consolidations are narrower and need finer resolution to measure counts accurately.
"When doing longer-term price target analysis, where should the P&F count be added?",To the exact low of the trading range or the halfway point between the low and the price level of the count line.
How should P&F price targets be interpreted?,"As projected points where a turn could occur, not exact price levels."
What should be used as the count line in three-point or five-point charts?,The same count line should be used as for one-point charts.
What are the three fundamental laws of Wyckoff's methodology?,"The Law of Supply and Demand, the Law of Cause and Effect, and the Law of Effort versus Result."
What does the Law of Cause and Effect help determine in Wyckoff analysis?,It helps determine future price targets based on the horizontal count within a trading range.
What does the chart in the image illustrate?,It illustrates Wyckoff Point and Figure (P&F) counts used to project price objectives.
What is the box size and reversal setting used in the example chart?,100 box size with 3-box reversal.
What does Count #1 in the chart represent?,"A price projection using 23 boxes starting from the 10,500 and 11,300 price levels, with calculated targets of 17,400 to 18,200."
What are the projected price objectives for Count #2?,"From 12,100 to 12,900 base, projecting to 16,600 to 17,400."
What are the calculated minimum and maximum targets for Count #3?,"Minimum: 17,300; Maximum: 17,500."
What is the significance of 'Objective Reached' labels in the chart?,They indicate that the projected price targets based on P&F counts have been achieved.
What event appears before the upward move in the chart?,"A Selling Climax (SC), a Spring, and a Sign of Strength (SOS) occur before the breakout."
What does the stopping and consolidating action in the chart indicate?,"It suggests a pause in the trend, possibly before the formation of a new trading range or trend continuation."
What does Wyckoff's methodology aim to assess using charts?,"It aims to determine market direction, stock readiness to leave a trading range, and project future price targets."
What is the purpose of the Accumulation phase in Wyckoff methodology?,"The Accumulation phase is when large institutions (""Composite Man"") absorb shares from weak hands after a downtrend. It prepares for an upward price movement once supply is exhausted."
Which key events typically occur in the Accumulation phase?,"Key events include Preliminary Support (PS), Selling Climax (SC), Automatic Rally (AR), Secondary Test (ST), Spring or Shakeout, Last Point of Support (LPS), Sign of Strength (SOS), and Back-Up (BU) before moving to markup"
What is the goal of the Distribution phase?,The goal is to transfer stock from strong hands to weak hands after an uptrend. It signals the beginning of a bearish campaign
What are the key signs of Distribution in Wyckoff?,"Preliminary Supply (PSY), Buying Climax (BC), Automatic Reaction (AR), Secondary Test (ST), Upthrust After Distribution (UTAD), Sign of Weakness (SOW), and Last Point of Supply (LPSY) are typical signs."
"What is Reaccumulation, and when does it occur?","Reaccumulation happens during a broader uptrend, where price consolidates temporarily. It's used by institutions to absorb more shares before the next leg higher."
How is Reaccumulation structurally different from initial Accumulation?,"Reaccumulation lacks the dramatic selling climax of Phase A and typically has a shallower range, with Phases B–E resembling those of Accumulation."
Why is identifying Reaccumulation important for traders?,"Recognizing Reaccumulation helps traders hold long positions and avoid selling prematurely, as it signals continuation of the primary uptrend."
What defines the Redistribution phase?,Redistribution is a pause in a downtrend where price consolidates before continuing lower. Institutions sell into temporary rallies to unload more supply.
How do Redistribution and Distribution differ?,"Redistribution occurs within a broader downtrend, often with smaller ranges and weaker rallies, whereas Distribution tops a bullish trend."
What is the significance of the SOW in Redistribution?,The Sign of Weakness in Redistribution confirms that supply remains dominant and that the next leg down is likely to begin soon.
What are the key differences between Accumulation and Distribution?,"Accumulation follows a downtrend and absorbs supply to prepare for markup, while Distribution follows an uptrend and unloads stock to prepare for markdown."
How do Reaccumulation and Redistribution relate to their parent trends?,Reaccumulation supports continuation of an uptrend; Redistribution supports continuation of a downtrend.
How can Wyckoff’s phases help traders identify market turning points?,"By analyzing Phases A–E and associated volume/price behavior, traders can anticipate trend reversals or continuations with greater confidence."
What trade opportunity is presented after a successful secondary test in Phase A?,"A successful secondary test (ST) with decreased volume and narrow spread may indicate that selling pressure has been absorbed, setting up a potential long trade in anticipation of Phase C."
How can a low-volume spring in Phase C act as a trade entry signal?,"A low-volume spring suggests supply has been absorbed, and it is often used as a high-probability entry point for long positions."
What makes the Last Point of Support (LPS) in Phase D a favorable trade entry?,"The LPS occurs after a Sign of Strength (SOS) and signals successful testing of support, making it a good place to initiate or add to long positions."
How does a Sign of Strength (SOS) help confirm bullish market readiness in Wyckoff's framework?,"A SOS is characterized by price advances with wide spreads and increasing volume, confirming demand dominance and often marking Phase D."
At what point during accumulation is a spring most likely to occur?,"A spring typically occurs at the end of Phase B or beginning of Phase C, testing support with a false breakdown and rapid recovery."
Why should traders wait for a successful test after a spring before entering?,"A successful test, often on lower volume, confirms the spring and reduces risk by ensuring supply has been absorbed."
How can an Automatic Rally (AR) help define trade timing within accumulation?,"The AR sets the upper boundary of the trading range, which helps identify the potential markup zone after the TR is resolved."
What role does the Upthrust After Distribution (UTAD) play in trade timing?,"UTAD marks a false breakout above resistance in distribution, offering a potential short entry once the price reverses with weak demand."
What is the significance of a successful test of an Upthrust?,"A successful test of an Upthrust on low volume confirms that demand has failed, and a markdown is likely, supporting a short entry."
How does Preliminary Support (PS) affect trade decisions in Phase A?,PS signals the beginning of institutional interest and may be used as an early sign to monitor for later confirmation of a bottom.
What confirmation should follow a Sign of Weakness (SOW) before initiating a short?,A lower high or a breakdown below support on increasing volume after a SOW can confirm weakness and justify a short trade.
Why is timing a trade during Phase B risky without confirmation?,"Phase B is the cause-building phase with volatile swings, making it premature for commitment without confirmation from Phase C or D."
"What happens to volume during a good SOS, and how does it guide trade timing?","Volume typically increases with price during an SOS, confirming strength and signaling that the markup may have begun."
How can Point-and-Figure (P&F) charts assist in timing exits?,"P&F charts help estimate price targets based on the cause built during accumulation or distribution, guiding exit decisions."
Why is the breakout from Phase D into Phase E often a good confirmation signal?,"The breakout confirms demand dominance, marking the beginning of a markup and offering a relatively safe entry for trend traders."
What distinguishes a terminal shakeout from a regular spring?,"A terminal shakeout is an aggressive final test of supply that sharply reverses and signals imminent markup, ideal for early entries."
When should traders avoid entering trades in Phase B of accumulation?,Traders should avoid entries in Phase B unless they are short-term swing traders; Phase B lacks trend confirmation and is often volatile.
How does narrowing spread and low volume in ST help with timing trades?,"It confirms absorption of supply, suggesting the market is preparing for a markup and making it safer to enter long positions."
What is the danger of entering trades during the Buying Climax (BC)?,BC represents the peak of public participation; entering long positions here risks buying at the top of a distribution.
Why is Phase C considered a crucial phase for trade timing?,"Phase C contains key tests like the spring or UTAD that confirm absorption or failure, marking ideal entry zones."
What makes the Last Point of Supply (LPSY) a good short entry?,"LPSY follows a SOW and represents weak demand on a rally attempt, confirming readiness for markdown."
How can one differentiate between a successful and failed spring?,A successful spring reverses quickly with lower volume on the retest; a failed spring fails to recover and leads to new lows.
When does a SOS typically occur in the accumulation process?,"A SOS generally occurs in Phase D and shows strength through rising price on increasing volume, confirming markup is underway."
What risk management approach should follow entry on an LPS?,"A logical stop-loss can be placed just below the LPS, as a break below may invalidate the markup scenario."
What volume characteristics confirm a terminal shakeout?,Sharp price drop with high volume followed by swift recovery and low-volume test confirm a terminal shakeout.
Why should traders wait for Phase C confirmation before entering long in Phase B?,Phase C confirms whether supply has truly been absorbed; premature entry in Phase B exposes one to false signals.
What is the importance of backing up to LPS (BU/LPS) in trade timing?,It validates prior SOS and offers low-risk entries during Phase D pullbacks on declining volume.
How does Wyckoff suggest identifying trend reversals using effort vs. result?,Divergence between high effort (volume) and low result (price movement) can signal exhaustion and impending reversal.
What marks the completion of accumulation in Wyckoff's phases?,"The completion is marked by consistent SOS and LPSs in Phase D, leading to breakout into Phase E markup."
How can Wyckoff’s “cause and effect” principle refine entry timing?,"The size of the base (cause) helps project the effect (price target), ensuring the trade has sufficient reward potential."
When is it appropriate to exit a long trade initiated on a spring?,Exit can be timed near projected resistance or after a P&F price objective is met or if the price fails to follow through.
What is the role of a failed UTAD in trade timing?,It confirms supply has overwhelmed demand and can signal early entry into a short position.
How does a shakeout differ from a spring in purpose and execution?,"Both test supply, but a shakeout is more aggressive and dramatic; a spring is subtler and often occurs at support."
What signals that Phase D has transitioned into Phase E?,Sustained markup with wide spreads and volume expansion beyond TR boundaries marks the start of Phase E.
When is it safest to enter after a spring?,After a low-volume test of the spring confirms that supply has been absorbed and demand is ready to take over.
What Wyckoff event often precedes a breakdown in distribution?,A Sign of Weakness (SOW) on increased volume often leads to breakdown from distribution.
Why is early entry in Phase A discouraged in Wyckoff trading?,Phase A only halts the prior trend; accumulation or distribution is not yet confirmed.
How can volume help confirm a spring during Phase C?,"Diminished volume on the test following the spring indicates supply has dried up, confirming bullish intent."
When does the market offer best reward/risk in Wyckoff’s model?,After confirmation in Phase C or early Phase D when supply has been absorbed and demand begins to dominate.
What does a series of LPSY events imply?,"It signals continued distribution and failure of rallies, offering repeated opportunities for short entries."
Why are entries during Phase D considered high-probability?,"Demand has been confirmed by SOS, and pullbacks to LPSs offer favorable risk/reward."
When can a shakeout happen in Phase E?,Sometimes shakeouts occur even after breakout in Phase E as a retest or to shake out weak hands.
What signals that supply has returned during a markup?,Wide down-bars on high volume or failed continuation after SOS may suggest supply re-entering.
How does Wyckoff suggest handling reaccumulation zones for entries?,"Wait for signs like minor SOS and LPS within the range to confirm it’s a reaccumulation, not distribution."
What is the implication of high volume during AR in accumulation?,"It confirms reduced selling pressure and institutional buying, helping define the TR’s upper boundary."
What should traders look for in a Phase C spring for validation?,A quick reversal and low-volume test that stays above spring low confirms validity of spring.
What phase is ideal for setting stop-losses tighter?,"Phase D offers confirmation, so stop-losses can be tighter below LPS or recent swing low."
When is Phase B suitable for swing trading entries?,"If well-defined TR boundaries exist and volatility is predictable, short-term traders can exploit swings."
What makes upthrusts high-risk for breakout traders?,"Upthrusts lure traders into buying before reversing, causing losses for those chasing breakouts."
Why is waiting for a BU/LPS better than chasing an SOS?,"BU/LPS offers better reward-to-risk with confirmation, as the markup has already been tested."
How does a buying climax (BC) set the stage for later short trades?,"The BC marks the start of distribution and often precedes signs of weakness or UTAD, making it an early warning for short setups."
Why is the automatic rally (AR) in distribution important for trade setup?,The AR sets the bottom of the distribution range and helps define the risk and confirmation levels for short trades later in Phase C or D.
What signals weakness after a UTAD in Phase C?,"Failure to hold gains, lower highs, and increasing volume on down moves confirm distribution and signal short opportunities."
How is Phase D in distribution used for confirming a short entry?,"LPSY events in Phase D show that rallies are weak and failing, providing confirmation that the markdown phase is imminent."
What is the ideal exit zone for a long trade entered at spring?,Near projected resistance or once volume shows exhaustion during the SOS or BU.
What defines a failed test after a spring?,A failed test fails to hold above the spring low and often breaks below support on rising volume.
How can we distinguish Phase A from Phase C in real-time?,Phase A ends the prior trend; Phase C tests remaining supply/demand and typically includes a spring or UTAD for confirmation.
Why do professional traders wait for Phase C before large entries?,"Phase C includes final testing and confirmation, reducing the risk of entering too early during uncertain phases."
What happens if Phase C shows no spring?,It may still be valid accumulation if the supply has been absorbed earlier; traders then rely on a low-volume test and SOS for entry signals.
How does a SOS differ from an AR in Wyckoff?,"AR is a reaction to SC with less structure; SOS occurs after spring or successful test, showing confirmed strength in Phase D."
When is a pullback in Phase D likely to fail?,"If it occurs on rising volume and wide spreads down, it may indicate that supply has re-entered the market, warning against entry."
Why is a UTAD in Phase C risky for breakout buyers?,"It fakes a breakout to trap late buyers before reversing, leading to losses if not recognized quickly."
What role does decreasing volume play after a spring?,It confirms that sellers are exhausted and the market is ready for markup.
When is a Point-and-Figure count valid for target projection?,After a valid Phase C spring or test confirms accumulation or distribution structure.
Why is a wide-spread up-bar without volume expansion suspicious in Wyckoff?,It may be a false move lacking professional participation; volume confirmation is key.
When does Phase B in distribution show initial warning signs?,"With upthrusts and failed rallies on diminishing demand, indicating distribution is underway."
What price behavior signals absorption is complete in Phase C?,Narrow-range tests on low volume with quick reversals suggest supply is exhausted.
Why do traders use LPS instead of SOS for entries?,LPS allows lower-risk entries after initial confirmation from SOS; it also provides clearer stop placement.
What should be observed after a successful spring?,A rally with increasing spread and volume (SOS) followed by a pullback (LPS) confirms strength and continuation.
How can shakeouts mislead traders during Phase C?,"They appear as breakdowns but reverse quickly, trapping bears and creating long opportunities for professionals."
Why is timing entry during Phase E sometimes suboptimal?,"Phase E confirms trend, but early entry has already passed; risk/reward may be lower unless a new TR forms."
What makes a high-volume AR unreliable for long entries?,"If volume is excessive without follow-through, it may indicate residual supply or lack of commitment."
"How do Wyckoff traders use the concept of ""jump across the creek""?",A sharp price increase over resistance with volume is a bullish sign (SOS) leading to BU/LPS as trade entry.
What distinguishes LPSY from a failed rally?,"LPSY is a lower high with weak demand after Phase C, while failed rallies may occur earlier and be less structurally significant."
When does a failed breakout confirm distribution?,"When an upthrust or UTAD is followed by lower highs and wide-spread down-bars on volume, signaling rejection."
What is the best confirmation of strength before initiating a long trade in Phase D?,A clear SOS followed by a low-volume LPS pullback provides confirmation of demand dominance.
Why is aggressive shorting in Phase B dangerous?,Distribution is not yet confirmed; a rally could still evolve into reaccumulation.
How does decreasing volatility in Phase C aid trade timing?,"Reduced volatility with a successful test often precedes a strong directional move, ideal for positioning."
What is the key difference between a ST and a spring?,"ST tests support near SC levels; spring breaks below support then reverses, acting as a bear trap."
Why does Wyckoff stress volume spread analysis for trade timing?,"It reveals the effort behind moves, helping confirm whether a move is real or a trap."
What should be avoided during early Phase B?,Avoid heavy positions; the range is being developed and lacks confirmation of accumulation or distribution.
Why is observing character change after SC important?,"It signals the end of the downtrend and the beginning of potential accumulation, guiding entry setup later."
What is a sign that a spring has failed?,Break below the spring low on high volume without quick recovery indicates failure and invalidates bullish setup.
How does Wyckoff suggest identifying a good exit for short trades?,Exits are considered near projected P&F targets or when bullish demand (SOS) appears with volume.
When does Wyckoff recommend trailing stops?,"During Phase E markups or markdowns, trailing stops help protect gains while allowing trend participation."
Why is context important in interpreting a spring?,A spring outside of accumulation context may not have significance; surrounding events and phases matter.
What’s the significance of time duration in Phase B?,"Longer Phase B indicates a stronger cause, potentially leading to a more powerful move once resolved."
What if price fails to rally after a spring?,It suggests supply is still present; failure to rally or form SOS may indicate invalid structure.
Why does Wyckoff emphasize multiple tests in Phase C?,"To confirm that supply is truly absorbed, giving confidence to initiate long positions."
What indicates a Phase C in reaccumulation?,A spring or low-volume test near TR lows following prior markup confirms reaccumulation structure.
How does the Composite Man influence trade timing?,"Understanding his actions helps align entries with smart money behavior, especially at spring or LPS."
Why does Wyckoff suggest patience during accumulation?,True confirmation often comes late; premature entries risk drawdowns in Phase B or failed Phase C tests.
When should a trader stand aside in Wyckoff analysis?,"When the market is in Phase A or B without clear SOS or UTAD, indicating uncertainty and lack of edge."
What characterizes a UTAD in Phase C?,"A false breakout above resistance with low volume and failure to hold gains, signaling distribution."
What’s the function of BU/LPS after SOS?,It validates the breakout and offers a chance to enter or add to long trades before Phase E markup.
How do P&F counts guide trade timing in distribution?,"They help estimate markdown targets after LPSY or SOW, aiding in short trade planning."
What invalidates a spring entry?,"Failure to produce an SOS or LPS afterward, or reversal back below support with volume."
How can a trader confirm a breakout is genuine in Phase E?,"Look for wide spread, high volume, and follow-through with minimal retracement."
What makes LPSY a high-probability short entry?,"It follows a failed rally after SOW, showing absence of demand and readiness for markdown."
Why is it helpful to align trade entries with major index turns?,Market-wide strength or weakness increases trade success probability; timing improves with broader confirmation.
How would you describe PS in Wyckoff terms?,"PS is the first signal that demand is entering during a downtrend, usually seen through rising volume and wide spreads."
What marks the start of demand appearing in a downtrend?,"Preliminary Support (PS), often identified by heavier volume and broader price bars."
What does the emergence of PS suggest in a declining market?,It points to weakening downward pressure and a potential shift toward accumulation.
How can PS affect the outlook during a selloff?,It hints that the worst of the decline may be over as buyers begin absorbing supply.
Which price and volume clues help identify PS?,Look for an expansion in spread and increased volume as early demand enters.
What signals often accompany Preliminary Support?,Higher volume and wider price bars typically signal that PS is forming.
What typically happens to volume when PS occurs?,Volume tends to spike as institutional buying absorbs selling pressure.
How does volume behave during Preliminary Support?,There is usually a noticeable increase as demand begins to challenge supply.
Why is PS significant in forecasting trend reversals?,It can act as an early indication that large buyers are stepping in to halt the decline.
How does Preliminary Support help in market analysis?,It signals potential bottoming behavior as demand starts to reappear.
What does SC mean in the Wyckoff method?,"SC, or Selling Climax, is the event where panic selling peaks and smart money steps in."
How is a Selling Climax (SC) defined?,It’s the emotional low in a downtrend where public selling is absorbed by stronger hands.
How would you define SC in technical trading?,"SC stands for Selling Climax, the point where downward pressure reaches an extreme."
What does the abbreviation SC refer to in price action analysis?,It means Selling Climax — a sharp decline often ending in a market bottom.
What tends to happen to volatility and selling intensity during SC?,"Both reach extreme levels, producing high spreads and fear-driven exits."
What does a typical SC look like in price behavior?,"It shows very wide spreads and extreme selling pressure, often with high volume."
Who usually dumps shares during a Selling Climax?,Retail or public participants tend to panic and exit positions aggressively.
What causes the sharp drop during SC?,Heavy public selling out of fear and capitulation.
Who steps in to absorb supply during SC?,Large institutions or smart money typically absorb the selling pressure.
Who is the counterparty to the panic sellers in an SC?,Professional buyers accumulate during the climax event.
At what point in a trend does SC usually appear?,SC tends to form at or near the bottom of a prolonged downtrend.
Where does SC usually show up in the market cycle?,"Near the end of a markdown phase, typically forming a potential bottom."
What does a strong recovery after an SC low imply?,It suggests professionals are accumulating and price may be reversing.
What does it mean if price closes well above the intraday low during SC?,It’s a sign of institutional buying stepping in aggressively.
What does the Automatic Rally (AR) represent in Wyckoff theory?,"AR is the quick bounce that follows an SC, fueled by short covering and easing supply."
How does AR typically behave after a Selling Climax?,It’s a sharp upward move caused by buyers and short sellers exiting positions.
What is AR short for in the Wyckoff framework?,AR stands for Automatic Rally — the rebound that helps form the upper TR boundary.
What does AR denote in accumulation phases?,"Automatic Rally, the move upward after SC that defines resistance."
Why does price often rally after an SC?,"Selling dries up, allowing demand and short covering to lift prices."
What sets off an Automatic Rally?,The sharp drop in supply opens the door for price to rise quickly.
"Besides demand, what else fuels the AR?",Short covering accelerates the upward move.
What additional factor pushes price up during AR?,Traders closing short positions contribute to the rally momentum.
What’s the purpose of Wyckoff’s market cycle model?,"It outlines how smart money moves markets through four stages: accumulation, markup, distribution, and markdown."
Why study the Wyckoff market cycle?,To understand how large players manipulate price across accumulation and distribution phases.
What does the AR high establish in the trading range?,It sets the resistance zone within the developing TR.
What structural point does the Automatic Rally help define?,The AR helps mark the top of the accumulation range.
How is a Secondary Test (ST) used in accumulation analysis?,ST retests the SC zone to confirm whether supply has been exhausted.
What is the goal of an ST following an SC?,To check if selling pressure has truly diminished.
What does ST stand for in Wyckoff methodology?,ST means Secondary Test — a key event after SC to assess supply and demand.
What does the term ST indicate on a Wyckoff chart?,"Secondary Test, typically a revisit to the SC zone."
Why is a Secondary Test important in confirming accumulation?,It confirms the SC low is holding and supply is limited.
Why do Wyckoff traders look for STs?,To validate that a bottom is forming and sellers are no longer dominant.
What area does the price revisit during an ST?,It returns to the SC region to probe for remaining supply.
Where does price typically move during a Secondary Test?,Back toward the low of the SC to test support.
What change in volume and spread validates an ST?,"Both should shrink significantly, showing lack of aggressive sellers."
What confirms a successful Secondary Test?,Low volume and narrow spread near SC levels indicate reduced selling pressure.
What should volume and spread look like during an ST near support?,"Both should contract, showing lower volume and narrower range as price nears support."
How should price act during an ST when testing SC support?,"It should display tight spread and reduced volume, indicating a lack of supply."
Is it typical to see several STs after the SC?,"Yes, it’s common to observe multiple STs as price retests the SC area."
Can more than one ST occur after a Selling Climax?,"Yes, multiple Secondary Tests often follow the SC to confirm support."
How is a Test used in Wyckoff methodology?,"A Test helps determine if supply remains, often done after springs or within a TR."
What is a Test in Wyckoff trading terms?,An evaluation by professionals to check for remaining supply before markup.
Why do traders use Tests in accumulation?,To ensure supply has dried up before initiating a markup.
What’s the function of a Test in Wyckoff strategy?,It reveals whether the market is ready for a sustained upward move.
Who performs Tests to check for supply?,Professional interests or Composite Man typically initiate Tests.
Which market participants carry out Tests?,Large operators run Tests to verify that selling pressure is gone.
At which points in a TR are Tests likely?,They usually appear after springs or key lows during accumulation.
When do Tests frequently take place in Wyckoff structures?,"Tests occur after SCs, springs, or major lows to validate readiness for markup."
What does high volume during a test imply?,It signals remaining supply and a market not ready to rally.
What does it mean if supply is still present during a Test?,The market may fail to advance as sellers are not fully exhausted.
What typically follows a spring in Wyckoff?,One or more Tests often follow a spring to confirm strength.
Why do springs often lead to follow-up Tests?,To check if supply has been fully absorbed before markup continues.
What signals that a Test was successful?,A higher low with decreased volume suggests selling pressure has faded.
What does a good Test look like after a spring?,"It should show a higher low on low volume, signaling absorption is complete."
How do you identify a Sign of Strength (SOS)?,"It’s marked by a price rise on wider spread and increasing volume, confirming demand."
What defines a Sign of Strength in accumulation?,"An upward move with broad price spread and strong volume, often after a spring."
What is meant by SOS in Wyckoff terms?,SOS stands for Sign of Strength — an upward move confirming demand.
What does SOS represent in price behavior?,"Sign of Strength, indicating increased buying activity and control by bulls."
How does price behave during an SOS?,It rallies with increasing spread and strength.
What happens to price during a Sign of Strength?,"The price climbs sharply, often on strong momentum."
What happens to spread during SOS?,"It widens, showing forceful demand behind the advance."
How does spread act during a Sign of Strength?,"It expands, signaling buyers are aggressively pushing price."
How is volume expected to behave during SOS?,It rises noticeably to confirm strong demand behind the move.
What happens to volume in a Sign of Strength?,"It increases, reinforcing the strength of the bullish move."
What does an SOS reveal about market participants?,It suggests strong institutional demand is present.
What does SOS tell us about market sentiment?,That buyers are in control and supply is largely absorbed.
At what stage does SOS usually appear?,"Following a spring or test, it signals the market is ready for markup."
When do we typically see a Sign of Strength?,"Often after a spring, as confirmation of bullish intent."
How does SOS support Wyckoff analysis?,It confirms that the spring or test was valid and demand is dominant.
What does SOS help validate in Wyckoff?,"The bullish interpretation of the spring, confirming a potential uptrend."
How is the Last Point of Support (LPS) defined?,"The low of a pullback following an SOS, often marking a test of new support."
What is an LPS in Wyckoff accumulation?,"A reaction low after an SOS, confirming strength near prior resistance."
What does LPS mean in Wyckoff terms?,LPS stands for Last Point of Support — the reaction low after SOS.
What does the acronym LPS indicate in Wyckoff?,LPS refers to the point where price retests support after a Sign of Strength.
When does price form an LPS?,"After a Sign of Strength, during a pullback with low volume."
At what point in the structure does LPS appear?,"After SOS, during a shallow reaction that tests support."
What does “backing up to an LPS” imply?,It means a controlled pullback to test support after a breakout.
What does a backup to LPS mean in Wyckoff terms?,A retracement to prior resistance that is now acting as support.
How does spread behave during a pullback to LPS?,"It narrows, reflecting reduced urgency among sellers."
What happens to price range during a move to LPS?,"The spread tightens, indicating calm and low supply."
What’s typical of volume during the LPS?,Volume usually declines as selling pressure fades.
How does volume behave when price pulls back to LPS?,"It tends to be low, showing supply is no longer a threat."
Can you see multiple LPS points on a chart?,"Yes, more than one LPS can occur as the trend develops."
Is it possible to have several LPS levels?,"Yes, charts often show more than one LPS during reaccumulation."
Why is LPS important for confirming strength?,It verifies that prior resistance is now acting as support.
What role does LPS play in structure validation?,It confirms the uptrend is intact and support has held.
What does a Back-Up signify in Wyckoff terms?,"A BU is a pullback after a Sign of Strength (SOS), serving as a test of former resistance and a pause before markup."
How is a Back-Up interpreted in Wyckoff methodology?,"It’s a temporary reaction following an SOS, testing for remaining supply before continuation."
What does BU represent in a Wyckoff chart?,BU stands for Back-Up — a reaction or consolidation after SOS.
What does the term BU stand for in price structure?,It refers to a Back-Up that occurs after a Sign of Strength.
Who coined the Wyckoff metaphor of Back-Up?,Robert Evans introduced the BU and “jump across the creek” analogy.
Who introduced the BU and creek jump analogy in Wyckoff?,Wyckoff educator Robert Evans during the mid-1900s.
What is meant by “jumping the creek” in Wyckoff terms?,It refers to an SOS — the breakout over resistance.
What Wyckoff concept is described as “jumping the creek”?,"It’s the Sign of Strength, where price crosses above resistance."
What is “backing up to the creek” in Wyckoff?,It’s a BU — a pullback to test old resistance as new support.
How is “backing up to the creek” interpreted in accumulation?,It’s a test of prior resistance post-SOS to assess supply levels.
Why does a Back-Up occur after SOS?,To check for remaining sellers near the breakout zone.
What purpose does a BU serve after SOS?,It validates the breakout by testing for residual supply.
What forms can a BU take on a chart?,It may appear as a brief pullback or a higher-level TR.
How might a Back-Up look visually on price charts?,Either as a short pullback or a new mini-range above resistance.
What follows a successful Back-Up in Wyckoff accumulation?,A markup phase if no significant supply is found.
What can develop after a BU confirms support?,The price often resumes upward in a stronger markup.
How is a Spring defined in Wyckoff?,A spring is a false breakdown below TR support that reverses back into range.
What’s a Spring in accumulation?,It’s a quick dip below the TR low that traps sellers and reverses upward.
What is a Shakeout in price action terms?,"A deeper, more emotional version of a spring used to trigger panic selling."
What does a shakeout do in Wyckoff structures?,"It forces weak holders to sell, enabling accumulation by large interests."
Where within a TR do springs typically form?,"Near the end of the range, before price breaks out."
When does a Spring usually occur in the Wyckoff model?,"Late in the accumulation phase, just before the markup."
How does a spring behave relative to the TR?,"Price briefly dips under TR support, then quickly returns."
What happens to price during a Wyckoff spring?,"It breaks below TR support, then reverses inside the range."
Why do large interests use Springs?,To absorb supply at low prices and fake out retail traders.
What’s the goal behind professional use of springs?,To mislead the public and accumulate cheaply before markup.
What’s the function of a spring in Wyckoff logic?,It confirms low supply and prepares for price markup.
Why is a spring valuable in Wyckoff analysis?,It allows institutions to test supply and position early.
What is a terminal shakeout?,A spring-like move occurring at the end of accumulation to trap sellers.
What is meant by “terminal shakeout” in trading ranges?,A final panic drop used to remove weak hands before price rises.
Can shakeouts occur after price starts rising?,"Yes, even during early markup phases shakeouts may appear."
Are shakeouts limited to trading ranges?,"No, they can also take place after initial upward movement begins."
Why do shakeouts happen during markups?,To trap breakout buyers and let smart money buy at lower levels.
What’s the aim of a shakeout in early uptrends?,To force out late long entries and hand cheap shares to institutions.
Are Springs or Shakeouts required in all accumulation patterns?,"No, they appear in some but not all Wyckoff schematics."
Are Springs necessary in every TR?,"No, some accumulation phases proceed without them."
Which events form the Wyckoff accumulation structure?,"PS, SC, AR, ST, Spring, Test, LPS, BU, SOS define the progression."
What key steps make up accumulation in Wyckoff?,"It includes PS, SC, AR, ST, Spring/Test, LPS, and SOS/BUs."
How is the TR defined in Wyckoff accumulation?,By horizontal lines drawn at SC (support) and AR (resistance).
What forms the boundaries of a TR in Wyckoff terms?,Support at SC and resistance near the AR level.
Where is the support line drawn in accumulation?,At or near the SC to mark the lower boundary of the TR.
How is TR support established in Wyckoff phases?,It’s based on the SC low that halts the downtrend.
Where is resistance drawn in the Wyckoff TR?,Near the AR high to define the top of the range.
How is the upper limit of a TR set in Wyckoff terms?,By using the peak of the Automatic Rally.
How do support and resistance define a TR?,They outline the price bounds within which accumulation plays out.
Why are TR boundaries important in Wyckoff?,They help spot accumulation zones and test/markup points.
What is the goal of Phase A in Wyckoff accumulation?,To stop the downtrend and begin weakening supply.
What happens in Phase A of accumulation?,The prior downtrend ends and selling pressure starts to ease.
Which events appear in Phase A?,"PS, SC, AR, and ST are typical of Phase A."
What Wyckoff events are expected in early accumulation?,"Phase A often includes PS, SC, AR, and initial STs."
What do PS and SC signal in Phase A of accumulation?,They show weakening supply and the transfer of shares from retail to professional hands.
How do PS and SC help define early accumulation?,They mark the point where supply fades and institutions start absorbing shares.
What typically follows SC in Phase A?,An AR often follows as selling pressure eases and short-covering begins.
What comes after a Selling Climax in Phase A?,"An Automatic Rally (AR) usually occurs, driven by reduced selling and institutional buying."
What are signs of a valid ST in Phase A?,"Lower volume, a narrower spread, and a stop at or above the SC level."
How does a successful ST appear during Phase A?,"It reflects reduced supply with diminished volume and spread, usually above the SC."
How do AR and ST confirm Phase A?,AR reflects buying strength; ST shows supply is drying up through lower volume and spread.
Why are AR and ST key to identifying Phase A?,They reveal the shift from supply dominance to early demand.
How is the TR defined in Phase A?,SC/low and ST lows mark support; AR high sets resistance in the TR.
What sets the trading range boundaries in Phase A?,"The SC and ST lows define the bottom, and the AR peak defines the top of the TR."
What does a proper ST suggest during Phase A?,"That selling pressure is receding, supporting the SC level."
How does a successful ST validate accumulation?,It confirms that supply is weakening with less push down in price and volume.
What if ST dips under the SC low in Phase A?,It may suggest weak demand or potential for deeper consolidation.
What does it mean if ST breaks below SC?,"It indicates supply may still be present, delaying the markup phase."
Is every Phase A required to show all events?,"No, PS, SC, AR, and ST aren’t always present, but they offer clearer accumulation signals."
"Must every Phase A show PS, SC, AR, and ST?","Not necessarily, though their presence helps confirm accumulation is underway."
How does re-accumulation Phase A differ?,"It may lack visible SC or ST, sometimes resembling distribution in structure."
What makes Phase A of re-accumulation unique?,"It often omits clear PS or SC, unlike primary accumulation."
"Why are PS, SC, AR, and ST useful to analysts?",They create recognizable structure and reveal accumulation by professionals.
How do early accumulation events aid analysis?,"They highlight smart money activity, helping identify trend shifts early."
What role does Phase B serve in accumulation?,It’s the phase where smart money builds a cause for future markup by accumulating shares.
Why is Phase B crucial in Wyckoff theory?,"It’s when institutions gather inventory at low prices, creating the foundation for markup."
How is Wyckoff’s Cause and Effect seen in Phase B?,The “cause” (accumulation) built here leads to the future “effect” (markup).
How does Law #2 apply to Phase B?,Accumulation in Phase B forms the cause that results in future price increase.
Who dominates Phase B of accumulation?,Institutional players who accumulate slowly at low prices.
Which participants are active in Phase B?,Large professional interests accumulating shares gradually.
How long can Phase B take?,"It may last months to over a year, depending on how long accumulation continues."
What’s the duration of Phase B in some cases?,"It can be lengthy, giving institutions time to absorb supply."
How does price behave in Phase B?,Expect large swings within the TR as accumulation progresses.
What kind of movement defines Phase B?,Volatile back-and-forth action caused by buying and selling from large interests.
What typically occurs within Phase B?,STs and false breakouts as large players test supply and accumulate.
Which events show up in Phase B?,Secondary Tests and upthrusts are common as part of institutional testing.
How does volume evolve in Phase B?,Starts high and gradually decreases as supply is absorbed.
What’s the volume trend in Phase B?,"High initially, but downswings get quieter as accumulation continues."
When does Phase B shift to Phase C?,When downswings show lower volume and supply appears depleted.
How do you know Phase C is near?,When selling pressure fades and tests show minimal supply left.
What is the purpose of Phase C?,To test remaining supply and confirm readiness for a markup.
What does Phase C aim to do?,It verifies if sellers are gone through tests like springs or shakeouts.
What defines Phase C in accumulation?,A spring or shakeout that dips below support then quickly reverses upward.
What key action marks Phase C?,Often a spring — a brief drop below support acting as a test.
Why is a spring seen as a bear trap?,"It fakes a breakdown, pulling in short sellers before reversing higher."
How does a spring trick traders?,"By breaking support briefly before rebounding, trapping late sellers."
What’s the trade signal in Phase C?,A spring or shakeout followed by a successful test offers entry opportunity.
What Phase C event offers a buying setup?,A confirmed spring provides a good chance to start a long position.
What does a low-volume test after a spring suggest?,"Supply is gone and markup is likely, favoring long entries."
What does quiet volume after a spring indicate?,"Selling is likely exhausted, signaling a good buy point."
How does SOS confirm Phase C?,"It shows price strength after a spring, validating accumulation is ending."
What does SOS reveal following a spring?,That buyers are in control and price is ready to rally.
Can Phase C happen without a spring?,"Yes, especially in Accumulation Schematic #2, where tests may be subtler."
Does Phase C always show a spring?,"No, it may lack a clear spring but still transition to markup."
What does Phase D in accumulation signify?,It signals demand is now stronger than supply and the market is preparing for markup.
How is Phase D interpreted in Wyckoff accumulation?,"It shows that demand dominates, and the market is likely exiting the TR toward higher prices."
What are typical price and volume clues in Phase D?,SOSs rise with wide spreads and volume; LPSs pull back quietly on low volume.
How do volume and spread behave in Phase D?,Upmoves show rising volume and wide spreads; pullbacks like LPSs are quieter.
How do SOSs act in Phase D?,"SOSs advance strongly with wider spreads and increased volume, confirming strong demand."
What defines an SOS during Phase D?,A sharp price rise with broad spread and growing volume — clear signs of strength.
What’s the role of LPSs during Phase D?,LPSs occur on lighter volume and small pullbacks — great spots to go long.
Why are LPSs important in Phase D?,They offer low-risk entries after strong price moves and confirm demand control.
What direction does price take in Phase D?,It moves up to test or break out of the top of the TR as buyers take charge.
Where does price often head during Phase D?,"Toward or past the TR top, signaling progression toward markup."
Why do LPSs offer good entry signals in Phase D?,"Because they occur on reduced volume after strong upmoves, confirming support."
What makes LPSs attractive for long positions?,They reflect healthy pullbacks with low supply after strong SOS activity.
What defines Phase E in Wyckoff accumulation?,"The TR is left behind, and markup becomes clear as demand takes full control."
What happens to price in Phase E?,It breaks out of the TR and enters an uptrend where demand leads the move.
Can setbacks occur in Phase E?,"Yes, but pullbacks are typically brief and don’t disrupt the broader uptrend."
Are dips possible in Phase E?,"Minor shakeouts or corrections may happen, but the bullish trend remains intact."
What type of TRs form during Phase E?,Re-accumulation ranges or “stepping stones” may develop as price climbs.
Do ranges exist in Phase E?,"Yes, higher TRs form due to profit-taking or share reloading by institutions."
What is re-accumulation in Phase E?,It’s when large interests buy again at higher prices to support the markup.
How does re-accumulation work during Phase E?,"Institutions acquire more shares in pauses, helping sustain the uptrend."
Why is markup easy to see in Phase E?,Because the price moves clearly higher beyond prior resistance.
What makes Phase E’s trend obvious?,The breakout and sustained rise confirm the markup to all market participants.
What does PSY mean in distribution?,It’s the initial sign that supply is increasing as volume expands in an uptrend.
What is Preliminary Supply (PSY)?,"The point where institutions begin heavy selling, usually after a strong rally."
When does PSY usually appear?,"Right after a sharp uptrend, before the distribution structure fully forms."
What’s the timing of Preliminary Supply?,It typically occurs as an uptrend begins to weaken.
Who’s active during PSY?,Large operators offload positions into rising prices.
Who initiates Preliminary Supply activity?,Institutional players start selling into strength.
What happens to volume in PSY?,It rises sharply as big sellers begin distributing.
How does PSY affect volume?,Volume expands due to professional selling pressure.
What does spread look like during PSY?,It widens as volatility increases and selling starts to surface.
How does price behave in PSY?,The spread expands as institutional selling begins.
What warning does PSY give traders?,That the trend may be nearing exhaustion and distribution is starting.
What does PSY suggest about trend direction?,That the current uptrend may soon reverse.
What is a Buying Climax (BC)?,A sharp surge in volume and spread as retail buyers rush in and pros sell out.
How is a BC defined in Wyckoff?,A peak in buying activity as public demand is absorbed by smart money.
What does BC mean in Wyckoff terms?,It stands for Buying Climax — a key event near the end of an uptrend.
What does the BC acronym represent?,It refers to the Buying Climax that caps the uptrend.
What happens to volume/spread in a BC?,Both spike dramatically as the final buying wave hits.
What changes during a BC event?,There’s a surge in both price movement and trading volume.
Who buys during a BC?,"The public, often triggered by excitement or news."
Who drives buying during the climax?,Retail traders rush in near the top of the move.
Who sells into BC buying pressure?,Smart money uses the buying frenzy to unload shares.
Who’s offloading shares in a BC?,Large professionals distribute to public buyers at peak enthusiasm.
What triggers BC-type behavior?,Positive news events like strong earnings encourage public buying.
What type of news aligns with BCs?,Earnings beats or bullish headlines can trigger emotional buying.
Why does bullish news often appear during a Buying Climax (BC)?,It helps attract public buyers so professionals can sell at elevated prices without causing a drop.
Why do professionals prefer good news during a BC?,"It boosts public demand, allowing them to exit positions into strength."
What is an Automatic Reaction (AR) in distribution?,It’s a sharp decline after a BC when demand fades but supply remains heavy.
How is AR defined in Wyckoff distribution?,"A price drop following the Buying Climax, signaling early distribution as supply persists."
What does AR stand for in Wyckoff distribution?,AR means Automatic Reaction — a post-BC decline driven by supply.
What’s the meaning of AR during distribution?,"It represents an Automatic Reaction after a BC, indicating weakening demand."
When does AR occur in a distribution pattern?,"Just after a BC, when buying pressure collapses and selling dominates."
What triggers the AR following a BC?,Demand dries up while large-scale supply continues to hit the market.
Why does price fall during the AR?,Because strong selling continues even though buying interest has faded.
What causes the drop in AR?,Ongoing supply with fading demand pushes price down.
What does the AR low define in distribution?,It sets the support level or lower boundary of the TR.
How is the bottom of AR used in analysis?,It marks the lower edge of the trading range during early distribution.
Which phase does AR fall under in distribution?,"It belongs to early distribution, just after the Buying Climax."
Where does the AR fit in Wyckoff’s distribution cycle?,It’s part of the initial structure following a BC.
How does AR differ in accumulation vs distribution?,"In accumulation, AR is an upward move; in distribution, AR is a downward reaction after buying peaks."
What’s the distinction between AR in accumulation vs distribution?,"AR means rally post-SC in accumulation; in distribution, it’s a decline after a BC."
What is an ST in Wyckoff distribution?,A Secondary Test revisiting the BC area to reassess the supply-demand balance.
What’s the ST role during distribution?,It’s a price retest near the BC to evaluate if supply outweighs demand.
What does ST mean in Wyckoff distribution?,ST stands for Secondary Test — a retest of the BC resistance zone.
What does ST stand for post-BC?,Secondary Test — a tool to determine whether supply dominates.
Why perform a Secondary Test during distribution?,To confirm whether sellers are stronger than buyers near resistance.
What’s the goal of an ST in distribution?,It verifies that supply is now greater than demand.
How is a top confirmed during an ST in distribution?,"When price stalls near BC on lower volume and smaller spread, showing supply dominance."
What signals a valid ST top during distribution?,Weak momentum and decreased volume as price nears BC resistance.
What’s an Upthrust (UT) during an ST?,"It’s when price briefly pierces BC resistance, then closes back below — a failed breakout."
What defines a UT in Wyckoff distribution?,A short-lived breakout above BC followed by a quick reversal back under resistance.
What usually follows an Upthrust in distribution?,Price tends to test the lower range boundary after reversing.
What happens after a UT occurs?,A retest of the TR’s lower edge often follows the failed breakout.
How does an ST differ in accumulation vs distribution?,Distribution ST checks for dominant supply at resistance; accumulation ST checks for lack of supply at support.
What makes ST behavior different across phases?,Accumulation ST tests demand at support; distribution ST tests supply at resistance.
What is a Sign of Weakness (SOW) in Wyckoff distribution?,A price breakdown to or below the TR low with expanding spread and volume — confirming supply control.
How is a SOW identified?,A strong downward move with high volume that signals increased selling pressure.
What does SOW stand for in Wyckoff terms?,SOW is Sign of Weakness — a key move lower during distribution.
What’s the meaning of SOW in a distribution context?,It’s a breakdown event showing sellers now dominate the market.
Where does price usually go during a SOW?,Toward or below the lower edge of the distribution TR.
What price level does SOW target?,Typically the lower support of the range or slightly beneath it.
What volume/spread pattern marks a SOW?,Rising volume and wide spread as price drops show aggressive selling.
How does spread behave during a SOW?,"It widens with increased volume, confirming distribution pressure."
What do the AR and early SOW together reveal?,That the market is shifting toward supply dominance and weakness.
What does AR + SOW signal?,They mark a character change where sellers begin to control price.
What insight does a SOW provide?,That the trend is weakening and distribution is advancing.
What does a SOW confirm about market tone?,"That supply has overtaken demand, driving the next phase down."
What is a Last Point of Supply (LPSY)?,"A weak rally after a SOW that occurs on light volume and narrow spread, showing buyers are exhausted."
What defines an LPSY in Wyckoff?,"A failed price bounce after SOW, signaling the last rally attempt before markdown."
What does LPSY stand for?,It means Last Point of Supply — the final rally before significant decline.
What is the meaning of LPSY in distribution?,It’s a post-SOW price bounce showing minimal demand and persistent supply.
When does LPSY typically appear?,"After a SOW, when price makes a feeble upward attempt before markdown."
What’s the timing of an LPSY in the cycle?,"Right after a SOW, usually marking the final exit point before breakdown."
What does price action look like during LPSY?,A small rally on thin volume and tight spread — showing market weakness.
How is an LPSY rally identified?,"It’s sluggish, lacks demand, and hints at upcoming markdown."
How does price action appear during an LPSY rally?,"It’s a weak upward move on light volume and narrow spread, signaling fading demand."
What does a rally during LPSY indicate?,"It’s a sluggish advance with limited strength, showing buyers lack conviction."
Why does the market struggle during an LPSY?,Because demand is weak and supply remains strong.
What causes weakness in price during an LPSY?,Heavy supply and weak demand limit the market’s ability to rise.
What does an LPSY reveal about demand strength?,It shows that demand is nearly depleted.
How does LPSY reflect market demand?,It indicates demand exhaustion as prices fail to rise meaningfully.
What do LPSYs suggest about the end of distribution?,They signal that professionals are completing distribution before markdown.
Why are LPSYs important in Wyckoff distribution?,They confirm the final distribution efforts before the downtrend begins.
What is an UTAD in Wyckoff terms?,An Upthrust After Distribution is a false breakout above TR resistance used to test demand.
Define UTAD in the context of Wyckoff distribution.,"It’s a late-stage trap where price exceeds the range high then fails, revealing weak demand."
What phase of distribution includes a UTAD?,A UTAD typically occurs near the end of the TR in Phase C or D.
When does UTAD usually appear?,"In the later stages of distribution, as a deceptive breakout above resistance."
What is the purpose of a UTAD?,To check for remaining demand and mislead traders before markdown.
Why is UTAD used in Wyckoff distribution?,To test buying interest at highs and absorb remaining demand.
What event in accumulation is similar to UTAD?,UTAD is the counterpart of a Spring seen in accumulation.
What’s the accumulation analog of a UTAD?,It mirrors a Spring — both are false breakouts used to test market conditions.
Is UTAD found in all distribution schematics?,"No, it appears in Distribution Schematic #1 but is absent in #2."
Do all distribution patterns include a UTAD?,No — it’s schematic-dependent and not always necessary.
How does a UTAD relate to TR resistance?,It pushes price above resistance briefly before reversing below.
What does price do during a UTAD?,"It overshoots the range top, then fails — revealing demand weakness."
What is Phase A’s function in Wyckoff distribution?,It marks the end of the prior uptrend and the start of supply entering the market.
What happens during Phase A of distribution?,It signals uptrend exhaustion and growing supply pressure.
What events mark Phase A of distribution?,Preliminary Supply (PSY) and the Buying Climax (BC) begin Phase A.
Which signals start Phase A in Wyckoff distribution?,PSY and BC indicate that supply is starting to overcome demand.
What typically follows PSY and BC in Phase A?,"An AR and ST often occur, confirming the formation of a TR."
What sequence continues after PSY and BC?,"The market usually reacts downward (AR), then tests near BC (ST)."
What does the ST in Phase A show?,That demand is fading as volume and spread decline on the retest.
What’s the purpose of an ST in early distribution?,It evaluates remaining buying strength after the BC.
Can Phase A end without a BC?,Yes — it can conclude gradually as demand weakens without a sharp climax.
Is a Buying Climax always needed in Phase A?,"No, sometimes distribution begins with softer signs like narrowing spreads."
How can a redistribution Phase A appear?,It may resemble accumulation due to climactic price drops.
Why does re-distribution sometimes mimic accumulation visually?,Because prior markdowns can create similar low-volume reactions and rallies.
Can Phases B to E be the same in re-distribution and distribution?,"Yes, re-distribution follows the same schematic structure post-Phase A."
Is re-distribution analyzed like top distribution?,"Yes, except Phase A may differ; the rest is structurally similar."
What’s the main role of Phase B in distribution?,To build cause for markdown and allow large interests to sell inventory.
Why is Phase B critical in Wyckoff distribution?,It prepares for decline by exhausting demand while large players sell.
What do institutions do in Phase B?,They unload long positions and start shorting into strength.
How do large operators act in Phase B?,They sell into demand and lay the groundwork for markdown.
How is Phase B in distribution like accumulation?,"Both prepare for a major price move — down in distribution, up in accumulation."
What makes Phase B structurally similar in both cycles?,It’s the “cause building” phase; only direction and intent differ.
What’s the aim of professionals in distribution Phase B?,To distribute stock and reduce public demand gradually.
What do large players want in Phase B?,To offload inventory while masking intentions within the range.
What shift is seen in Phase B of distribution?,"Supply overtakes demand, foreshadowing a markdown."
What balance change occurs during Phase B?,"Supply begins to dominate, weakening rally attempts."
What event confirms supply control in Phase B?,SOWs with rising volume and wider spreads signal supply strength.
What signals dominance of sellers in Phase B?,The appearance of SOWs shows supply is clearly in control.
What does Phase C aim to accomplish in distribution?,It tests whether any demand remains before markdown begins.
What is the strategy behind Phase C in distribution?,To trick the public into buying before supply overwhelms the market.
How is Phase C of distribution typically identified on a chart?,It often shows as a UT or UTAD — a fake breakout above resistance that quickly reverses inside the TR.
What’s a common sign of Phase C starting in distribution?,"A UTAD may occur — a false push above the range top that swiftly fails, revealing weak demand."
What kind of trap is created by UTs and UTADs in distribution?,They form bull traps — luring buyers before reversing into decline.
Why are UTADs considered traps during Phase C?,"They give a false signal of breakout continuation, catching traders on the wrong side."
What’s the goal of professionals using UTADs in Phase C?,To trigger public buying and absorb shares at high prices before markdown.
Why do large interests initiate a UT in distribution?,To sell into strength and mislead breakout traders with a false move above resistance.
How do retail traders typically react during a UTAD?,"They often buy late or cover shorts prematurely, handing shares to pros."
What’s the risk for smaller traders during UTAD events?,"They may cover shorts too early or chase breakouts, providing exit liquidity to institutions."
Why might traders enter shorts after a UTAD?,"Because it offers a defined risk/reward entry, though safer setups may come later."
What makes shorting after UT or UTAD appealing yet risky?,"While risk/reward is favorable, smart money may trigger more UTs, making LPSYs safer shorts."
What if Phase C fails to reach BC highs?,"It may form a UT that tops below the BC, showing weak demand."
How does a lower high UT in Phase C inform us?,"It suggests demand is too weak to revisit the BC, implying further weakness ahead."
What’s the market condition in Phase D of distribution?,"Demand fades completely, and supply begins driving prices lower out of the TR."
What does Phase D indicate in Wyckoff distribution?,It confirms supply dominance as price breaks down through support levels.
How does price behave in Phase D?,"It usually falls through TR support or past the midpoint, showing sellers in control."
What typically happens to price in distribution Phase D?,"Price declines, often breaching range lows, as demand fails to support."
What confirms supply dominance in Phase D?,"A drop below support or TR midpoint, especially after UTAD, signals control by sellers."
How can we tell supply is in control in Phase D?,A break beneath key TR levels — especially post-UT — verifies seller strength.
What kind of rallies appear in Phase D?,Weak bounces known as LPSYs often emerge and provide ideal short entries.
What’s the significance of LPSYs during Phase D?,They mark failed rallies and are prime spots to enter or add to shorts.
What warning should longs heed in Phase D?,"Holding long is dangerous, as supply is in full control and markdown is starting."
Why should traders avoid longs during Phase D?,Because price is set to fall and demand is no longer defending support.
What does Phase E signal in Wyckoff distribution?,It marks the official start of the markdown as the asset exits the range.
What starts Phase E in distribution?,A decisive SOW or breakdown through TR support signals Phase E has begun.
How is the Phase E breakdown typically confirmed?,"By a failed rally back to prior support, proving weakness."
What often follows the Phase E breakdown?,"A weak test rally to former support that fails, confirming downward pressure."
What opportunity does Phase E offer to traders?,It gives a strong short-selling setup post-breakdown and failed retest.
Why is Phase E attractive for short trades?,Because breakdowns and failed tests offer clear entries with trend confirmation.
How do rallies behave during Phase E markdown?,"They’re shallow and short-lived, lacking real buying interest."
What’s typical of price bounces in Phase E?,They’re weak rallies that offer new shorting chances.
What should traders do after shorting in Phase E?,Trail stops as the trend continues lower to manage risk and lock profits.
How can short sellers manage trades in Phase E?,By adjusting stop-losses downward as price keeps declining.
What may follow a steep decline in Phase E?,A terminal shakeout or a new TR may emerge — either re-distribution or accumulation.
What might occur after a Phase E markdown?,A potential selling climax or new base for re-accumulation could form.
What does Wyckoff supply/demand analysis show?,"It helps assess control by examining price spread, volume, and closes."
How does Wyckoff methodology evaluate market control?,"Through price, volume, and spread to determine whether supply or demand is dominant."
How does Wyckoff’s Effort vs. Result work in Phase E?,High volume with weak rallies shows supply is overwhelming demand — confirming markdown.
What does Effort vs. Result analysis reveal in Phase E?,It proves supply dominance when high volume fails to move price up.
What does a strong up-close bar on high volume indicate?,"It may signal demand strength, but rarely appears in Phase E of distribution."
"How should a wide, bullish bar on rising volume be interpreted?","If it closes near highs and breaks resistance, it may suggest demand — but more common in accumulation."
What if volume spikes but price stagnates?,Supply is absorbing demand — signaling weakness and likely further decline.
What does increased volume without price rise suggest?,It shows sellers are offloading into demand — a bearish signal in distribution.
"According to Wyckoff’s law, what occurs when supply overtakes demand?",Price declines until balance is temporarily restored — defining Phase E markdown.
How does price behave when supply exceeds demand?,It falls — that’s the essence of Wyckoff’s distribution Phase E.
What does a high-volume failed rally imply in Wyckoff terms?,It shows heavy selling is absorbing demand — confirming the markdown.
What’s signaled by a failed bounce on high volume?,That institutional supply is active — weakening price and reinforcing distribution.
What does a failed rally with high volume in distribution suggest?,"It indicates institutional selling is overwhelming demand, confirming markdown pressure."
How does high-volume rally failure during distribution inform traders?,"It signals strong supply is capping prices, marking the onset of Phase E."
What’s shown by Reaction #1 in the AAPL chart from an Effort vs. Result view?,A wide-spread decline with rising volume confirms supply is strong and the move is valid.
What insight does Reaction #1 offer about supply?,"Heavy volume with falling price shows effort equals result, confirming supply dominance."
What does Reaction #2 suggest about supply conditions?,"Reduced volume and tighter spread on the drop shows supply is less intense, hinting a bounce."
How is effort vs. result reflected in Reaction #2?,Smaller spread and lower volume suggests reduced supply and possible short-term rally.
What does Reaction #3 imply in terms of demand absorption?,Increased volume with smaller decline signals demand absorbing supply — a bullish sign.
What conclusion is drawn from Reaction #3’s behavior?,"Price resilience despite volume spike shows accumulation is occurring, supporting an uptrend."
Why use comparative strength analysis in Wyckoff’s stock picking?,It highlights outperformers during trends or ranges for long trades and laggards for shorts.
How does Wyckoff’s method apply to relative strength comparison?,It identifies market leaders and weak stocks to align trades with outperforming trends.
How did Wyckoff perform comparative analysis of stock strength?,He stacked charts of stocks and indexes to visually assess which asset was leading or lagging.
What was Wyckoff’s approach to evaluating strength?,He overlaid stock and index charts to observe relative moves across key turning points.
Which charts did Wyckoff primarily rely on?,He used bar and Point & Figure charts drawn by hand.
What chart types supported Wyckoff's strength analysis?,"Bar charts and P&F charts were his core tools, providing price action and projection clarity."
How does Wyckoff assess strength through price levels?,By comparing swing highs/lows of the stock versus the market to judge performance.
How does Wyckoff use high and low pivots to assess leadership?,He compares stock behavior at key price points to broader market swings for strength clues.
How did AAPL's relative strength vs. $COMPX evolve by point #6?,AAPL transitioned from underperformance to strength by making higher highs/lows vs. $COMPX.
What shift was visible between AAPL and $COMPX through points 3–6?,"AAPL initially lagged but later led, showing relative strength gains over the index."
What did Wyckoff infer from AAPL outperforming $COMPX?,"He saw improving relative strength, positioning AAPL as a buy candidate."
How was AAPL's Feb outperformance interpreted?,"It indicated leadership emergence, suggesting long-side setup potential."
How can traders apply the Relative Strength Ratio (RSR) today?,Use RSR to compare stock vs. index movement and account for scale differences.
How is RSR useful in modern Wyckoff practice?,"It normalizes price comparisons, helping spot leadership across varied charts."
Why did Wyckoff create 9 buying and selling tests?,To systematically validate trend readiness and guide high-quality trade entries.
What’s the role of Wyckoff’s 9 tests in trade timing?,They refine timing by detecting breakout potential from accumulation/distribution.
How do the 9 tests relate to market direction?,"They reveal the path of least resistance, forecasting whether markup or markdown is likely."
How do Wyckoff’s tests aid resistance analysis?,They help anticipate when price will overcome resistance or succumb to supply.
What chart types are used for the tests?,"Point & Figure (P&F), bar charts, or both depending on the test context."
Which tools support Wyckoff’s trade entry tests?,P&F and bar charts help assess price behavior and breakout validation.
What’s the aim of Buying Test #1?,"To see if downside P&F objective has been met, indicating selling may be exhausted."
What does BT#1 in Wyckoff assess?,"It checks if price has hit its downside P&F target, completing distribution."
What does Buying Test #2 identify?,"It detects PS, SC, and ST — key signs of accumulation — on bar and P&F charts."
Which events does BT#2 focus on?,"It looks for PS, SC, and ST to validate support emergence."
What’s highlighted by Buying Test #3?,It looks for bullish signs where rally volume increases while reaction volume fades.
What volume pattern signals strength in BT#3?,Rising volume on rallies and falling volume on dips = bullish activity.
What does Buying Test #4 evaluate?,It checks if the supply line or downtrend line has been decisively broken.
What’s the test condition for BT#4?,"The downward stride must be breached, signaling weakening supply."
What is Buying Test #5 looking for?,A series of higher lows showing rising demand on the chart.
How does BT#5 show trend shift?,Formation of higher lows indicates accumulation strength.
What is checked in Buying Test #6?,"It looks for price making higher highs, confirming uptrend readiness."
How does BT#6 validate buying power?,A breakout to higher highs shows demand overcoming resistance.
What’s the goal of Buying Test #7?,To verify if the stock is stronger than the overall market in reactions and rallies.
What does BT#7 compare?,Stock movement vs. market behavior during rallies and pullbacks.
What does Buying Test #8 reveal?,Base building or horizontal price structure forming before breakout.
What pattern signals BT#8 success?,Stable sideways movement suggesting accumulation base is forming.
What’s assessed in Buying Test #9?,Whether reward-to-risk ratio is at least 3:1 based on P&F and stop-loss.
What does BT#9 estimate?,It checks that profit potential justifies the trade risk.
What is Selling Test #1 about?,"It confirms the upside P&F objective has been achieved, indicating possible exhaustion."
What’s evaluated in ST#1?,"Price reaching its P&F top target, suggesting climax conditions."
What does Selling Test #2 check?,It observes whether volume decreases on rallies and increases on reactions — bearish signs.
What’s the pattern in ST#2?,Weak rallies on low volume vs. heavy volume declines imply supply dominance.
What does Selling Test #3 validate?,Presence of Preliminary Supply and Buying Climax in the chart setup.
What events mark ST#3?,PSY and BC confirmations help identify a distribution structure.
What does Selling Test #3 identify?,It confirms preliminary supply and buying climax using bar and P&F charts.
What does Selling Test #4 analyze?,"It determines if the stock is weaker than the market by being more reactive on declines and sluggish on rallies, seen on a bar chart."
What does Selling Test #5 signify?,"It checks if the upward stride has been broken, meaning the support or uptrend line is penetrated, using a bar or P&F chart."
What is Selling Test #6 focused on?,It looks for lower highs on a bar or P&F chart.
What does Selling Test #7 monitor?,It detects lower lows using a bar or P&F chart.
What does Selling Test #8 refer to?,It identifies crown formation or lateral movement in a P&F chart.
What is Selling Test #9 about?,"It estimates whether the downside profit potential is at least three times the risk from the initial stop order, using P&F and bar charts."
What events in the AAPL chart satisfy Test #2 of Wyckoff’s buying tests?,"The Preliminary Support (PS), Selling Climax (SC), Automatic Rally (AR), and Secondary Test (ST) combine to satisfy Test #2."
What does the contraction of volume and rising prices throughout the trading range indicate?,"It indicates a decrease in supply and absorption of supply, allowing prices to rise despite decreasing demand, satisfying Test #3."
How is Test #4 satisfied in the AAPL chart example?,"Test #4 is satisfied by the break of the downward stride and downtrend channel, followed by price consolidation in the trading range."
"What period in 2009 shows higher highs and higher lows in AAPL, and what tests do these satisfy?","Between February and April 2009, AAPL makes higher highs and higher lows, all stronger than the market, satisfying Tests #5, #6, and #7."
What confirms that Test #8 is satisfied in the chart?,"The stock consolidates for six months, forming a base and building a cause sufficient for a substantial future advance."
Which tests require the use of P&F charts according to the note?,Tests #1 and #9 can only be met through the use of Point & Figure (P&F) charts.
What is the purpose of the Wyckoff Point and Figure (P&F) Count Guide?,To help traders calculate the cause built during a trading range to project future price targets.
What charts should be used to identify the trading range and timeframe for a P&F count?,A bar chart and a P&F chart encompassing the same trading range(s) and timeframe.
What is a suitable box size for low-priced stocks on a P&F chart?,The box size could be 0.5 to 1 point.
What is a suitable box size for high-priced stocks on a P&F chart?,A box size of 5 points may be more appropriate.
What box size is appropriate for the Dow Jones Industrial Average?,100 points.
How do you locate the point to start counting on the P&F chart after identifying a sign of strength (SOS)?,Find the last point of support (LPS) on the bar chart and count from the right to the left at the price level of the LPS on the P&F chart.
How should the increments in counts be determined?,"They should be based on Wyckoff events within the TR, using the bar chart to divide the area into phases and count each complete phase."
Can P&F phases be named the same as schematic phases A–E?,"No, P&F phases are not the same and are only added one at a time based on chart evidence."
Where does the LPS often appear in longer-term counts involving multiple P&F phases?,At the original level of preliminary support or the selling climax.
What event may also serve as the LPS from the P&F count perspective?,"A spring, especially when followed by an SOS."
What is a 'stepping-stone count'?,A count taken during a new TR that helps confirm the original count and signals potential trend continuation.
Why is a smaller box size recommended in stepping-stone consolidations?,Because these consolidations are narrower and need finer resolution to measure counts accurately.
"When doing longer-term price target analysis, where should the P&F count be added?",To the exact low of the trading range or the halfway point between the low and the price level of the count line.
Where is the P&F count added for long-term targets?,Either at the trading range’s low or midway between the low and the count line level.
"In long-term P&F projections, where do you begin the count?",Start at the lowest point of the range or midway to the count level.
How should P&F price projections be viewed?,"As zones of potential reversals, not precise prices."
Are P&F targets exact values?,"No, they are indicative levels where a reversal could occur."
Which count line should be used in 3-point and 5-point P&F charts?,Use the same count line as in 1-point charts.
Should the count line change for higher-point charts?,"No, it stays consistent across all P&F chart types."
What are Wyckoff’s three core principles?,"Supply and Demand, Cause and Effect, and Effort vs Result."
Which three laws form Wyckoff’s foundation?,"The laws of Supply/Demand, Cause/Effect, and Effort/Result."
What does Cause and Effect determine in Wyckoff?,It calculates future targets from horizontal counts in trading ranges.
How is the Law of Cause and Effect applied?,It’s used to estimate price objectives based on sideways movement.
What is shown in the P&F chart image?,It shows how P&F counts are used to project future price levels.
What does the sample chart depict?,A demonstration of P&F counts projecting price objectives.
What does ‘Objective Reached’ on the chart mean?,The projected target from P&F analysis has been hit.
"What do ""Objective Reached"" labels signal?",That the charted P&F targets have been fulfilled.
Which events lead up to the rally in the chart?,"SC, Spring, and SOS precede the breakout."
What happens before the move up?,"A Selling Climax, Spring, and Sign of Strength appear."
What does a consolidation in the chart imply?,It hints at a pause or base before trend resumption.
What does stopping action often signal?,Potential range formation or continuation of the move.
What’s Wyckoff’s chart-based goal?,"To track market direction, range exits, and price targets."
Why are Wyckoff charts useful?,"They help forecast direction, readiness to move, and targets."
Why does Accumulation occur?,To let smart money buy from weak holders before an uptrend.
What’s the point of the Accumulation phase?,Institutions quietly absorb shares before markup begins.
Which events make up the Accumulation phase?,"PS, SC, AR, ST, Spring, LPS, SOS, and BU before markup."
What are the key markers in Accumulation?,"PS, SC, AR, ST, Spring, LPS, SOS, BU—leading to markup."
Why does Distribution happen?,"To offload shares post-uptrend, signaling bearish intent."
What’s the aim of Distribution?,To shift stock from strong to weak hands after a rally.
What indicates Distribution is in progress?,"PSY, BC, AR, ST, UTAD, SOW, and LPSY are telltale signs."
Which signs confirm Distribution?,"Events like PSY, BC, AR, ST, UTAD, SOW, and LPSY."
When does Reaccumulation take place?,During an uptrend pause where institutions reload before rally.
What is Reaccumulation?,A bullish consolidation phase in an ongoing uptrend.
How does Reaccumulation differ from Accumulation?,"It skips SC and occurs higher, with similar Phase B–E."
What’s structurally different in Reaccumulation?,It lacks the sharp SC and happens within a rising trend.
Why is spotting Reaccumulation key?,It signals to hold longs and avoid early exits in uptrends.
What’s the benefit of identifying Reaccumulation?,It helps traders stay in positions through bullish pauses.
What defines Redistribution?,A pause in a downtrend used to sell more into minor rallies.
What is the Redistribution phase?,It’s consolidation within a downtrend before the next leg lower.
How is Redistribution distinct from Distribution?,Redistribution is mid-downtrend; Distribution tops uptrends.
What separates Redistribution from Distribution?,Redistribution follows declines; Distribution follows rises.
What does the SOW indicate in Redistribution?,It confirms supply control and more downside ahead.
Why is the SOW important in Redistribution?,It shows bears are in control and lower prices are coming.
How are Accumulation and Distribution opposed?,Accumulation follows downtrends; Distribution follows rallies.
What’s the key contrast between Accumulation and Distribution?,One absorbs supply post-downtrend; the other unloads post-uptrend.
How do Reaccumulation and Redistribution relate to trend?,RA continues uptrend; RD continues downtrend.
How are RA and RD tied to trends?,RA = bullish continuation; RD = bearish continuation.
How do Wyckoff’s phases assist traders in spotting turning points?,"By studying Phases A to E and observing price-volume patterns, traders can better anticipate shifts in market direction."
How can the five Wyckoff phases help traders time entries and exits?,"They outline behavior and volume changes, letting traders recognize when a trend is likely to reverse or continue."
What opportunity arises after a strong ST in Phase A?,"A ST with narrow range and light volume implies selling has dried up, setting the stage for long setups into Phase C."
Why does a clean ST in Phase A offer a long setup?,"It indicates supply absorption, suggesting a long entry before the next phase begins."
How does a Spring in Phase C signal trade timing?,"A low-volume Spring indicates weak hands are cleared, making it a prime entry for longs."
Why is a Spring a useful entry point in accumulation?,"Because it shows demand is taking control after supply absorption, often kicking off Phase D."
Why is LPS in Phase D an optimal entry point?,"It confirms support has held post-SOS, giving traders a lower-risk point to enter or add."
Why enter on LPS during Phase D?,"It follows an SOS and tests support successfully, making it a strong continuation setup."
How does an SOS validate bullish structure in Phase D?,"It shows strength via wide price spreads and rising volume, confirming control by demand."
Why is an SOS a key sign in Wyckoff analysis?,"It reflects expanding price on volume, typically signaling the markup phase has begun."
When during accumulation does a Spring occur?,Typically near the end of Phase B or early Phase C as a false breakdown to trap sellers.
At what point do Springs show up?,"Springs usually happen just before Phase C, testing support and triggering recoveries."
Why wait for a Spring test before entering?,"A low-volume test confirms supply is gone, helping traders avoid false breakouts."
What’s the benefit of waiting for a test after a Spring?,It verifies the Spring’s validity and offers confirmation of demand takeover.
How does the AR help frame accumulation trades?,The AR defines the upper limit of the TR and helps identify the markup breakout zone.
What is the AR’s role in the trading range?,"It marks resistance, allowing traders to anticipate future price expansion."
Why is UTAD important in timing shorts?,"It mimics a breakout in distribution before reversing, signaling entry for markdown."
How does UTAD support short positioning?,"It fakes out buyers above resistance before price collapses, ideal for short trades."
Why is testing an Upthrust essential before shorting?,"A test on low volume suggests buyers are gone, strengthening short thesis."
What does a weak test of an Upthrust mean?,"It indicates lack of demand, confirming the bearish reversal setup."
What is the function of PS in Phase A?,It’s the first sign of institutional buying and hints that the downtrend may be ending.
How does PS help traders in early accumulation?,It flags potential bottoming action and invites monitoring for a TR.
What should follow a SOW before a short entry?,Look for a breakdown with volume or lower high to confirm continued weakness.
Why not short immediately after a SOW?,Wait for a breakdown or weak rally to confirm supply dominance.
Why is Phase B risky for trade entries?,"Without Phase C or D confirmation, B’s volatility can cause premature entries."
Why avoid Phase B commitments?,"Because price action is erratic, and direction is uncertain during cause building."
What does strong volume on SOS suggest for trades?,"That demand is leading, and the uptrend is likely underway."
How does volume affect SOS timing?,"Rising volume with price validates strength, supporting long entries."
How can P&F charts guide exit strategy?,"They offer target zones by quantifying the cause, helping time exits effectively."
What exit insight do P&F charts provide?,"They translate range into targets, aligning exits with accumulation/distribution effort."
Why is Phase D’s breakout a confirmation point?,It validates demand strength and gives trend followers a safer entry.
Why trade the D-E breakout?,"It confirms the TR resolution with momentum, favoring continuation."
How is a terminal shakeout different from a Spring?,It’s more dramatic and signals the final clearing before a sharp move up.
What’s special about a terminal shakeout?,It flushes remaining sellers quickly and often marks the start of markup.
Why avoid Phase B trades in accumulation?,Because it's filled with shakeouts and lacks clear directional cues.
When is Phase B unsuitable for entries?,"During B, price is trapped in noise, lacking strength or confirmation."
How do low volume and tight spread in ST help traders?,"They indicate supply is exhausted, suggesting entry for markup."
Why is a narrow ST entry-worthy?,"It confirms absorption, hinting that a markup is approaching."
What risk is there at the BC?,BC is the end of a rally; buying here often means entering at the peak.
Why not enter at the Buying Climax?,"It’s when public buying peaks, raising chances of a reversal."
Why is Phase C critical in trade planning?,It includes decisive events (Spring/UTAD) that validate the TR resolution.
How does Phase C refine timing?,"Because Springs or UTADs appear here, giving clear long/short setups."
Why is LPSY used for short entries?,"It confirms weak demand after a rally, signaling markdown is next."
What makes LPSY a bearish trigger?,It follows a SOW and shows rally attempts are failing.
How to know if a Spring succeeded?,"It quickly recovers and tests with less volume, confirming support."
What shows a Spring has failed?,"It doesn’t bounce or breaks lower, meaning supply still dominates."
When is SOS most likely in accumulation?,Usually in Phase D when price rises with demand confirmation.
Where in accumulation does SOS emerge?,During Phase D as markup strength kicks in.
What’s a good stop after entering on LPS?,Below the LPS zone to limit loss if support fails.
Where to place risk control on LPS entries?,Just under LPS since breaking it voids the setup.
What confirms a terminal shakeout in Wyckoff terms?,"A sharp decline with heavy volume, quick recovery, and a low-volume retest confirm a terminal shakeout setup."
Which traits signal a terminal shakeout has occurred?,A fast drop on big volume followed by a strong rebound and successful low-volume test confirms a terminal shakeout.
Why avoid longs in Phase B before Phase C confirmation?,"Entering before Phase C risks reacting to false signs, as true supply absorption isn’t yet proven."
Why is Phase C confirmation key before committing in Phase B?,"Without Phase C evidence, traders may enter too early while supply remains active."
What’s the purpose of BU/LPS in Wyckoff entry timing?,It validates the previous SOS and presents a low-risk long entry during Phase D.
How does BU to LPS affect timing in Phase D?,It confirms strength post-SOS and offers safer long entries as price pulls back with low volume.
How does effort vs. result indicate reversals?,"When volume is high but price gains little, it signals trend weakness and potential reversal."
What reversal clue comes from effort vs. result analysis?,Heavy effort with weak price movement can mean buyers/sellers are losing control—watch for reversal.
What ends accumulation and signals markup?,Consistent SOS and LPS in Phase D show demand dominance and transition to Phase E.
Which events confirm accumulation is complete?,Repeated SOS and LPS indicate strength and signal breakout into Phase E.
How does “cause and effect” refine trade entries?,"Larger cause (base) means greater price potential, improving trade reward-to-risk."
How to use Wyckoff’s cause-effect in timing entries?,"It helps align expected outcome (effect) with the base built (cause), filtering better trades."
When should you close a spring-based long?,"When resistance nears, P&F target is reached, or upward momentum stalls after entry."
What are exit points after a spring entry?,"At projected resistance, when P&F target hits, or on signs of failed follow-through."
What does a failed UTAD indicate for trade timing?,"It shows demand is weak, enabling early short entry into a markdown."
How can failed UTADs help short sellers?,They reveal buying exhaustion and signal price is ready to reverse lower.
What separates shakeouts from springs?,"Shakeouts are more violent and broad, while springs are controlled tests at support."
How do springs differ from shakeouts?,Springs are subtle demand tests; shakeouts are harsher supply-clearing events.
What shows Phase E has begun after D?,Strong markup outside the TR with large volume and wide spreads confirms Phase E.
How to spot transition from D to E?,Sustained upward movement and expanding volume beyond TR marks the start of Phase E.
When is it safe to enter after a spring?,After a low-volume test proves supply is absorbed and demand drives recovery.
What should follow a spring before entering?,A low-volume retest that holds above spring lows confirms bullish intent.
What usually precedes breakdown in distribution?,A SOW on strong volume typically signals weakness before the fall.
What triggers breakdown in Wyckoff distribution?,SOW on rising volume often leads to price breaking below TR support.
Why is Phase A not ideal for entries?,It only ends the previous move; true accumulation or distribution is still uncertain.
Why avoid Phase A trades in Wyckoff?,Because Phase A pauses a trend—it doesn’t confirm reversal or range formation yet.
What confirms a spring in Phase C?,A light-volume test and quick bounce suggest supply has cleared and demand is active.
What validates a spring setup in Phase C?,Diminished test volume and rebound confirm the spring’s bullish intent.
When is reward/risk best in Wyckoff timing?,"After Phase C confirmation or early Phase D, when demand outweighs supply."
What phase offers ideal R/R entries?,Late C or early D offer strong setups after absorption is validated.
What does a string of LPSYs suggest?,Persistent distribution and weak rallies—prime for continued short entries.
Why do repeated LPSYs matter?,"They show ongoing failure of rallies, ideal for entering or adding to shorts."
Why are Phase D trades high-probability?,Demand is confirmed via SOS; LPS pullbacks offer precise entries.
What makes Phase D attractive for entries?,It shows demand dominance—LPS retests offer favorable R/R.
Can shakeouts occur in Phase E?,"Yes, as retests or final shakeouts before markup resumes."
Do shakeouts ever happen in Phase E?,They can occur post-breakout to trap weak hands and reestablish trend.
How to spot supply during markup?,Wide down-bars with volume or failed post-SOS rallies signal supply pressure.
What signals return of supply in markup?,Large red candles on high volume or weak SOS follow-ups hint at supply reentering.
How to approach reaccumulation entries?,Wait for LPS/SOS in the mini-range to confirm it’s not distribution.
What confirms a reaccumulation zone?,Appearance of minor LPS and SOS shows bullish intent inside TR.
What does high AR volume signal in accumulation?,"Institutional interest and fading supply, defining TR resistance."
What’s the implication of strong AR volume?,It reveals early buying and helps establish the range ceiling.
What validates a spring in Phase C?,Quick bounce and low-volume retest that stays above prior low.
How to confirm a spring is legit?,A strong recovery and successful low-volume retest affirm spring setup.
Which phase allows tighter stop-losses?,"Phase D, due to confirmation, allows stops just under LPS."
When can stops be tighter in Wyckoff trades?,"In Phase D, below recent LPS or swing lows post-SOS."
When is Phase B okay for swing trades?,"If the TR is well-defined and predictable, it’s viable for short-term trades."
What makes Phase B viable for swing setups?,Defined range and volatility let swing traders exploit oscillations.
Why are upthrusts dangerous for breakout buyers?,"They trap buyers with fake breakouts, then reverse sharply."
What’s the risk of trading breakouts during UT?,"Upthrusts lure entries before reversing, punishing premature breakout trades."
Why is BU/LPS entry favored over chasing SOS?,BU/LPS offers better R/R as it confirms strength post-SOS and reduces chase risk.
What’s the advantage of buying the BU/LPS instead of SOS?,"It allows entry after confirmation, with lower risk and clearer stop placement."
How does BC lead to short setups later?,BC marks the start of distribution and often leads to SOW or UTAD signs.
Why is BC significant for short traders?,"It signals demand climax and the start of distribution, alerting traders early."
Why is AR critical in distribution?,AR defines TR bottom and sets risk levels for later shorts in Phase C or D.
What role does AR play in short setups?,"It forms TR support, giving traders a baseline to assess risk and breakdowns."
What shows weakness after UTAD?,Lower highs and increased volume on declines suggest markdown is near.
What confirms post-UTAD distribution?,Failure to hold highs with selling volume signals supply dominance.
How does Phase D confirm a short in distribution?,"LPSY events fail to rally, confirming markdown readiness."
Why is Phase D used to enter shorts?,"LPSY proves demand is weak, setting up for markdown."
Where to exit longs after spring?,Near resistance or when SOS volume fades shows trade is mature.
What’s a good spring-based long exit zone?,As SOS weakens or near projected resistance.
What defines a failed spring test?,Break below spring low with volume shows supply isn’t absorbed.
How to spot a spring failure?,"If price can’t hold and drops on rising volume, spring failed."
How to tell Phase A vs Phase C live?,Phase A halts trend; Phase C tests with Spring or UTAD confirmation.
What separates Phase A from C in real-time?,"A ends the move, C includes final tests and entry signals."
Why wait for Phase C before large positions?,C gives confirmation and lowers risk of early commitment.
Why do pros enter big in Phase C?,Final tests in C validate the structure for confident entries.
What if there’s no spring in Phase C?,Still valid if low-volume test and SOS appear post-absorption.
Is a spring always needed in Phase C?,No; a clean test + SOS may confirm strength.
How do SOS and AR differ?,AR follows SC; SOS confirms demand with strength in Phase D.
Why is SOS stronger than AR?,SOS shows clear demand post-test; AR is reactive to SC.
When is a D-phase pullback weak?,"If down move comes on wide spread + volume, supply has returned."
What signals Phase D pullback risk?,Rising volume + spread down suggests demand weakness.
Why is UTAD dangerous for breakout buyers?,"It fakes highs, then reverses, trapping late bulls."
How do UTADs hurt breakout traders?,"They lure buys above TR then collapse, causing losses."
Why does low volume after spring matter?,It proves sellers are done and markup can begin.
What’s low post-spring volume indicate?,"Supply absorption, clearing the way for demand."
When is a P&F count reliable?,After a confirmed spring/test in Phase C or UTAD in distribution.
What validates using P&F projection?,Only after structure is confirmed in Phase C.
Why be wary of wide up-bars with low volume?,Lack of volume = lack of pro support = possible trap.
What makes a strong up-bar suspect?,"If no volume backs it, likely false breakout."
What are Phase B’s early red flags in distribution?,Upthrusts + weak rallies show demand fading.
When does Phase B start to warn?,Failed highs and lack of follow-through point to distribution.
How do you know absorption is done in Phase C?,"Low-volume, tight-range test with bounce signals supply dried up."
What proves supply is absorbed in C?,Quick recovery after light-volume test.
Why use LPS over SOS for entry?,LPS offers lower risk and better stop placement post-confirmation.
What’s the benefit of LPS-based entry?,It confirms trend with clearer R/R than SOS.
What follows a good spring?,"A strong SOS with volume, then a pullback to LPS confirms uptrend."
What sequence confirms a spring?,Spring → SOS → LPS shows strength and trend continuation.
How do shakeouts trick traders in Phase C?,They look like breakdowns but trap bears and reverse fast.
What risk do shakeouts pose to bears?,They lure shorts before reversing into markup.
Why can Phase E entries be suboptimal?,"Trend is confirmed, but early R/R is gone unless new TR forms."
What’s the drawback of Phase E entries?,They lag confirmation and offer smaller profits.
When is high AR volume misleading?,"If no follow-through, it shows lingering supply or weak buying."
Why doesn’t high AR volume guarantee markup?,Excessive volume without price progress = warning sign.
What is “jumping the creek” in Wyckoff?,"A strong breakout over resistance with volume, confirming SOS."
How do traders identify the creek jump?,When price clears resistance fast with volume = bullish trigger.
How does LPSY differ from failed rally?,LPSY occurs in Phase D with weak demand; failed rallies may happen earlier.
What separates LPSY from basic failed rally?,LPSY follows UTAD and is structurally significant in Phase D.
When does a failed breakout confirm distribution?,An upthrust or UTAD followed by weak rallies and high-volume sell-offs confirms distribution.
How is distribution confirmed after a false breakout?,A UTAD with lower highs and strong down-bars on volume signals supply dominance and rejection.
What confirms strength for longs in Phase D?,A strong SOS followed by low-volume LPS shows buyers in control.
What should you see before going long in Phase D?,A clean SOS and shallow LPS test confirm demand strength.
Why avoid shorting too early in Phase B?,Phase B may still evolve into reaccumulation; direction is unclear.
Why is early shorting in Phase B risky?,"Distribution isn’t confirmed, and upside traps are possible."
How does volatility help in Phase C timing?,Low volatility and a clean test often signal the start of a strong move.
Why is reduced volatility helpful in Phase C?,"It precedes breakout direction, allowing better positioning."
What’s the difference between ST and spring?,ST stays near SC; spring dips below support then sharply reverses.
How does ST differ from a spring setup?,Spring breaks support and recovers fast; ST tests support without penetration.
Why analyze volume spread for timing trades?,It reveals effort and intent behind price moves—key to entry accuracy.
How does volume-spread analysis aid entries?,It shows whether price action is genuine or misleading.
What to avoid early in Phase B?,Avoid committing heavy positions—structure isn’t confirmed.
Why should traders wait during early Phase B?,Because direction is unknown and TR isn’t defined yet.
Why watch for character shift post-SC?,It signals transition from downtrend to potential accumulation.
How does change after SC help timing?,"It hints at a phase shift, often foreshadowing accumulation."
What shows a failed spring?,"If price breaks below spring low on high volume and doesn’t bounce, spring failed."
How do you identify a failed spring attempt?,High-volume drop below spring low with no rebound confirms failure.
When to exit short per Wyckoff?,Exit near P&F targets or when strong SOS with volume appears.
Where does Wyckoff place short exits?,Around projected objectives or when bullish volume returns.
When are trailing stops recommended in Wyckoff?,During Phase E to lock gains as trend progresses.
How to manage risk in Phase E?,Use trailing stops to protect profits in markups or markdowns.
Why does spring context matter?,A spring only matters inside accumulation; elsewhere it can mislead.
When is a spring invalid?,"Outside of Phase C context, a spring has less predictive value."
Why track time in Phase B?,Longer Phase B builds bigger cause = stronger breakout later.
How does duration affect Phase B analysis?,"More time = more accumulation/distribution, amplifying moves."
What if spring fails to lift price?,It suggests remaining supply; structure may be invalid.
What does weak action after spring imply?,No SOS = supply not cleared = weak setup.
Why test multiple times in Phase C?,"It confirms absorption, building confidence for long entry."
What’s the goal of repeated testing in C?,To ensure supply is gone before markup begins.
What signals Phase C in reaccumulation?,Spring or test after prior uptrend near TR low confirms strength.
How does reaccumulation show Phase C?,Test or spring near range bottom after markup indicates continuation.
How does Composite Man help timing?,Anticipating his moves near spring or LPS aligns trades with smart money.
Why watch Composite Man behavior?,"It reflects institutional actions, especially at turning points like spring/LPS."
Why wait during accumulation?,Premature entries during B or early C can fail without confirmation.
Why is patience key in accumulation?,Early entries carry risk; Phase D provides safer signals.
When should traders stay out per Wyckoff?,"In Phase A/B without UTAD or SOS, edge is low."
What conditions call for standing aside?,Unclear structure in A/B means uncertain direction.
What defines UTAD in Phase C?,Fake breakout on low volume with no follow-through confirms trap.
How to spot UTAD in distribution?,Price spikes above resistance then fades with weak demand.
What does BU/LPS do after SOS?,It confirms strength and offers a re-entry before markup.
Why trade BU/LPS after breakout?,It provides low-risk add-on after initial confirmation.
How to use P&F counts in distribution?,"After LPSY or SOW, use counts to plan short exit targets."
When are P&F projections helpful in markdown?,"Post-SOW, they guide downside target estimates."
What voids a spring entry?,"No SOS or LPS afterward, or breakdown back below support with volume."
When is a spring setup invalidated?,If no bullish follow-through or price breaks down again.
How to confirm breakout in Phase E?,Wide spread + strong volume + sustained move = valid breakout.
What proves Phase E breakout is real?,High volume and momentum with little pullback.
Why is LPSY ideal for shorts?,It shows rally failure post-SOW and lack of demand before markdown.
What makes LPSY a clean short setup?,It confirms sellers dominate and rally lacks strength.
Why align entries with index turns?,Broader market confirmation increases trade success odds.
What’s the value of timing with major indices?,It boosts entry precision by aligning with macro strength or weakness.
When is it ideal to enter a long position during Accumulation?,"After a successful spring or low-volume test in Phase C, confirmed by a SOS in Phase D."
What signals the start of Phase C in Accumulation?,"A spring or shakeout that tests the lower boundary of the TR, often on low volume."
Why is Phase C critical for timing long entries?,It marks the final test of supply; a successful spring signals readiness for markup.
What bar chart behavior signals a successful test after a spring?,"Higher low on lower volume, closing near the high of the bar."
What event confirms demand dominance in Phase D?,A SOS with increasing spread and volume followed by an LPS on low volume.
How does a trader confirm the end of Accumulation?,"Breakout above resistance after an SOS and LPS, signaling Phase E markup."
When should a trader avoid entering during Accumulation?,"Before Phase C, as supply has not yet been fully tested."
What is the function of STs during Phase B?,They provide multiple tests of supply and gauge absorption progress.
When is the optimal short entry during Distribution?,After an UTAD followed by lower highs and wide-spread down-bars on volume.
What distinguishes a UTAD from an AR?,"A UTAD breaks above resistance but fails and reverses sharply, trapping late buyers."
What does a low-volume rally after an UTAD indicate?,Weak demand and confirmation of distribution readiness for markdown.
What signals Phase C in Distribution?,"An UTAD or upthrust-type test at the TR high, often creating a bull trap."
Why are LPSY events significant for trade timing?,They confirm supply dominance and are ideal points to enter or add to shorts.
How do volume and spread behave during a valid LPSY?,"Volume contracts and spreads narrow during rallies, then expand on down-moves."
What does a trader expect during Phase D of Distribution?,Series of breakdowns with rallies failing at lower highs and LPSYs.
When is it risky to short during Phase B?,Because the range is still developing and absorption by large operators may not be complete.
How is a reaccumulation TR different from base accumulation in timing?,"No PS or SC; entry is based on SOS and LPS behavior, not springs."
What confirms a spring as a tradeable signal?,Quick recovery into TR with lower volume on the spring than prior downswings.
How do you distinguish a shakeout from normal volatility?,"It violates TR support and sharply reverses, trapping breakout sellers."
Why is bar-by-bar volume analysis critical in Phase C?,To detect reduction in supply and verify smart money testing behavior.
What happens if a ST breaks below the SC level?,It may signal weak structure; expect either prolonged consolidation or new lows.
When is it safe to scale into a position after Accumulation?,On each LPS in Phase D as price confirms demand and structure aligns.
What type of price action warns of failed Accumulation?,"No follow-through after SOS, persistent supply, or deep retrace to SC level."
How does Point & Figure (P&F) charting assist in timing?,It projects price targets from TRs and confirms if cause justifies the trade.
What marks the transition from Phase B to C in Distribution?,Failed rally attempts with narrowing spreads and drying demand.
What is the earliest Phase to cautiously prepare for entry?,"Late Phase B, once volatility compresses and supply/demand tilts."
What event in Phase A signals that the downtrend may be ending?,The appearance of PS and SC with high volume and wide spread indicates potential trend halt.
When does a TR offer low-risk trade entries?,"During Phase C, when a spring or UTAD confirms the final test of supply or demand."
Why is the AR important for timing entries?,It defines the upper boundary of the range and helps anticipate later breakout targets.
What does narrowing spread with declining volume in Phase B suggest?,"Supply is being absorbed, and the structure is maturing toward a breakout."
How does a low-volume BU confirm trade timing?,"It validates that supply is exhausted, allowing continuation after SOS."
What’s the ideal timing signal during Reaccumulation?,A successful LPS on low volume after SOS signals readiness for markup.
Why does early entry during Phase B carry higher risk?,Because the trading range is still forming and supply/demand has not yet clarified.
How do multiple STs in Phase B impact timing?,They allow analysis of diminishing supply and better anticipation of Phase C.
Why is timing short entries after an UTAD more reliable?,It confirms supply dominance and traps late buyers for a markdown setup.
What marks the end of Phase C in Distribution?,A UTAD or failed breakout with rejection and increased supply confirms transition to Phase D.
How can you time entries using change of character (CHoCH)?,"CHoCH indicates a shift from trend to range or vice versa, refining entry context."
How do Phase D rallies differ in Accumulation and Distribution?,"In Accumulation, rallies show SOS; in Distribution, rallies fail at LPSY."
What is the role of the creek in timing long positions?,Jumping the creek (JAC) confirms strength; re-tests at BUEC offer precise long entries.
How does timing differ between accumulation with and without spring?,"Without spring, trader waits for clear SOS and LPS confirmation before entering."
What does a failed spring indicate about trade timing?,It warns that supply is still present and delays entry until more evidence appears.
Why is Phase E too late for ideal entry timing?,"By Phase E, price has moved substantially; R/R ratio deteriorates."
How can volume on a spring guide timing decisions?,A spring with low volume followed by strong SOS confirms demand; a high-volume spring suggests caution.
Why do wide-spread down-bars after a UTAD matter?,They confirm supply entering the market and increase confidence in short timing.
What timing clue does a low-volume rally after breakdown provide?,It often marks an LPSY and a high-probability short entry.
When is a BU after Reaccumulation a valid entry?,When price pulls back on low volume to prior resistance-turned-support and shows demand.
Why is testing after shakeouts crucial for timing?,It confirms whether supply has been removed and validates the strength of the spring.
How does volatility contraction in Phase B affect trade timing?,It suggests structure is mature and breakout or test in Phase C is imminent.
What indicates a premature long entry in Accumulation?,"Buying before Phase C test or SOS, when supply absorption isn't yet confirmed."
How do failed UTADs impact trade timing?,They can trap shorts and trigger short squeezes; wait for follow-through before entering.
What bar action following a spring signals immediate entry?,A wide-spread up-bar closing near the high with increased volume confirms strength.
What characterizes ideal timing on a LPSY in Redistribution?,"Low-volume retest of broken support, followed by failure to make new highs."
What does an LPS in Phase C signal about timing a long entry?,That demand is absorbing supply and the price is likely ready for markup.
How does a test of the SC help confirm timing?,It verifies whether supply has diminished enough to allow a sustainable rally.
What is the risk of entering before the AR is established?,"The TR boundaries are unknown, increasing uncertainty in trade direction."
How should traders respond to a successful SOS in Phase D?,"Initiate or add to long positions, as the trend is likely beginning."
Why is it important to wait for confirmation after a spring?,To ensure that the move wasn’t a false breakout and that demand dominates.
What makes the first LPSY in Phase D attractive for short entries?,It offers confirmation that supply is dominant and lower prices are likely.
Why are UT and UTAD dangerous for long entries?,They are false breakouts intended to trap buyers before markdowns begin.
How does a BU to the creek assist with timing?,It offers a clean pullback to re-enter longs before the next markup.
What does a decreasing volume rally after a breakdown suggest?,A weak LPSY and a potential continuation of the downtrend.
When does Phase E offer re-entry opportunities in Accumulation?,On brief pullbacks (LPSs) after breakout when structure remains bullish.
What makes early Phase A unsuitable for entries?,"The previous trend is still dominant, and major events like SC or BC are pending."
What type of volume confirms a successful test in Phase C?,Diminished volume compared to the SC/UTAD with a narrow spread candle.
How should traders act during a low-volume test after a shakeout?,Consider initiating a long as it indicates exhaustion of supply.
What does a shallow reaction after an SOS indicate for timing?,Strength is dominant; potential for further markup exists—favorable for entries.
How can CHoCH between Phase C and D guide trade entries?,"It marks a transition from range to trend, validating long or short bias."
What does a deep test with quick reversal below TR low imply?,"A spring is likely occurring, offering an early but risky long entry."
How can traders distinguish between reaccumulation and redistribution early?,By observing strength or weakness in the LPS or LPSY after breakout attempts.
What is the significance of the first MSOW in Redistribution?,It confirms structure breakdown and opens the window for timed short entries.
Why does a low-volume rally after MSOW confirm short bias?,It indicates lack of demand and validates that markup attempts are weak.
How can a failed SOS affect trade timing?,It may signal continued supply and invalidates early long entries until confirmation.
What makes timing in Reaccumulation more challenging than base Accumulation?,Lack of SC and PS events; reliance on breakout confirmation and LPS validation.
What timing signal can be drawn from narrowing price swings in Phase B?,Imminent breakout or test—structure is compressing before movement.
Why do short-term failures near the ICE line suggest good timing for shorts?,It signals resistance is holding and a breakdown may follow.
What does a successful test just above the SC level suggest?,Buyers are stepping in before a retest of lows—good timing for partial long.
How do wide spread bars with no follow-through affect timing?,They suggest traps or fakeouts; waiting for confirmation avoids mistimed entries.
Why is a narrow-range candle with low volume after a spring significant?,"It confirms a successful test and suggests reduced supply, ideal for entry."
What makes the first breakout above the creek less favorable for entry?,It may lack confirmation; better timing comes on the BU to the creek.
How can failed follow-through after an AR warn traders?,"It suggests insufficient demand, delaying optimal long timing."
Why is a low-volume upthrust often a precursor to markdown?,It signals weak commitment by buyers and potential distribution.
What bar action after a SC hints at a maturing structure?,An AR with wide spread and strong close shows reduced supply and initiates range definition.
How does an SOW following UTAD improve short timing confidence?,It confirms loss of demand and supports bearish continuation.
Why is the initial LPS in reaccumulation often subtle?,"It may occur on low volume and minimal reaction, yet offers early long entry."
What does a failed spring followed by lower lows suggest about timing?,That the structure is still weak; avoid early entries.
What phase is best for observing volatility contraction before entry?,"Late Phase B, where range compresses before a breakout or test."
What confirms that a breakout in Phase D is genuine?,"A SOS on strong spread and volume, followed by a shallow LPS."
Why should entries not be based on initial PS or PSY alone?,"These events indicate potential stopping action, not reversal readiness."
What kind of volume validates a spring during Phase C?,Light volume with a strong recovery into the TR indicates successful testing.
How does a BU after a failed breakout help with timing?,It provides a second-chance entry with confirmation of continued demand.
What happens when an ST forms above the SC level on low volume?,It indicates absorption and improving conditions for long entry.
How does observing effort vs result guide timing entries?,High volume with little progress suggests supply is present; wait for confirmation.
Why is entry at a major SOS more favorable than at AR?,The SOS confirms strength; AR can be premature without demand validation.
When is a low-volume UT less reliable for short entry?,"If followed by continued strength and lack of breakdown, distribution isn’t confirmed."
What role does a prolonged Phase B play in timing?,"It allows full absorption or distribution, offering more reliable entries in Phase C/D."
What makes a sudden breakdown without UTAD risky to short?,"Lack of clear test may lead to a shakeout or spring, trapping shorts."
What is a key trait of a terminal shakeout signaling entry?,A rapid drop below TR support with immediate reversal on strong demand.
Why does testing above AR level in Phase B increase long entry risk?,It may be an UT/UA trapping buyers before revisiting support.
What suggests reaccumulation is ready for markup after pullback?,A LPS that holds above previous support on diminishing volume.
What’s the timing implication of a failed test after a spring?,It indicates supply remains and warns against premature long positions.
What does consistent rejection at ICE level during Redistribution imply?,Resistance is strong; short entries near ICE become higher probability.
How can Phase D of Reaccumulation offer safer entries than Phase C?,The trend is already emerging; SOS and LPS confirm strength.
What makes a spring in Phase C more reliable than an early ST for entry?,"A spring shows final absorption of supply with intent to markup, while STs may still occur within Phase B uncertainty."
Why should traders be cautious after a wide-spread up bar with ultra-high volume?,It could indicate climactic action or a buying climax rather than sustainable strength.
How does a successful SOS validate the spring’s outcome?,It confirms that demand has taken control and the test in Phase C was effective.
What does a low-volume test after a UTAD signify?,It indicates no significant buying interest; confirms readiness for markdown.
How do failed rallies in Phase D of Distribution assist in timing?,They form LPSYs—ideal low-risk entries for short positions.
When does a back-up in Phase D of Accumulation offer ideal long entry?,"When it occurs on narrowing spreads and reduced volume, signaling no supply."
What does consistent inability to reach previous highs after UTAD indicate?,"It reflects waning demand, increasing confidence for short positioning."
How can position sizing be timed using Phase structure?,"Enter partial size in Phase C (spring/LPS), then scale in on Phase D SOS or BU."
Why is the AR often considered an emotional move rather than a timing trigger?,"It reflects initial imbalance after a climax, not necessarily sustainable strength."
What type of behavior after an AR signals caution for entry?,A deep retrace with increasing volume shows supply is not yet absorbed.
What is the danger of interpreting a test too early in Phase B?,"It may be a trap within a developing structure, leading to premature entry."
How does observing effort/result during a spring assist in entry timing?,"If effort is low and result is strong (price recovery), it's likely a successful test."
Why should one wait for a SOS before adding size in Phase D?,It confirms continuation of strength after testing is complete in Phase C.
What does shortening of the thrust in Distribution reveal about timing?,"It reflects loss of momentum, setting up for breakdown and entry in Phase D."
What signals that a LPSY is likely forming during Phase D?,Lower highs and rallies on weak volume that fail to surpass previous supply zones.
When does a test in reaccumulation become a valid re-entry?,When it respects previous resistance-turned-support with low supply signature.
What’s the implication of a spring that immediately fails to hold above TR support?,Supply is still present; entry timing should be delayed until confirmation.
Why do springs with wide-spread bars and strong close favor long entries?,They indicate aggressive demand and shakeout success.
How do point-and-figure counts support timing decisions in Phase C?,They confirm if the cause built during the TR supports a worthwhile target.
Why should traders observe the quality of the first pullback after breakout?,A shallow pullback on low volume (LPS) suggests strength and confirms long timing.
What happens when Phase D in Distribution shows no major SOW?,It may be redistribution; traders should wait for breakdown confirmation before entering.
Why do long wicks near resistance in Phase C of Distribution matter?,They suggest failed breakouts and offer early signs of supply control.
How does price action in minor SOS vs major SOS affect timing?,Minor SOS suggests preparation; major SOS confirms breakout and improves timing certainty.
What makes the test after a terminal shakeout a critical timing point?,It is often the last confirmation before strong markup begins.
Why is a failed UTAD with strong bullish recovery important for long trades?,It traps early shorts and flips the structure into potential reaccumulation.
What does inability to break below SC on multiple STs suggest?,Supply is being absorbed; a spring or markup may be near.
How can time duration of Phase B impact timing decisions?,A prolonged Phase B often leads to stronger trends; timing entries near its end can be favorable.
What does an early Phase C test with minimal volume and bounce imply?,It may be a fake spring; better timing comes with clear rejection and follow-through.
Why should traders wait for a confirmation after a shakeout?,"To avoid entering on a trap; a strong SOS confirms the shakeout was absorption, not distribution."
What type of bar after a LPS increases confidence in long timing?,A wide-spread up-bar closing near its high with expanding volume.
How can failed attempts to push below the ICE line guide short entries?,Multiple failures to break suggest demand is still present—short timing should be delayed.
Why is a high-volume UT with immediate rejection significant?,It shows buyer exhaustion and institutional selling—ideal for short setups.
How does a secondary test near SC help validate spring timing?,"If it holds above SC with lower volume, it confirms reduced supply."
When is it safer to initiate short positions in Redistribution?,After a mSOW and failure to reclaim the ICE zone on weak volume.
What does a LPSY forming below previous support signal about timing?,It confirms downward trend resumption—high probability for shorts.
What pattern of volume on reactions helps validate LPS strength?,Diminishing volume on pullbacks signals supply exhaustion.
How does intraday rejection at resistance in Phase C affect timing?,It confirms the test has failed—look for a UT or UTAD before entering short.
What do overlapping narrow bars at TR resistance suggest about timing?,Lack of commitment; wait for breakout or rejection before acting.
How can a cluster of high-volume candles near TR low affect entry?,"If price holds, it signals absorption; spring or reversal may follow."
What indicates poor timing after a SOS breakout?,Chasing entries on expanding spread and volume without waiting for LPS.
Why is timing more critical in Phase E than in Phase D?,Phase E often moves rapidly; early or late entries carry higher risk due to speed of trend.
When does a UT in Phase B not qualify as UTAD?,If it occurs before structure maturity or fails to trigger breakdown.
What distinguishes a legitimate spring from a failed one on the chart?,Legitimate springs recover fast into the range; failed ones stall or break lower.
How does structure width affect timing of entries from TR?,Wider structures often produce stronger breakouts; timing at LPS becomes more reliable.
What does a failed LPS bounce with high volume warn of?,Possible absorption failure or hidden supply—long entry should be delayed.
What makes a BUEC more attractive than initial SOS for re-entry?,It provides a retest of structure on low volume—confirmation of strength.
How do multiple small upthrusts at TR resistance refine short timing?,They reveal persistent supply and set up for stronger UTAD or breakdown.
What does a decreasing response to each rally in Phase B suggest?,"Demand is weakening, preparing for Phase C or D breakdown."
How can Phase C’s volatility help time entries?,Sharp spring/UTAD events create emotional traps—ideal moments for professionals to enter.
What does it mean if price moves above creek but fails to hold?,The JAC attempt failed—timing for long entries should be postponed until confirmation.
How does a low-volume pullback after SOS help time entries?,"It reflects lack of supply and confirms the breakout, making LPS a safer entry."
Why is observing character change in Phase C vital for timing?,"It marks the shift from testing to trend emergence, signaling entry readiness."
What does a lack of reaction after a spring imply about timing?,It shows strong demand presence and supports immediate long entries.
Why does timing a short after Phase A of Distribution carry risk?,The structure is still developing and may convert into reaccumulation.
What is the timing risk if a breakout lacks follow-through?,It suggests a potential bull trap or premature entry; better to wait for a BU test.
Why are SOSs that break the creek with strength significant?,They confirm upward dominance and justify timing entries on the next LPS or BU.
What does repeated rejection at the creek in Accumulation indicate?,Creek is acting as resistance; wait for clear JAC before entering long.
How does a narrow-range test bar after shakeout improve timing confidence?,It confirms the shakeout’s absorption effect and offers a low-risk entry.
Why is timing shorts early in Phase B of Redistribution risky?,Supply absorption may not be complete; the range could evolve into reaccumulation.
What does increasing effort with decreasing result signal about timing?,"It shows absorption; a breakout or spring is likely, making early entries risky."
What does a lower high on weak volume in Phase D of Distribution signal?,LPSY is forming; an ideal point to time short entries.
When is it appropriate to preemptively enter on a spring?,Only when followed by a strong bullish bar and low test volume confirming absorption.
How do signs of no supply affect timing within a TR?,They suggest demand is overcoming resistance; traders can prepare for early long entries.
Why does volume expansion on a failed breakout matter?,It shows supply has overwhelmed demand; confirms reversal and timing for shorts.
What if price breaks below SC without volume expansion?,It may be a test rather than breakdown—wait for confirmation before shorting.
Why is the first LPS after a SOS often a high-probability setup?,"It confirms support and validates strength, offering early trend entry."
What is the timing implication of a failed LPSY rally?,It confirms persistent supply and supports entry before major markdown.
How does shortening of thrusts before a spring affect trade timing?,"It reflects reduced downside momentum, often preceding the final shakeout."
What makes entries after UTAD with MSOW more favorable?,It provides structural confirmation and validates that markdown is underway.
How does context around a test bar determine timing reliability?,A test within Phase C with no follow-through is suspect; look for Phase D confirmation.
What does a wide-range rejection bar after a UT suggest?,That supply is active; timing a short becomes favorable on weak follow-through.
When does a BU to the edge of creek offer best timing?,"When the pullback is shallow, volume is low, and structure confirms accumulation."
Why is Phase D often considered the safest for trend entries?,"It contains confirmed SOS/LPS or SOW/LPSY, reducing structural ambiguity."
What does a UT followed by tight range with no volume expansion suggest?,Absence of demand; short entries become higher probability.
Why should aggressive traders focus on spring variations in Phase C?,"These offer early entries if confirmed with strength, though risk is higher."
Why is a higher low after a spring a strong timing clue?,"It suggests diminishing supply and confirms buyers are taking control, ideal for long entry."
What does a rapid rejection after attempting to cross the creek mean for timing?,It indicates resistance is holding; delay long entries until a successful JAC.
How can a minor SOW in early Phase D guide timing?,It signals beginning of markdown; short entries become viable after LPSY confirmation.
What does a shallow BU after a strong SOS imply about strength?,It confirms strength with minimal supply; provides a high-confidence long entry.
Why is timing based on news during Phase C often flawed?,Smart money has already acted; structure timing is more reliable than headlines.
What role does tape reading volume behavior play in spring timing?,Low volume with quick reversal signals absorption; good entry point for longs.
How does a UTAD with a failed follow-through candle enhance short timing?,"It shows supply domination immediately after the test, validating short entry."
What is the risk of entering during an early SOS with wide spread and high volume?,It may be the climactic move; better timing comes on the next LPS.
What timing signal does a sudden drop on expanding volume after a UT provide?,Indicates major supply entering—ideal for initiating shorts.
Why is a reaction to LPS with diminishing volume significant?,It shows lack of selling pressure and confirms strength—supports long entry.
What if price jumps the creek but does not hold above it?,It signals a potential trap; wait for successful BU before committing to longs.
How does Phase C volatility offer clues for precise timing?,"Sharp, fake breakouts (spring or UTAD) allow entry with defined risk and high R:R."
What if a Phase B rally lacks volume and spread?,It's likely absorption in progress; premature to enter without stronger evidence.
Why is the first SOW in Redistribution a pivotal timing event?,It marks the beginning of breakdown; short entries become increasingly viable.
What makes the first SOS after a spring more meaningful than the spring itself?,The SOS confirms demand dominance and validates the test—entry is safer.
When is it too early to short after BC in Distribution?,"Before ST and UT develop, supply hasn't confirmed dominance—wait for Phase C signals."
What volume behavior distinguishes a valid LPSY from a pullback?,"LPSY occurs on low-volume rally followed by sharp, wide-spread down move."
Why is hesitation after a spring without SOS risky for timing longs?,It may suggest failure to absorb supply; entry should wait for confirmation.
What does a lower high after UTAD and a wide spread down-bar signal?,Supply dominance and readiness for markdown—supports short entry.
What does a breakout from TR without backing up suggest?,It may be unsustainable; wait for BU to confirm strength before entry.
How can relative strength during AR vs SC help refine timing?,A strong AR that exceeds midpoint of the decline confirms demand strength—preps for long bias.
Why is the first bullish bar after a test bar critical for timing?,It often confirms absorption; entering early here can capture the trend from the start.
How does consistent failure at resistance during Phase B affect short timing?,"Each failure confirms presence of supply, preparing for UT or UTAD entry."
What role does time spent around LPSY levels play in short entry timing?,Prolonged stay without rally confirms weak demand—entry risk is reduced.
Why is re-entry on BU more favorable than chasing the SOS?,BU offers confirmation and lower-risk entry point with a clear invalidation level.
Why does a strong AR followed by a shallow ST improve long timing confidence?,"It shows aggressive demand and weak supply, favoring early accumulation entry."
What makes a spring with no immediate SOS a warning signal?,Lack of follow-through suggests supply still exists; timing should be delayed.
How can the timing of a UT be improved with volume analysis?,"If volume expands into the UT and reverses, it confirms selling pressure—ideal for shorts."
What does it mean if LPS rallies fail to regain prior resistance?,Demand may be weakening; it's a caution signal for long entries.
How can bar characteristics confirm a valid LPSY?,"Narrow range, low volume rally followed by immediate rejection confirms weak demand."
What does it suggest if a BU fails to reach the top of the range?,Demand is weakening; reaccumulation may be failing—avoid longs until clarity.
How does timing change if Phase B shows increasing down-bar volume?,It suggests supply is becoming dominant; short setup may be developing.
When is it best to enter after a shakeout that creates a terminal spring?,On the test bar that shows low volume and higher close into the TR.
Why is the SOS after a spring considered a breakout confirmation?,It proves that the spring succeeded in absorbing supply and buyers are active.
What does a price rejection from the creek during reaccumulation suggest?,Creek remains resistance; wait for a clean jump and BU before entering long.
How does a shortening of rally attempts affect short entry timing in Distribution?,It signals diminishing demand and prepares for breakdown—ideal LPSY setup.
What does a series of lower highs into support indicate in a TR?,Pressure is building to the downside; spring or breakdown may be imminent.
Why is it dangerous to assume all ARs signal trend reversal?,ARs can simply be reflex rallies; they need confirmation through testing.
What’s the risk of entering on the first sign of strength in Phase A?,It may be a preliminary response; structure isn’t confirmed—wait for ST or spring.
What signals a redistribution is occurring instead of reaccumulation?,Weak rally attempts followed by MSOW and inability to reclaim prior resistance.
How does price behavior after a mSOW refine entry timing?,"If price struggles to rally, it confirms supply—LPSY becomes ideal for shorts."
What does an early sign of strength in Phase B usually lack?,Confirmation from tests; entries here are speculative and risk premature positioning.
What does clustering of closes at the top after a spring imply?,Strong absorption and possible markup—supports early entry on test bar.
What’s the significance of the first test after breaking the ICE level in Redistribution?,It acts as a LPSY and offers a low-risk short entry if supply dominates.
How does narrowing range in Phase C help pinpoint timing?,It signals a coiling spring or UTAD setup; entry is triggered by break and reversal.
What if a UTAD fails to break back into the range?,It may evolve into reaccumulation; short entry should be avoided.
How can observing time at the LPS level improve timing accuracy?,Less time at support with strong bounce suggests bullish conviction—enter early.
What does a strong up-bar from LPS without follow-through suggest?,Potential absorption issue; confirm with a BU or another test before committing.
When is a Phase D markup likely to fail?,"If LPSs show increasing volume and decreasing spread, suggesting hidden supply."
What happens when price fails to rally after a terminal shakeout?,Spring failed; avoid longs until price reclaims support and tests successfully.
What does an inability to rally above AR in Accumulation suggest about timing?,It implies demand is weak; delay long entries until a confirmed SOS appears.
How does a declining response to up-bars in Phase B warn of poor long timing?,It signals absorption or lack of commitment; entries should be postponed.
What’s the ideal timing condition to enter during a reaccumulation phase?,After a strong SOS followed by a shallow BU with low volume.
Why should a trader avoid early entry during preliminary support (PS)?,PS is not a stopping action; the downtrend is still in control.
How does time spent below SC after a spring affect trade timing?,Prolonged time below SC weakens the bullish case; spring may have failed.
What bar structure following a UTAD signals optimal short entry?,A wide-spread down-bar with increasing volume closing on the low.
What does repeated failure to push above resistance in Phase C suggest?,A UT or UTAD may be forming; prepares for timed short entries.
How does a failed test after a spring alter timing strategy?,It signals that demand hasn’t taken control; delay entry until a successful retest.
What role does the quality of the first LPS play in timing?,A strong bounce on low volume confirms demand; a weak bounce suggests further testing is needed.
What does a tight range with low volume at the top of a rally indicate?,Supply is entering quietly; prepare for short setups on breakdown.
Why is the area near the bottom of a trading range critical for timing springs?,Springs originate from these zones; reversal setups begin forming here.
What’s a common mistake in timing during Phase B of Distribution?,Assuming weakness too early; structure isn't yet complete for a reliable short.
How can observing a BU that respects prior resistance improve long timing?,It confirms the creek is now support—entry is supported by structure and context.
What does rapid rejection after an attempted SOS in Reaccumulation suggest?,Supply is still present; reaccumulation may fail—delay long entries.
How does price behavior around the ICE line refine short entry timing?,Failure to reclaim ICE after breakdown offers precise LPSY entries.
What happens when an AR retraces deeply and rapidly?,It indicates supply dominance; accumulation is less likely—avoid early longs.
Why is a breakout without backing up often unreliable?,It may lack testing; traders should wait for a BU or LPS confirmation before entering.
What is the timing risk in trading a UT without confirmation?,It may be a UA or normal range action; wait for MSOW or follow-through.
How does shortening of the reaction legs in Phase C support timing a spring?,"It indicates supply is weakening, and the next push down may be the spring."
Why is the test after the spring often the most reliable long signal?,It shows whether supply is truly absorbed; success here confirms entry.
What happens when price forms a series of weak LPSYs before breakdown?,It shows persistent supply; markdown is likely—short entries are justified.
Why is observing the depth of reaction after SOS essential for timing?,Shallow reactions on low volume confirm strength and offer ideal LPS entries.
How does poor follow-through on up-bars in Phase D signal caution?,It suggests lingering supply—entries should be limited or delayed.
What does an extended stay near resistance with no breakout imply?,Upthrust conditions may be developing; time shorts if rejection follows.
How does a fake spring without volume contraction fail to confirm entry?,It may not represent true testing—wait for clear signs of absorption before buying.
Why is a wide-spread bullish bar into resistance without follow-through a poor long signal?,"It likely reflects testing supply, not true breakout strength—wait for confirmation via SOS or BU."
What does a spring with immediate retracement below support suggest?,That the spring failed to absorb supply; long entries should be avoided.
Why is observing price compression before a breakout important for timing?,It signals reduced volatility and imminent expansion—watch for SOS or SOW to confirm entry.
What does a failed BU in Reaccumulation indicate for timing?,That demand is weak or unconvincing; better entries may come only after new confirmation.
Why is a UT followed by price stalling at resistance a warning sign?,It suggests lack of demand; sets up for a potential short on LPSY formation.
What makes a successful JAC (Jump Across the Creek) significant for timing longs?,It marks the transition from accumulation to markup; the next BU offers a lower-risk entry.
How does a failure to rally after a test bar affect timing?,It weakens bullish case; traders should wait for SOS to confirm demand strength.
Why should traders avoid entering during high-volume reactions within TRs?,Such reactions often signal active supply; wait for clearer confirmation in Phase C or D.
What does a sharp rejection on low volume during a rally suggest?,That supply may be hidden; watch for confirmation of UT or resistance hold before shorting.
How can narrowing of spreads near TR resistance help time short entries?,It signals exhaustion and potential for UTAD or distribution confirmation.
When is it best to act after a terminal shakeout?,After the first higher low or bullish test bar on low volume that confirms support is respected.
How does a failed LPS rally help time a short?,It signals weak demand response—price likely to revisit or break support.
What role does a spring followed by a wide-spread up-bar play in timing?,It confirms the spring’s success and can justify immediate or partial entry.
Why is waiting for an LPSY after a UTAD often better than shorting the UTAD itself?,LPSY provides structural confirmation of weakness and lower-risk entry point.
How can time spent above resistance post-SOS help validate long entries?,Sustained holding above TR shows strength; BU becomes ideal entry on minor pullback.
Why does repeated low-volume testing of TR support strengthen bullish timing?,It indicates successful absorption; next SOS is more likely to hold.
What does a wide-spread down-bar through ICE followed by a failed rally imply?,That distribution is active; short timing is ideal near LPSY rejection.
How do low-volume inside bars at support in Phase C help time longs?,They suggest sellers are drying up; entry becomes attractive if followed by strength.
What does an inability to close above AR after SC imply during Phase B?,Demand may not be strong enough yet—better entries come after spring or SOS.
Why should entries during Phase A often be avoided?,The trend hasn’t reversed yet; PS or SC alone don't guarantee structural shift.
What does a strong up-bar closing above the creek with confirmation volume imply?,Demand has overtaken supply; timing long entries on BU becomes favorable.
Why does a short-lived rally after mSOW suggest short timing readiness?,It reflects lack of committed buyers; confirms trend is down and LPSY may be forming.
What timing cue does a failed breakout attempt above TR high offer?,Watch for reversal bars and short entry as UTAD structure unfolds.
What does increased effort but diminishing upward result imply before a breakout?,Effort/Result divergence suggests absorption or potential trap—delay long entry.
How does Phase D behavior distinguish markups from fakeouts?,Consistent SOS and shallow LPS on low volume signal real trend—ideal entry timing.
What does a series of failed SOS attempts in Phase D indicate for trade timing?,That demand is weakening; delay or reduce long exposure until confirmation returns.
How does a wide-spread down-bar after a BU signal affect timing?,It suggests supply was not fully absorbed; long entries should be postponed or exited.
Why is the first successful LPS after a failed spring a critical timing cue?,It marks the moment demand reasserts control and offers a safer re-entry opportunity.
"What does a UTAD followed by narrow, low-volume rallies imply?",Lack of demand—confirms weakness and signals prime short entry zones.
How can a bullish bar with no follow-through after SOS affect timing?,It suggests breakout may not be genuine; wait for confirmation before entering or adding.
What does the failure of price to return to TR after a spring imply?,Successful absorption and dominance of demand—timing favors immediate continuation entries.
What happens when a UT occurs during early Phase B?,"It is likely a UA, not a true UTAD; short entries here may be premature."
Why is a failed LPS that quickly returns to SC zone concerning for long trades?,It suggests structure remains weak; traders should avoid re-entering until new strength appears.
What role does declining volume on each LPSY rally play in short timing?,It confirms diminishing demand and validates continuation of markdown.
How does observing test behavior above the creek affect long entry timing?,A successful low-volume test above creek sets up reliable continuation entries.
Why should you avoid long entries during high-volume rejection bars near TR top?,It often marks supply presence or UT setup—wait for confirmation or reversal.
What does a high-volume ST in Phase A suggest about timing?,That supply is still active; wait for Phase C spring or SOS for safer long entry.
How does confirmation volume after breakout assist in timing?,Rising volume supports breakout validity; follow-up entries can be made on next LPS.
What does the inability to rally after a shakeout in Phase C signal?,It may be a failed spring; do not enter long without a successful test.
How can the speed of recovery after a spring guide timing decisions?,Quick recoveries suggest strength and readiness for markup—entries can be advanced.
What does gradual drift into resistance on low volume often precede?,It precedes UT or UTAD; shorts should be timed on rejection confirmation.
When does Phase E offer valid continuation entries after breakout?,On minor pullbacks to prior resistance-turned-support that act as new LPS.
What does a wide-spread bullish bar without preceding test imply in Accumulation?,"Potential early markup, but without confirmation; better to wait for BU or LPS."
How can observing spread and volume behavior at LPS help entry timing?,Wide spread and low volume bouncing from LPS confirms strength—long entries are justified.
What does a failed UTAD that turns into consolidation suggest?,Reaccumulation may be developing; shift bias and watch for signs of strength.
What signals that a spring might need retesting before reliable entry?,Fast spike followed by hesitation or volume surge—wait for a proper low-volume test.
Why is a clean LPSY below ICE in Phase D of Redistribution ideal for short entries?,It confirms downward control and provides a low-risk point with trend confirmation.
What does a breakout with immediate wide-range rejection imply for timing?,It’s likely a bull trap; entries should be avoided or reversed after confirmation.
What timing insight is provided when rallies in Phase B lose momentum quickly?,It implies supply presence; entry should wait for Phase C validation or UTAD.
How does a deep BU that holds just above prior resistance strengthen long bias?,It confirms commitment from buyers and validates re-entry or position scaling.
How does the behavior of the first rally after SC influence timing?,"If the AR is strong and broad, it defines resistance early and sets up clear spring and SOS timing later."
What does a test bar that fails to close above the midpoint of the spring bar imply?,Supply may still be present; entry should be delayed until stronger confirmation.
"How does a slow, low-volume drift toward resistance affect timing judgment?",It often precedes UT or UTAD; shorts should be timed after rejection confirmation.
Why should traders avoid shorting after the BC without a UTAD?,The structure may still be forming; wait for Phase C confirmation before entry.
What does a shallow LPS reaction suggest about market condition?,Strong demand; confirms timing for scaling into long positions.
Why is it risky to enter long during Phase A of Accumulation?,"The prior downtrend hasn’t concluded; timing should wait for SC, ST, or spring events."
How does a wide-range up-bar on low volume from LPS affect timing?,It confirms demand with minimal effort—ideal signal for trend continuation entry.
Why is timing crucial after a fake breakout in reaccumulation?,False breakouts trap weak hands; proper timing comes after confirmation on test or BU.
What timing insight does a high-volume reaction after a UT offer?,Supply is active; prepare to short after LPSY confirmation on weak rallies.
What signals that an AR has set a valid range for accumulation?,"If the rally occurs on increasing spread and volume after SC, it's a reliable ceiling for timing future spring and SOS."
How can you use effort vs. result during a spring to time entries?,Low effort (volume) and large result (range recovery) indicates absorption—good entry signal.
Why is a flat BU structure with narrowing range considered bullish?,It reflects low supply and builds cause; timing long becomes favorable on breakout continuation.
What does a UT followed by high-volume reversal bar indicate for short entry?,That institutional supply entered—entry is favored on confirmation via LPSY or break of support.
Why is the first LPS after a failed spring highly actionable?,It suggests second-phase demand is stepping in—timing supports re-entry with more clarity.
How does time spent above AR resistance after SOS inform long entry timing?,"The longer price holds above, the more confirmed the breakout is; BU entries become ideal."
What does rejection from ICE without penetration say about redistribution timing?,That buyers are still active; wait for MSOW or failed test before entering short.
How does observing spread contraction near a TR bottom affect spring timing?,It signals pressure buildup and potential for imminent spring.
What confirms that a UTAD has failed to trigger markdown?,"If price holds above prior resistance and rallies with strength, bearish timing is invalidated."
Why is a SOS with no follow-through on next bar a red flag?,"It may be a buying climax, not a true breakout; wait for BU or test before committing."
What does repeated testing of TR support with higher lows imply for timing?,It signals increasing demand and weak supply—spring may already be complete.
Why does a gap above the TR after a spring require caution?,It might be a news-driven move; wait for BU or low-volume pullback to validate entry.
How does a series of weak up-bars failing at the same level inform short timing?,They confirm supply dominance; UT or LPSY entry becomes high probability.
What does a fake breakdown below ICE followed by a bullish bar suggest?,It may be a shakeout; avoid shorts and reassess for potential reaccumulation.
How does a successful BU with immediate follow-through affect trade timing?,It confirms trend integrity and allows immediate or scaled-in long entry.
Why is it dangerous to short during a reaccumulation Phase D pullback?,LPS-level reactions are typically shallow and bullish—shorting there goes against dominant strength.
What does it suggest if price makes a spring but fails to reach AR level?,That demand may be weak or trapped; long entry should be withheld until an SOS confirms strength.
How does a successful test just above the SC zone refine entry timing?,It indicates supply has been absorbed without needing a full spring—ideal for early accumulation entries.
What if price breaks above resistance on low volume but reverses immediately?,It's likely a UT or bull trap; best timing is on rejection confirmation with a short bias.
How can observing spread behavior on BU bars guide timing?,Narrow spreads with diminishing volume on BU imply supply exhaustion—entry is justified.
Why is it risky to enter long after AR if volume is declining on rallies?,It suggests demand is fading or not dominant; timing favors waiting for a spring or SOS.
What does a successful spring followed by sideways price action mean for entry?,It shows controlled absorption; timing longs on breakout or SOS offers low risk.
When is a Phase C test without spring valid for long entry?,"When price tests near SC on low volume and rebounds cleanly, confirming absorption is complete."
What is the significance of the first lower high after UTAD in timing shorts?,It marks early confirmation of weakness—ideal spot for initiating or scaling short positions.
Why is it critical to assess volume behavior around ICE in Redistribution?,Failure to reclaim ICE with weak volume validates bearish control—LPSY shorts become favorable.
How can multiple STs in Phase B guide precise spring timing?,They show progressive supply testing; the final spring often follows ST clusters as timing converges.
What does a failed test bar at the top of a TR imply about timing?,That resistance is active; wait for UTAD or failure before considering short entries.
Why is it important to track the slope of rallies during Phase D?,A flattening or decelerating slope signals weakening demand and possible trend reversal—adjust entry timing.
What timing signal does a clean BU that holds above the creek give?,That support is now confirmed; long positions can be initiated or added with confidence.
What happens if LPSY rallies begin to show widening spreads and volume?,Potential failure of Redistribution; short entries should be re-evaluated as demand may return.
Why is watching the last bar before breakout important for timing?,"If it's a low-volume test bar near resistance, breakout is likely to follow—timing long is favorable."
How does a failed SOS after a spring impact timing plans?,It invalidates the spring setup; re-entry should only occur after successful retest or new strength.
What makes a ST with ultra-high volume near TR bottom a poor timing point?,It may be PSY-style absorption or a shakeout precursor; entries are premature without confirmation.
What timing signal is given by a swift rejection of UTAD highs?,It suggests strong supply absorption—short entries become high probability at the next LPSY.
Why does early commitment in Phase B often fail?,"Structure is still forming; better timing comes from spring, UTAD, or breakout confirmations."
What does declining volume across multiple LPSs suggest?,Supply is diminishing; continuation is likely—long entries remain favorable on each LPS.
When is a reaction in Phase D not a good long entry?,If it penetrates too deep into the TR or shows increasing volume—wait for structure to stabilize.
How do overlapping candles after a breakout indicate timing clarity?,They represent testing or pause—look for strength bar or low-volume pullback before entering.
What is the timing implication of a BU that fails and returns into the TR?,Distribution may be underway—longs should be exited and bias reevaluated.
How does a second spring with a higher low affect entry timing?,It reinforces strength and confirms demand; ideal spot to initiate or scale in longs.
What does low volatility and volume near UT highs imply before a breakdown?,Lack of demand confirmation—watch for MSOW to enter short with confidence.
What does it indicate if price rallies above resistance without SOS characteristics?,The breakout may lack institutional support; timing long trades should wait for a BU or test.
Why should one be cautious of early strength in Phase B?,"It often reflects testing or absorption, not a confirmed trend—wait for Phase C or D for better timing."
How does a failure to retest SC before markup affect entry timing?,It suggests strength; traders may enter on the next LPS or shallow BU confirmation.
What if a UT forms without prior buying climax in the structure?,It’s likely premature; wait for signs of SOW and LPSY before shorting.
What does a series of weak up-bars failing near the midpoint of the TR signal?,That demand lacks dominance—UTAD or breakdown may follow; prepare to short.
How does a quick recovery after a failed spring validate timing?,It shows absorption succeeded; confirms Phase C is complete—enter on test or early SOS.
Why is a clean jump across the creek more valuable than a choppy breakout?,It demonstrates decisive control by demand; long entries on BU are higher probability.
What timing insight is provided by a failed rally after the AR in Distribution?,It reflects weak demand; watch for signs of UT or UTAD to prepare short positions.
What does it mean if STs in Phase B barely retrace the SC?,Supply may already be absorbed; spring may occur at a higher level or be skipped entirely.
When should you avoid shorting after UTAD?,If price fails to break back into the range or is absorbed on pullback—wait for LPSY or MSOW.
How does a bullish test bar with narrowing spread and low volume confirm entry?,It indicates reduced supply and successful testing—favors immediate or next-bar entry.
Why does an LPS that forms just above support increase long timing precision?,It confirms demand is holding the zone without needing a deeper test.
What if price breaks below SC but reclaims it immediately on volume expansion?,It may be a terminal shakeout; time long entries after confirmation from test or SOS.
What timing risk exists if a BU pulls too deep into the prior TR?,It may indicate reentry of supply—wait for structure to reassert strength before entering.
How does observing a failed spring help prepare for better timing later?,It sets up the next successful test or spring; entries become more reliable after the failure.
Why does the first failed attempt to jump the creek matter for timing?,It shows resistance is not yet overcome; wait for successful JAC and BU for clean entries.
What does it mean when LPSY rallies become shorter and volume dries up?,That supply dominates; timing shorts into breakdown becomes higher probability.
How do reactions from ICE during Phase D affect short entries?,Sharp rejections from ICE confirm redistribution; LPSY entries become precise.
What timing clue is given by clustering of closes after spring?,It signals testing and preparation; entry is favored once breakout occurs with volume.
How does a UT with no follow-through confirm short opportunity?,It reveals lack of demand; short entries are favored on next weak rally or breakdown.
Why is the volume signature on a spring’s test bar so important?,Low volume confirms no supply; it strengthens entry timing confidence.
How can a pause after breakout help validate continuation entries?,It reflects absorption of supply; timing longs on BU becomes structurally sound.
What does repeated testing of resistance without a breakout suggest in late Phase C?,A UTAD is likely forming; watch for short entries after confirmation bar.
How does a narrow-range inside bar after SOS affect entry timing?,"It may act as a test; if followed by strength, it validates continuation long entry."
What does a sudden reversal from an LPSY with no resistance overhead imply?,That supply is hidden or reemerging—short timing is improved on follow-through.
Why does a low-volume reaction after an SOS support precise entry timing?,It indicates supply absorption; timing longs on LPS or BU becomes favorable.
What does it signal if a spring is followed by wide bars with shallow pullbacks?,Strong demand is in control; long entries are justified early in Phase D.
What if a UTAD is followed by a tight trading range at resistance?,It reflects absorption of demand; short timing is optimal on breakdown or LPSY.
Why is waiting for a BU after a creek jump safer than entering on breakout?,It confirms support and validates demand—providing a lower-risk long entry.
What timing cue does a lack of AR rally in Accumulation offer?,It suggests weak demand; avoid early long entries until spring or SOS confirms strength.
How does behavior around the midpoint of the TR refine timing?,Consistent failure at midpoint suggests supply is dominant—prepare for short setups.
When is a spring considered failed from a timing perspective?,If price cannot reclaim SC zone or retests fail on strength—longs should be avoided.
What is the ideal entry condition after a successful LPS?,"A low-volume, shallow reaction followed by wide up-bar provides clear timing for continuation."
What if price consolidates tightly below the creek after UT?,It often precedes markdown; short entries are optimal on break or confirmation of LPSY.
How does volume drying up after a spring signal long entry timing?,It shows sellers are exhausted; breakout or SOS becomes the confirmation trigger.
Why is re-entry after a failed breakout typically higher risk?,It reflects poor demand absorption; wait for proper test or BU before entering again.
How do multiple failed rallies into resistance strengthen short timing?,They confirm supply is overwhelming—UTAD or LPSY becomes imminent.
What does a flat LPSY suggest before a markdown?,Lack of demand and clear rejection—short entries have high probability from this level.
How can volatility contraction near TR bottom signal spring timing?,It suggests absorption is nearly complete; spring or test entry is imminent.
What does a strong rally from ST without testing SC imply for timing?,That demand is aggressive; entries may be timed on next reaction or shallow BU.
Why is confirmation volume on breakout more important than breakout itself?,Volume validates commitment; timing without it may lead to premature entries.
What does an LPS that forms above the midpoint of the range signal?,Strength is dominant; long entries can be timed earlier with less risk.
How do wide bars with no follow-through after UTAD affect entry timing?,They indicate a trap—ideal for short entries after weak rally or LPSY.
When is it too early to long during a reaccumulation phase?,Before the SOS or BU; structure must prove strength first to time entries reliably.
Why should traders monitor volume near TR extremes for timing clues?,Surges or contractions near edges often precede spring or UTAD setups.
How does a shallow pullback into BU support ideal trade entry?,It confirms support; continuation longs can be entered with tight risk control.
What does an inability to reach AR after SC reveal about early timing?,Weak initial demand; wait for spring or proper SOS before committing to longs.
How can increasing spread but declining volume warn against long timing?,Effort/result mismatch shows absorption or exhaustion; delay entries.
Why is timing a second test after failed spring often more reliable?,It confirms absorption completed—strong demand enters on successful retest.
What does a breakout that immediately tests breakout level with low volume imply?,It’s a successful test; confirms strength and provides precise long entry timing.
What does a rapid failure after SOS indicate for trade timing?,It suggests the breakout was not supported by demand—long entries should be reconsidered or exited.
How can overlapping bars at support after a spring affect timing?,They indicate absorption; breakout or test confirmation offers favorable long timing.
Why is the midpoint of Phase B crucial for anticipating timing in Phase C?,Rejection or support at midpoint helps anticipate spring or UTAD location for entry signals.
How does a wide-spread up-bar during Phase B mislead timing?,It may reflect testing or manipulation—wait for structural confirmation before entry.
What does a narrowing rally range near TR top signal in Phase D?,Demand is weakening—entry timing favors shorts after UTAD or LPSY forms.
Why is observing the reaction to AR critical before timing longs?,It confirms whether demand is present; failure to hold suggests SC retest is likely.
What does a series of small-bodied candles above the creek imply for timing?,It shows hesitation; better to enter long after strength returns or on a BU.
Why does a strong ST with immediate rebound refine accumulation timing?,It may signal demand readiness; long timing is sharpened on next successful test.
When should a trader delay long entry after a successful spring?,If volume remains elevated or price hesitates—wait for clean test or SOS.
What role does effort vs result play in confirming LPSY timing?,Wide effort with weak result signals supply—entry short is validated.
Why is entry after the first LPS often safer than on the SOS breakout?,The LPS confirms support and tests demand—offering lower-risk long positioning.
What if a UTAD is followed by higher highs on declining volume?,Distribution may be failing—short entries should be avoided until weakness resumes.
What does a strong AR followed by higher ST imply about spring timing?,That the spring may be unnecessary; long entries could shift toward SOS or BU.
How does holding near resistance with no breakout alter short timing?,It prepares the ground for UT; short timing improves after failed breakout or rejection.
What does rejection from the midpoint of the range after spring suggest?,Buyers are struggling—delay longs until clear strength resumes.
What if price rallies out of TR with no clear SOS?,It may be premature or weak—prefer to wait for BU or LPS to confirm continuation before entry.
Why is a prolonged BU phase not necessarily bearish for timing?,It can reflect healthy consolidation—entries become ideal on breakout confirmation.
What timing benefit comes from a spring with bullish divergence?,It shows hidden demand; long entry becomes highly favorable on test or reversal.
What is implied when Phase D rallies cannot exceed prior highs?,Distribution may be ongoing—shorts can be timed on weak follow-through or LPSY.
Why is timing longs during descending Phase B dangerous?,The structure is not yet complete; early entries risk spring failure or whipsaw.
What if a reaccumulation range shows sharp volatility with no direction?,Absorption is ongoing; wait for SOS and BU to confirm trend before entering.
How does a pullback holding just above the creek improve long entry odds?,It confirms demand control—ideal for entering on breakout continuation.
What does a low-volume UT followed by high-volume decline signal?,It confirms supply took over—short entries are validated on any LPSY.
When is timing based on volume climax misleading in TRs?,Climaxes can occur in Phase B without trend follow-through—wait for Phase C structure.
Why is a shallow LPS reaction more bullish than deep ones?,It shows confident demand—early Phase D entries are favored.
What does it mean if price re-enters the TR shortly after a breakout?,The breakout likely failed; wait for a valid BU or reaccumulation before timing long entries.
Why is a secondary test after spring often a better timing point than the spring itself?,It confirms absorption with less risk; demand has shown commitment.
What timing signal does a quick recovery from below SC offer?,That buyers stepped in aggressively—entry is favorable on the first bullish confirmation bar.
Why is it better to short after the LPSY rather than the UTAD in many cases?,LPSY confirms weakness and offers structural validation; UTAD alone may be premature.
How does a series of failed rallies after a UT confirm timing?,They indicate absence of demand; shorts are ideally timed on weak up-bars or breakdown.
Why does a failed BU that drops below TR demand caution?,It may signal re-distribution; long entries should be withheld until structure stabilizes again.
What does a sharp up-move that stalls at the AR high suggest in Accumulation?,It may be a test of resistance or UT; delay longs until a successful JAC and BU.
How does a bullish test bar above the creek strengthen trade timing?,It confirms the breakout; entry can be taken immediately or on next LPS.
Why is timing shorts during early Phase B often risky?,Distribution hasn’t yet confirmed; rallies could still be signs of reaccumulation.
How does a failed SOS that retraces deeply into the TR affect timing?,It implies supply dominance; long bias should be reconsidered until strength reemerges.
When is a high-volume breakout bar not a good long entry?,"If it lacks follow-through or closes with a long upper wick, it may be a UT in disguise."
Why is watching for spread contraction after spring helpful for timing?,It shows supply absorption; breakout or bullish bar confirms long entry.
What does clustering of closes just below resistance in Phase C suggest?,Potential for UTAD development—short entries should be considered after rejection.
What’s the timing significance of a strong SOS closing near high on expanding volume?,It validates demand; enter on next shallow reaction or BU.
How does a gradual descent into SC with declining volume assist timing?,It sets up for a spring—look to enter on low-volume test or immediate reversal.
What’s the implication of a spring followed by sideways action at higher lows?,It shows support building; long entry becomes favorable on strength bar.
Why avoid long entries when price repeatedly tests SC with increasing volume?,Supply may not be absorbed; wait for clear spring/test before committing.
What timing clue does a UTAD followed by a failed rally into midpoint offer?,It confirms rejection of highs—shorts are well-timed on breakdown or weak rally.
How does a BU that aligns with prior resistance become a key entry point?,It confirms polarity shift; long entry is favored on hold or bullish continuation.
What does a low-volume pullback after a strong AR imply about trade timing?,Demand may be present early; spring may not form—watch for SOS entry opportunity.
When is it best to exit longs during Phase D?,If LPSs become weak or volume increases on down-bars—distribution may be starting.
Why does price hesitating at ICE during a rally signal caution?,It may act as hidden resistance—avoid longs until price clears and tests above.
What does the inability to form a proper LPS after SOS suggest?,That the rally lacks support; long entries should be deferred or closed.
How does bar overlap near a TR top refine UTAD timing?,It shows reduced upward thrust; short entries become optimal as rejection forms.
What if a ST forms at the same level as the SC?,No spring is occurring; timing long trades requires SOS confirmation instead.
Why does a spring that fails to rally above AR signal timing risk?,It suggests demand is not yet dominant; better to wait for a confirmed test or SOS.
What does a sudden expansion in volume during a BU test imply for timing?,It may indicate supply entering; delay long entries until volume subsides.
How does a test that holds above SC with narrow spread improve entry timing?,It confirms successful absorption—longs can be timed on next bullish confirmation.
What does failure to break out after multiple SOS attempts imply?,That demand is being absorbed; timing long trades should pause until a new test confirms strength.
Why is a swift rejection from TR highs during Phase C significant for shorts?,It often signals a UTAD; timing shorts on the next LPSY becomes favorable.
What does a rising volume pattern with declining progress during markup indicate?,Effort/result divergence; exit or delay long entries as supply may be entering.
Why is timing critical after a spring with immediate wide-range up-bar?,It confirms intent; early entries on follow-through can capture momentum with low risk.
What does it mean if price consolidates above the creek after a breakout?,It indicates strength; long entry is well timed on the BU or next LPS.
When does a UT fail to signal short entry?,If price holds above resistance and volume declines on reactions—structure may still be bullish.
How can you time a spring when price never undercuts SC?,"If price tests near SC on low volume and rebounds with strength, spring timing is still valid."
Why is observing volume on LPS more important than price action alone?,Low volume confirms supply absence; increases timing accuracy for long entries.
What if a UTAD fails to trigger follow-through breakdown?,It may evolve into reaccumulation; short timing should be canceled or reversed.
How does timing change if the first LPS in Phase D shows high volume?,Supply may still be present; delay long entries until volume contracts on the next LPS.
Why does overlapping price action just above AR suggest entry hesitation?,It indicates demand may be struggling; wait for SOS or BU to confirm direction.
What’s the risk of entering on an early SOS that closes with upper wick?,It may reflect selling into strength; better to wait for a successful BU test.
When does a BU fail despite a successful JAC?,"If volume is high on the BU and price closes weakly, supply may be dominating—delay longs."
What timing clue is offered by repeated failures to break TR midpoint in Phase B?,Price may be preparing for spring; entries should wait for Phase C confirmation.
Why does a wide-range down-bar after a weak LPSY confirm short timing?,It confirms supply control—entry on breakdown or weak retest is ideal.
What does a failed attempt to reclaim ICE during Phase D imply?,Redistribution is confirmed; short entries on next LPSY are strongly favored.
What if price rallies after a spring but stalls below AR level?,It shows limited demand; long timing should wait for SOS or retest confirmation.
Why is a deep pullback after a breakout not always bearish?,"If volume is low and price holds above the TR, it's a normal test—entry on next bullish bar is valid."
How does a spring that quickly rallies above resistance affect timing?,It may be a jump to Phase E; entries should be made immediately or on minor pullbacks.
What does persistent low-volume testing of TR highs suggest about timing?,Demand is building; breakout and BU become prime long entry zones.
What if price forms a UTAD but doesn’t decline meaningfully afterward?,The pattern may be invalid; short timing should be avoided unless supply reappears.
What is the value of a low-volume BU that respects prior resistance?,It confirms polarity; long entries can be timed precisely on continuation setups.
What does a narrow-range bar after a wide SOS bar suggest for timing?,It often signals a bullish test; long entry can be timed on the next strength bar.
Why is the first LPS after price reclaims the SC zone important for timing?,It confirms demand strength and validates long entry with low risk.
What timing signal is given when a UT fails to close above TR resistance?,Supply dominance is likely; short entries can be timed near the UT rejection.
Why should traders avoid timing longs during a reaction to a weak SOS?,The move may lack conviction; better to wait for LPS or successful BU.
What does a spring followed by a low-volume test near midpoint of TR imply?,Supply is absorbed; long timing improves significantly on next up-move.
How does a sharp rally failing near the AR level impact trade timing?,It suggests resistance remains strong; long entries should be withheld.
Why is a spring with increasing volume but no follow-through a caution signal?,It may reflect absorption failure; wait for a test before entering.
When is a UTAD more likely to fail as a short entry signal?,If follow-through is weak and price reclaims resistance with strength.
What does a failed LPSY that breaks back above midpoint of the TR suggest?,Redistribution may be breaking down—short timing becomes invalid.
How does the shape of a BU affect its reliability for entry timing?,Flat and narrow BU structures are more reliable; steep or volatile BUs may be unstable.
Why is waiting for confirmation after the initial SOS breakout prudent?,Initial breakouts can be traps; confirmation ensures demand has truly taken control.
What happens if a TR holds support but shows lower highs repeatedly?,It may set up a spring; wait for absorption signs before timing longs.
Why is price clustering above AR significant in timing reaccumulation trades?,It signals strength and stability; BU becomes a prime long entry level.
What does a ST forming at the same level as SC without follow-up rally imply?,It shows lack of demand; delay entry until proper spring or test.
What timing cue does increasing volume into a resistance zone offer?,It can signal UT risk; wait for price rejection before entering shorts.
What does repeated low-volume rejection from ICE in redistribution indicate?,Sellers dominate; shorts can be timed at next LPSY or breakdown.
How does time spent in a tight range near TR bottom help anticipate spring timing?,It suggests absorption and pressure buildup—spring is likely to follow.
What is the implication of a bullish bar after a failed breakdown below TR?,It may be a shakeout; long entries are valid on confirmation or test.
Why avoid timing entries during volatility spikes in Phase B?,"These often represent testing, not trend shifts—wait for Phase C clarity."
What does a high-volume BU with shallow follow-through tell us?,It may lack real demand; better to enter after a successful test.
Why does overlapping price action near UT highs confirm timing for shorts?,It shows buyers are exhausted; short timing becomes reliable on breakdown.
When is a second spring more trustworthy than the first?,When it forms with less volume and cleaner price rejection—absorption is proven.
What does a quick test of the breakout zone after SOS indicate?,That buyers defended the level; long timing is favored immediately after the test.
How does a failed AR retest in Phase A help anticipate timing for spring?,It shows demand hasn't returned—watch for Phase C spring as the next valid entry.
Why is observing reaction strength after JAC useful for timing?,A shallow reaction confirms demand; long entry is justified at BU or LPS.
When is it ideal to enter a long position during Acc.?,"After a successful spring or low-volume test in Ph C, confirmed by a SOS in Ph D."
At what point is it ideal to enter a long position during Accumulation?,"After a successful spring or low-volume test in Phase C, confirmed by a SOS in Phase D."
When signals the start of Ph C in Acc.?,"A spring or shakeout that tests the lower boundary of the TR, often on low volume."
What signals the start of Ph C in Acc.?,"A spring or shakeout that tests the lower boundary of the TR, often on low volume."
How come is Ph C critical for timing long entries?,It marks the final test of supply; a successful spring signals readiness for markup.
Why is Phase C critical for timing long entries?,It marks the final test of supply; a successful spring signals readiness for markup.
When bar chart behavior signals a successful test after a spring?,"Higher low on lower volume, closing near the high of the bar."
What bar chart behavior signals a successful test after a spring?,"Higher low on lower volume, closing near the high of the bar."
When event confirms demand dominance in Phase D?,A SOS with increasing spread and volume followed by an LPS on low volume.
What event confirms demand dominance in Phase D?,A SOS with increasing spread and volume followed by an LPS on low volume.
How does a trader confirm the end of Acc.?,"Breakout above resistance after an SOS and LPS, signaling Phase E markup."
In what way does a trader confirm the end of Acc.?,"Breakout above resistance after an SOS and LPS, signaling Phase E markup."
When should a trader avoid entering during Accumulation?,"Before Phase C, as supply has not yet been fully tested."
At what point should a trader avoid entering during Accumulation?,"Before Phase C, as supply has not yet been fully tested."
When is the function of STs during Phase B?,They provide multiple tests of supply and gauge absorption progress.
What is the function of STs during Ph B?,They provide multiple tests of supply and gauge absorption progress.
When is the optimal short entry during Dist.?,After an UTAD followed by lower highs and wide-spread down-bars on volume.
At what point is the optimal short entry during Dist.?,After an UTAD followed by lower highs and wide-spread down-bars on volume.
When distinguishes a UTAD from an AR?,"A UTAD breaks above resistance but fails and reverses sharply, trapping late buyers."
What distinguishes a UTAD from an AR?,"A UTAD breaks above resistance but fails and reverses sharply, trapping late buyers."
When does a low-volume rally after an UTAD indicate?,Weak demand and confirmation of distribution readiness for markdown.
What does a low-volume rally after an UTAD indicate?,Weak demand and confirmation of distribution readiness for markdown.
When signals Phase C in Distribution?,"An UTAD or upthrust-type test at the TR high, often creating a bull trap."
What signals Ph C in Dist.?,"An UTAD or upthrust-type test at the TR high, often creating a bull trap."
How come are LPSY events significant for trade timing?,They confirm supply dominance and are ideal points to enter or add to shorts.
Why are LPSY events significant for trade timing?,They confirm supply dominance and are ideal points to enter or add to shorts.
How do volume and spread behave during a valid LPSY?,"Volume contracts and spreads narrow during rallies, then expand on down-moves."
In what way do volume and spread behave during a valid LPSY?,"Volume contracts and spreads narrow during rallies, then expand on down-moves."
When does a trader expect during Ph D of Dist.?,Series of breakdowns with rallies failing at lower highs and LPSYs.
What does a trader expect during Phase D of Distribution?,Series of breakdowns with rallies failing at lower highs and LPSYs.
When is it risky to short during Phase B?,Because the range is still developing and absorption by large operators may not be complete.
At what point is it risky to short during Ph B?,Because the range is still developing and absorption by large operators may not be complete.
How is a reaccumulation TR different from base accumulation in timing?,"No PS or SC; entry is based on SOS and LPS behavior, not springs."
In what way is a reaccumulation TR different from base accumulation in timing?,"No PS or SC; entry is based on SOS and LPS behavior, not springs."
When confirms a spring as a tradeable signal?,Quick recovery into TR with lower volume on the spring than prior downswings.
What confirms a spring as a tradeable signal?,Quick recovery into TR with lower volume on the spring than prior downswings.
How do you distinguish a shakeout from normal volatility?,"It violates TR support and sharply reverses, trapping breakout sellers."
In what way do you distinguish a shakeout from normal volatility?,"It violates TR support and sharply reverses, trapping breakout sellers."
How come is bar-by-bar volume analysis critical in Phase C?,To detect reduction in supply and verify smart money testing behavior.
Why is bar-by-bar volume analysis critical in Phase C?,To detect reduction in supply and verify smart money testing behavior.
When happens if a ST breaks below the SC level?,It may signal weak structure; expect either prolonged consolidation or new lows.
What happens if a ST breaks below the SC level?,It may signal weak structure; expect either prolonged consolidation or new lows.
When is it safe to scale into a position after Accumulation?,On each LPS in Phase D as price confirms demand and structure aligns.
At what point is it safe to scale into a position after Acc.?,On each LPS in Ph D as price confirms demand and structure aligns.
When type of price action warns of failed Accumulation?,"No follow-through after SOS, persistent supply, or deep retrace to SC level."
What type of price action warns of failed Acc.?,"No follow-through after SOS, persistent supply, or deep retrace to SC level."
How does Point & Figure (P&F) charting assist in timing?,It projects price targets from TRs and confirms if cause justifies the trade.
In what way does Point & Figure (P&F) charting assist in timing?,It projects price targets from TRs and confirms if cause justifies the trade.
When marks the transition from Phase B to C in Distribution?,Failed rally attempts with narrowing spreads and drying demand.
What marks the transition from Phase B to C in Distribution?,Failed rally attempts with narrowing spreads and drying demand.
When is the earliest Phase to cautiously prepare for entry?,"Late Ph B, once volatility compresses and supply/demand tilts."
What is the earliest Phase to cautiously prepare for entry?,"Late Phase B, once volatility compresses and supply/demand tilts."
When event in Ph A signals that the downtrend may be ending?,The appearance of PS and SC with high volume and wide spread indicates potential trend halt.
What event in Ph A signals that the downtrend may be ending?,The appearance of PS and SC with high volume and wide spread indicates potential trend halt.
When does a TR offer low-risk trade entries?,"During Phase C, when a spring or UTAD confirms the final test of supply or demand."
At what point does a TR offer low-risk trade entries?,"During Phase C, when a spring or UTAD confirms the final test of supply or demand."
How come is the AR important for timing entries?,It defines the upper boundary of the range and helps anticipate later breakout targets.
Why is the AR important for timing entries?,It defines the upper boundary of the range and helps anticipate later breakout targets.
When does narrowing spread with declining volume in Phase B suggest?,"Supply is being absorbed, and the structure is maturing toward a breakout."
What does narrowing spread with declining volume in Phase B suggest?,"Supply is being absorbed, and the structure is maturing toward a breakout."
How does a low-volume BU confirm trade timing?,"It validates that supply is exhausted, allowing continuation after SOS."
In what way does a low-volume BU confirm trade timing?,"It validates that supply is exhausted, allowing continuation after SOS."
When’s the ideal timing signal during Reaccumulation?,A successful LPS on low volume after SOS signals readiness for markup.
What’s the ideal timing signal during Reaccumulation?,A successful LPS on low volume after SOS signals readiness for markup.
How come does early entry during Ph B carry higher risk?,Because the trading range is still forming and supply/demand has not yet clarified.
Why does early entry during Ph B carry higher risk?,Because the trading range is still forming and supply/demand has not yet clarified.
How do multiple STs in Ph B impact timing?,They allow analysis of diminishing supply and better anticipation of Ph C.
In what way do multiple STs in Phase B impact timing?,They allow analysis of diminishing supply and better anticipation of Phase C.
How come is timing short entries after an UTAD more reliable?,It confirms supply dominance and traps late buyers for a markdown setup.
Why is timing short entries after an UTAD more reliable?,It confirms supply dominance and traps late buyers for a markdown setup.
When marks the end of Ph C in Dist.?,A UTAD or failed breakout with rejection and increased supply confirms transition to Ph D.
What marks the end of Ph C in Dist.?,A UTAD or failed breakout with rejection and increased supply confirms transition to Ph D.
How can you time entries using change of character (CHoCH)?,"CHoCH indicates a shift from trend to range or vice versa, refining entry context."
In what way can you time entries using change of character (CHoCH)?,"CHoCH indicates a shift from trend to range or vice versa, refining entry context."
How do Ph D rallies differ in Acc. and Dist.?,"In Acc., rallies show SOS; in Dist., rallies fail at LPSY."
In what way do Phase D rallies differ in Accumulation and Distribution?,"In Accumulation, rallies show SOS; in Distribution, rallies fail at LPSY."
When is the role of the creek in timing long positions?,Jumping the creek (JAC) confirms strength; re-tests at BUEC offer precise long entries.
What is the role of the creek in timing long positions?,Jumping the creek (JAC) confirms strength; re-tests at BUEC offer precise long entries.
How does timing differ between accumulation with and without spring?,"Without spring, trader waits for clear SOS and LPS confirmation before entering."
In what way does timing differ between accumulation with and without spring?,"Without spring, trader waits for clear SOS and LPS confirmation before entering."
When does a failed spring indicate about trade timing?,It warns that supply is still present and delays entry until more evidence appears.
What does a failed spring indicate about trade timing?,It warns that supply is still present and delays entry until more evidence appears.
How come is Phase E too late for ideal entry timing?,"By Phase E, price has moved substantially; R/R ratio deteriorates."
Why is Phase E too late for ideal entry timing?,"By Phase E, price has moved substantially; R/R ratio deteriorates."
How can volume on a spring guide timing decisions?,A spring with low volume followed by strong SOS confirms demand; a high-volume spring suggests caution.
In what way can volume on a spring guide timing decisions?,A spring with low volume followed by strong SOS confirms demand; a high-volume spring suggests caution.
How come do wide-spread down-bars after a UTAD matter?,They confirm supply entering the market and increase confidence in short timing.
Why do wide-spread down-bars after a UTAD matter?,They confirm supply entering the market and increase confidence in short timing.
When timing clue does a low-volume rally after breakdown provide?,It often marks an LPSY and a high-probability short entry.
What timing clue does a low-volume rally after breakdown provide?,It often marks an LPSY and a high-probability short entry.
When is a BU after Reaccumulation a valid entry?,When price pulls back on low volume to prior resistance-turned-support and shows demand.
At what point is a BU after Reaccumulation a valid entry?,When price pulls back on low volume to prior resistance-turned-support and shows demand.
How come is testing after shakeouts crucial for timing?,It confirms whether supply has been removed and validates the strength of the spring.
Why is testing after shakeouts crucial for timing?,It confirms whether supply has been removed and validates the strength of the spring.
How does volatility contraction in Ph B affect trade timing?,It suggests structure is mature and breakout or test in Ph C is imminent.
In what way does volatility contraction in Phase B affect trade timing?,It suggests structure is mature and breakout or test in Phase C is imminent.
When indicates a premature long entry in Acc.?,"Buying before Ph C test or SOS, when supply absorption isn't yet confirmed."
What indicates a premature long entry in Accumulation?,"Buying before Phase C test or SOS, when supply absorption isn't yet confirmed."
How do failed UTADs impact trade timing?,They can trap shorts and trigger short squeezes; wait for follow-through before entering.
In what way do failed UTADs impact trade timing?,They can trap shorts and trigger short squeezes; wait for follow-through before entering.
When bar action following a spring signals immediate entry?,A wide-spread up-bar closing near the high with increased volume confirms strength.
What bar action following a spring signals immediate entry?,A wide-spread up-bar closing near the high with increased volume confirms strength.
When characterizes ideal timing on a LPSY in Redistribution?,"Low-volume retest of broken support, followed by failure to make new highs."
What characterizes ideal timing on a LPSY in Redistribution?,"Low-volume retest of broken support, followed by failure to make new highs."
When does an LPS in Phase C signal about timing a long entry?,That demand is absorbing supply and the price is likely ready for markup.
What does an LPS in Phase C signal about timing a long entry?,That demand is absorbing supply and the price is likely ready for markup.
How does a test of the SC help confirm timing?,It verifies whether supply has diminished enough to allow a sustainable rally.
In what way does a test of the SC help confirm timing?,It verifies whether supply has diminished enough to allow a sustainable rally.
When is the risk of entering before the AR is established?,"The TR boundaries are unknown, increasing uncertainty in trade direction."
What is the risk of entering before the AR is established?,"The TR boundaries are unknown, increasing uncertainty in trade direction."
How should traders respond to a successful SOS in Phase D?,"Initiate or add to long positions, as the trend is likely beginning."
In what way should traders respond to a successful SOS in Ph D?,"Initiate or add to long positions, as the trend is likely beginning."
How come is it important to wait for confirmation after a spring?,To ensure that the move wasn’t a false breakout and that demand dominates.
Why is it important to wait for confirmation after a spring?,To ensure that the move wasn’t a false breakout and that demand dominates.
When makes the first LPSY in Phase D attractive for short entries?,It offers confirmation that supply is dominant and lower prices are likely.
What makes the first LPSY in Ph D attractive for short entries?,It offers confirmation that supply is dominant and lower prices are likely.
How come are UT and UTAD dangerous for long entries?,They are false breakouts intended to trap buyers before markdowns begin.
Why are UT and UTAD dangerous for long entries?,They are false breakouts intended to trap buyers before markdowns begin.
How does a BU to the creek assist with timing?,It offers a clean pullback to re-enter longs before the next markup.
In what way does a BU to the creek assist with timing?,It offers a clean pullback to re-enter longs before the next markup.
When does a decreasing volume rally after a breakdown suggest?,A weak LPSY and a potential continuation of the downtrend.
What does a decreasing volume rally after a breakdown suggest?,A weak LPSY and a potential continuation of the downtrend.
When does Phase E offer re-entry opportunities in Accumulation?,On brief pullbacks (LPSs) after breakout when structure remains bullish.
At what point does Phase E offer re-entry opportunities in Acc.?,On brief pullbacks (LPSs) after breakout when structure remains bullish.
When makes early Ph A unsuitable for entries?,"The previous trend is still dominant, and major events like SC or BC are pending."
What makes early Phase A unsuitable for entries?,"The previous trend is still dominant, and major events like SC or BC are pending."
When type of volume confirms a successful test in Ph C?,Diminished volume compared to the SC/UTAD with a narrow spread candle.
What type of volume confirms a successful test in Ph C?,Diminished volume compared to the SC/UTAD with a narrow spread candle.
How should traders act during a low-volume test after a shakeout?,Consider initiating a long as it indicates exhaustion of supply.
In what way should traders act during a low-volume test after a shakeout?,Consider initiating a long as it indicates exhaustion of supply.
When does a shallow reaction after an SOS indicate for timing?,Strength is dominant; potential for further markup exists—favorable for entries.
What does a shallow reaction after an SOS indicate for timing?,Strength is dominant; potential for further markup exists—favorable for entries.
How can CHoCH between Phase C and D guide trade entries?,"It marks a transition from range to trend, validating long or short bias."
In what way can CHoCH between Ph C and D guide trade entries?,"It marks a transition from range to trend, validating long or short bias."
When does a deep test with quick reversal below TR low imply?,"A spring is likely occurring, offering an early but risky long entry."
What does a deep test with quick reversal below TR low imply?,"A spring is likely occurring, offering an early but risky long entry."
How can traders distinguish between reaccumulation and redistribution early?,By observing strength or weakness in the LPS or LPSY after breakout attempts.
In what way can traders distinguish between reaccumulation and redistribution early?,By observing strength or weakness in the LPS or LPSY after breakout attempts.
When is the significance of the first MSOW in Redistribution?,It confirms structure breakdown and opens the window for timed short entries.
What is the significance of the first MSOW in Redistribution?,It confirms structure breakdown and opens the window for timed short entries.
How come does a low-volume rally after MSOW confirm short bias?,It indicates lack of demand and validates that markup attempts are weak.
Why does a low-volume rally after MSOW confirm short bias?,It indicates lack of demand and validates that markup attempts are weak.
How can a failed SOS affect trade timing?,It may signal continued supply and invalidates early long entries until confirmation.
In what way can a failed SOS affect trade timing?,It may signal continued supply and invalidates early long entries until confirmation.
When makes timing in Reaccumulation more challenging than base Accumulation?,Lack of SC and PS events; reliance on breakout confirmation and LPS validation.
What makes timing in Reaccumulation more challenging than base Accumulation?,Lack of SC and PS events; reliance on breakout confirmation and LPS validation.
When timing signal can be drawn from narrowing price swings in Phase B?,Imminent breakout or test—structure is compressing before movement.
What timing signal can be drawn from narrowing price swings in Phase B?,Imminent breakout or test—structure is compressing before movement.
How come do short-term failures near the ICE line suggest good timing for shorts?,It signals resistance is holding and a breakdown may follow.
Why do short-term failures near the ICE line suggest good timing for shorts?,It signals resistance is holding and a breakdown may follow.
When does a successful test just above the SC level suggest?,Buyers are stepping in before a retest of lows—good timing for partial long.
What does a successful test just above the SC level suggest?,Buyers are stepping in before a retest of lows—good timing for partial long.
How do wide spread bars with no follow-through affect timing?,They suggest traps or fakeouts; waiting for confirmation avoids mistimed entries.
In what way do wide spread bars with no follow-through affect timing?,They suggest traps or fakeouts; waiting for confirmation avoids mistimed entries.
How come is a narrow-range candle with low volume after a spring significant?,"It confirms a successful test and suggests reduced supply, ideal for entry."
Why is a narrow-range candle with low volume after a spring significant?,"It confirms a successful test and suggests reduced supply, ideal for entry."
When makes the first breakout above the creek less favorable for entry?,It may lack confirmation; better timing comes on the BU to the creek.
What makes the first breakout above the creek less favorable for entry?,It may lack confirmation; better timing comes on the BU to the creek.
How can failed follow-through after an AR warn traders?,"It suggests insufficient demand, delaying optimal long timing."
In what way can failed follow-through after an AR warn traders?,"It suggests insufficient demand, delaying optimal long timing."
How come is a low-volume upthrust often a precursor to markdown?,It signals weak commitment by buyers and potential distribution.
Why is a low-volume upthrust often a precursor to markdown?,It signals weak commitment by buyers and potential distribution.
When bar action after a SC hints at a maturing structure?,An AR with wide spread and strong close shows reduced supply and initiates range definition.
What bar action after a SC hints at a maturing structure?,An AR with wide spread and strong close shows reduced supply and initiates range definition.
How does an SOW following UTAD improve short timing confidence?,It confirms loss of demand and supports bearish continuation.
In what way does an SOW following UTAD improve short timing confidence?,It confirms loss of demand and supports bearish continuation.
How come is the initial LPS in reaccumulation often subtle?,"It may occur on low volume and minimal reaction, yet offers early long entry."
Why is the initial LPS in reaccumulation often subtle?,"It may occur on low volume and minimal reaction, yet offers early long entry."
When does a failed spring followed by lower lows suggest about timing?,That the structure is still weak; avoid early entries.
What does a failed spring followed by lower lows suggest about timing?,That the structure is still weak; avoid early entries.
When phase is best for observing volatility contraction before entry?,"Late Ph B, where range compresses before a breakout or test."
What phase is best for observing volatility contraction before entry?,"Late Ph B, where range compresses before a breakout or test."
When confirms that a breakout in Ph D is genuine?,"A SOS on strong spread and volume, followed by a shallow LPS."
What confirms that a breakout in Phase D is genuine?,"A SOS on strong spread and volume, followed by a shallow LPS."
How come should entries not be based on initial PS or PSY alone?,"These events indicate potential stopping action, not reversal readiness."
Why should entries not be based on initial PS or PSY alone?,"These events indicate potential stopping action, not reversal readiness."
When kind of volume validates a spring during Ph C?,Light volume with a strong recovery into the TR indicates successful testing.
What kind of volume validates a spring during Phase C?,Light volume with a strong recovery into the TR indicates successful testing.
How does a BU after a failed breakout help with timing?,It provides a second-chance entry with confirmation of continued demand.
In what way does a BU after a failed breakout help with timing?,It provides a second-chance entry with confirmation of continued demand.
When happens when an ST forms above the SC level on low volume?,It indicates absorption and improving conditions for long entry.
What happens when an ST forms above the SC level on low volume?,It indicates absorption and improving conditions for long entry.
How does observing effort vs result guide timing entries?,High volume with little progress suggests supply is present; wait for confirmation.
In what way does observing effort vs result guide timing entries?,High volume with little progress suggests supply is present; wait for confirmation.
How come is entry at a major SOS more favorable than at AR?,The SOS confirms strength; AR can be premature without demand validation.
Why is entry at a major SOS more favorable than at AR?,The SOS confirms strength; AR can be premature without demand validation.
When is a low-volume UT less reliable for short entry?,"If followed by continued strength and lack of breakdown, distribution isn’t confirmed."
At what point is a low-volume UT less reliable for short entry?,"If followed by continued strength and lack of breakdown, distribution isn’t confirmed."
When role does a prolonged Ph B play in timing?,"It allows full absorption or distribution, offering more reliable entries in Ph C/D."
What role does a prolonged Ph B play in timing?,"It allows full absorption or distribution, offering more reliable entries in Ph C/D."
When makes a sudden breakdown without UTAD risky to short?,"Lack of clear test may lead to a shakeout or spring, trapping shorts."
What makes a sudden breakdown without UTAD risky to short?,"Lack of clear test may lead to a shakeout or spring, trapping shorts."
When is a key trait of a terminal shakeout signaling entry?,A rapid drop below TR support with immediate reversal on strong demand.
What is a key trait of a terminal shakeout signaling entry?,A rapid drop below TR support with immediate reversal on strong demand.
How come does testing above AR level in Ph B increase long entry risk?,It may be an UT/UA trapping buyers before revisiting support.
Why does testing above AR level in Ph B increase long entry risk?,It may be an UT/UA trapping buyers before revisiting support.
When suggests reaccumulation is ready for markup after pullback?,A LPS that holds above previous support on diminishing volume.
What suggests reaccumulation is ready for markup after pullback?,A LPS that holds above previous support on diminishing volume.
When’s the timing implication of a failed test after a spring?,It indicates supply remains and warns against premature long positions.
What’s the timing implication of a failed test after a spring?,It indicates supply remains and warns against premature long positions.
When does consistent rejection at ICE level during Redistribution imply?,Resistance is strong; short entries near ICE become higher probability.
What does consistent rejection at ICE level during Redistribution imply?,Resistance is strong; short entries near ICE become higher probability.
How can Phase D of Reaccumulation offer safer entries than Phase C?,The trend is already emerging; SOS and LPS confirm strength.
In what way can Phase D of Reaccumulation offer safer entries than Phase C?,The trend is already emerging; SOS and LPS confirm strength.
When makes a spring in Ph C more reliable than an early ST for entry?,"A spring shows final absorption of supply with intent to markup, while STs may still occur within Ph B uncertainty."
What makes a spring in Ph C more reliable than an early ST for entry?,"A spring shows final absorption of supply with intent to markup, while STs may still occur within Ph B uncertainty."
How come should traders be cautious after a wide-spread up bar with ultra-high volume?,It could indicate climactic action or a buying climax rather than sustainable strength.
Why should traders be cautious after a wide-spread up bar with ultra-high volume?,It could indicate climactic action or a buying climax rather than sustainable strength.
How does a successful SOS validate the spring’s outcome?,It confirms that demand has taken control and the test in Phase C was effective.
In what way does a successful SOS validate the spring’s outcome?,It confirms that demand has taken control and the test in Ph C was effective.
When does a low-volume test after a UTAD signify?,It indicates no significant buying interest; confirms readiness for markdown.
What does a low-volume test after a UTAD signify?,It indicates no significant buying interest; confirms readiness for markdown.
How do failed rallies in Phase D of Distribution assist in timing?,They form LPSYs—ideal low-risk entries for short positions.
In what way do failed rallies in Ph D of Dist. assist in timing?,They form LPSYs—ideal low-risk entries for short positions.
When does a back-up in Phase D of Accumulation offer ideal long entry?,"When it occurs on narrowing spreads and reduced volume, signaling no supply."
At what point does a back-up in Ph D of Acc. offer ideal long entry?,"When it occurs on narrowing spreads and reduced volume, signaling no supply."
When does consistent inability to reach previous highs after UTAD indicate?,"It reflects waning demand, increasing confidence for short positioning."
What does consistent inability to reach previous highs after UTAD indicate?,"It reflects waning demand, increasing confidence for short positioning."
How can position sizing be timed using Phase structure?,"Enter partial size in Ph C (spring/LPS), then scale in on Ph D SOS or BU."
In what way can position sizing be timed using Phase structure?,"Enter partial size in Phase C (spring/LPS), then scale in on Phase D SOS or BU."
How come is the AR often considered an emotional move rather than a timing trigger?,"It reflects initial imbalance after a climax, not necessarily sustainable strength."
Why is the AR often considered an emotional move rather than a timing trigger?,"It reflects initial imbalance after a climax, not necessarily sustainable strength."
When type of behavior after an AR signals caution for entry?,A deep retrace with increasing volume shows supply is not yet absorbed.
What type of behavior after an AR signals caution for entry?,A deep retrace with increasing volume shows supply is not yet absorbed.
When is the danger of interpreting a test too early in Ph B?,"It may be a trap within a developing structure, leading to premature entry."
What is the danger of interpreting a test too early in Phase B?,"It may be a trap within a developing structure, leading to premature entry."
How does observing effort/result during a spring assist in entry timing?,"If effort is low and result is strong (price recovery), it's likely a successful test."
In what way does observing effort/result during a spring assist in entry timing?,"If effort is low and result is strong (price recovery), it's likely a successful test."
How come should one wait for a SOS before adding size in Phase D?,It confirms continuation of strength after testing is complete in Phase C.
Why should one wait for a SOS before adding size in Phase D?,It confirms continuation of strength after testing is complete in Phase C.
When does shortening of the thrust in Dist. reveal about timing?,"It reflects loss of momentum, setting up for breakdown and entry in Ph D."
What does shortening of the thrust in Dist. reveal about timing?,"It reflects loss of momentum, setting up for breakdown and entry in Ph D."
When signals that a LPSY is likely forming during Phase D?,Lower highs and rallies on weak volume that fail to surpass previous supply zones.
What signals that a LPSY is likely forming during Phase D?,Lower highs and rallies on weak volume that fail to surpass previous supply zones.
When does a test in reaccumulation become a valid re-entry?,When it respects previous resistance-turned-support with low supply signature.
At what point does a test in reaccumulation become a valid re-entry?,When it respects previous resistance-turned-support with low supply signature.
When’s the implication of a spring that immediately fails to hold above TR support?,Supply is still present; entry timing should be delayed until confirmation.
What’s the implication of a spring that immediately fails to hold above TR support?,Supply is still present; entry timing should be delayed until confirmation.
How come do springs with wide-spread bars and strong close favor long entries?,They indicate aggressive demand and shakeout success.
Why do springs with wide-spread bars and strong close favor long entries?,They indicate aggressive demand and shakeout success.
How do point-and-figure counts support timing decisions in Ph C?,They confirm if the cause built during the TR supports a worthwhile target.
In what way do point-and-figure counts support timing decisions in Phase C?,They confirm if the cause built during the TR supports a worthwhile target.
How come should traders observe the quality of the first pullback after breakout?,A shallow pullback on low volume (LPS) suggests strength and confirms long timing.
Why should traders observe the quality of the first pullback after breakout?,A shallow pullback on low volume (LPS) suggests strength and confirms long timing.
When happens when Phase D in Distribution shows no major SOW?,It may be redistribution; traders should wait for breakdown confirmation before entering.
What happens when Phase D in Distribution shows no major SOW?,It may be redistribution; traders should wait for breakdown confirmation before entering.
How come do long wicks near resistance in Phase C of Distribution matter?,They suggest failed breakouts and offer early signs of supply control.
Why do long wicks near resistance in Ph C of Dist. matter?,They suggest failed breakouts and offer early signs of supply control.
How does price action in minor SOS vs major SOS affect timing?,Minor SOS suggests preparation; major SOS confirms breakout and improves timing certainty.
In what way does price action in minor SOS vs major SOS affect timing?,Minor SOS suggests preparation; major SOS confirms breakout and improves timing certainty.
When makes the test after a terminal shakeout a critical timing point?,It is often the last confirmation before strong markup begins.
What makes the test after a terminal shakeout a critical timing point?,It is often the last confirmation before strong markup begins.
How come is a failed UTAD with strong bullish recovery important for long trades?,It traps early shorts and flips the structure into potential reaccumulation.
Why is a failed UTAD with strong bullish recovery important for long trades?,It traps early shorts and flips the structure into potential reaccumulation.
When does inability to break below SC on multiple STs suggest?,Supply is being absorbed; a spring or markup may be near.
What does inability to break below SC on multiple STs suggest?,Supply is being absorbed; a spring or markup may be near.
How can time duration of Phase B impact timing decisions?,A prolonged Phase B often leads to stronger trends; timing entries near its end can be favorable.
In what way can time duration of Ph B impact timing decisions?,A prolonged Ph B often leads to stronger trends; timing entries near its end can be favorable.
When does an early Phase C test with minimal volume and bounce imply?,It may be a fake spring; better timing comes with clear rejection and follow-through.
What does an early Phase C test with minimal volume and bounce imply?,It may be a fake spring; better timing comes with clear rejection and follow-through.
How come should traders wait for a confirmation after a shakeout?,"To avoid entering on a trap; a strong SOS confirms the shakeout was absorption, not distribution."
Why should traders wait for a confirmation after a shakeout?,"To avoid entering on a trap; a strong SOS confirms the shakeout was absorption, not distribution."
When type of bar after a LPS increases confidence in long timing?,A wide-spread up-bar closing near its high with expanding volume.
What type of bar after a LPS increases confidence in long timing?,A wide-spread up-bar closing near its high with expanding volume.
How can failed attempts to push below the ICE line guide short entries?,Multiple failures to break suggest demand is still present—short timing should be delayed.
In what way can failed attempts to push below the ICE line guide short entries?,Multiple failures to break suggest demand is still present—short timing should be delayed.
How come is a high-volume UT with immediate rejection significant?,It shows buyer exhaustion and institutional selling—ideal for short setups.
Why is a high-volume UT with immediate rejection significant?,It shows buyer exhaustion and institutional selling—ideal for short setups.
How does a secondary test near SC help validate spring timing?,"If it holds above SC with lower volume, it confirms reduced supply."
In what way does a secondary test near SC help validate spring timing?,"If it holds above SC with lower volume, it confirms reduced supply."
When is it safer to initiate short positions in Redistribution?,After a mSOW and failure to reclaim the ICE zone on weak volume.
At what point is it safer to initiate short positions in Redistribution?,After a mSOW and failure to reclaim the ICE zone on weak volume.
When does a LPSY forming below previous support signal about timing?,It confirms downward trend resumption—high probability for shorts.
What does a LPSY forming below previous support signal about timing?,It confirms downward trend resumption—high probability for shorts.
When pattern of volume on reactions helps validate LPS strength?,Diminishing volume on pullbacks signals supply exhaustion.
What pattern of volume on reactions helps validate LPS strength?,Diminishing volume on pullbacks signals supply exhaustion.
How does intraday rejection at resistance in Ph C affect timing?,It confirms the test has failed—look for a UT or UTAD before entering short.
In what way does intraday rejection at resistance in Phase C affect timing?,It confirms the test has failed—look for a UT or UTAD before entering short.
When do overlapping narrow bars at TR resistance suggest about timing?,Lack of commitment; wait for breakout or rejection before acting.
What do overlapping narrow bars at TR resistance suggest about timing?,Lack of commitment; wait for breakout or rejection before acting.
How can a cluster of high-volume candles near TR low affect entry?,"If price holds, it signals absorption; spring or reversal may follow."
In what way can a cluster of high-volume candles near TR low affect entry?,"If price holds, it signals absorption; spring or reversal may follow."
When indicates poor timing after a SOS breakout?,Chasing entries on expanding spread and volume without waiting for LPS.
What indicates poor timing after a SOS breakout?,Chasing entries on expanding spread and volume without waiting for LPS.
How come is timing more critical in Phase E than in Phase D?,Phase E often moves rapidly; early or late entries carry higher risk due to speed of trend.
Why is timing more critical in Phase E than in Ph D?,Phase E often moves rapidly; early or late entries carry higher risk due to speed of trend.
When does a UT in Ph B not qualify as UTAD?,If it occurs before structure maturity or fails to trigger breakdown.
At what point does a UT in Phase B not qualify as UTAD?,If it occurs before structure maturity or fails to trigger breakdown.
When distinguishes a legitimate spring from a failed one on the chart?,Legitimate springs recover fast into the range; failed ones stall or break lower.
What distinguishes a legitimate spring from a failed one on the chart?,Legitimate springs recover fast into the range; failed ones stall or break lower.
How does structure width affect timing of entries from TR?,Wider structures often produce stronger breakouts; timing at LPS becomes more reliable.
In what way does structure width affect timing of entries from TR?,Wider structures often produce stronger breakouts; timing at LPS becomes more reliable.
When does a failed LPS bounce with high volume warn of?,Possible absorption failure or hidden supply—long entry should be delayed.
What does a failed LPS bounce with high volume warn of?,Possible absorption failure or hidden supply—long entry should be delayed.
When makes a BUEC more attractive than initial SOS for re-entry?,It provides a retest of structure on low volume—confirmation of strength.
What makes a BUEC more attractive than initial SOS for re-entry?,It provides a retest of structure on low volume—confirmation of strength.
How do multiple small upthrusts at TR resistance refine short timing?,They reveal persistent supply and set up for stronger UTAD or breakdown.
In what way do multiple small upthrusts at TR resistance refine short timing?,They reveal persistent supply and set up for stronger UTAD or breakdown.
When does a decreasing response to each rally in Phase B suggest?,"Demand is weakening, preparing for Phase C or D breakdown."
What does a decreasing response to each rally in Ph B suggest?,"Demand is weakening, preparing for Ph C or D breakdown."
How can Phase C’s volatility help time entries?,Sharp spring/UTAD events create emotional traps—ideal moments for professionals to enter.
In what way can Phase C’s volatility help time entries?,Sharp spring/UTAD events create emotional traps—ideal moments for professionals to enter.
When does it mean if price moves above creek but fails to hold?,The JAC attempt failed—timing for long entries should be postponed until confirmation.
What does it mean if price moves above creek but fails to hold?,The JAC attempt failed—timing for long entries should be postponed until confirmation.
How does a low-volume pullback after SOS help time entries?,"It reflects lack of supply and confirms the breakout, making LPS a safer entry."
In what way does a low-volume pullback after SOS help time entries?,"It reflects lack of supply and confirms the breakout, making LPS a safer entry."
How come is observing character change in Phase C vital for timing?,"It marks the shift from testing to trend emergence, signaling entry readiness."
Why is observing character change in Phase C vital for timing?,"It marks the shift from testing to trend emergence, signaling entry readiness."
When does a lack of reaction after a spring imply about timing?,It shows strong demand presence and supports immediate long entries.
What does a lack of reaction after a spring imply about timing?,It shows strong demand presence and supports immediate long entries.
How come does timing a short after Ph A of Dist. carry risk?,The structure is still developing and may convert into reaccumulation.
Why does timing a short after Ph A of Dist. carry risk?,The structure is still developing and may convert into reaccumulation.
When is the timing risk if a breakout lacks follow-through?,It suggests a potential bull trap or premature entry; better to wait for a BU test.
What is the timing risk if a breakout lacks follow-through?,It suggests a potential bull trap or premature entry; better to wait for a BU test.
How come are SOSs that break the creek with strength significant?,They confirm upward dominance and justify timing entries on the next LPS or BU.
Why are SOSs that break the creek with strength significant?,They confirm upward dominance and justify timing entries on the next LPS or BU.
When does repeated rejection at the creek in Acc. indicate?,Creek is acting as resistance; wait for clear JAC before entering long.
What does repeated rejection at the creek in Acc. indicate?,Creek is acting as resistance; wait for clear JAC before entering long.
How does a narrow-range test bar after shakeout improve timing confidence?,It confirms the shakeout’s absorption effect and offers a low-risk entry.
In what way does a narrow-range test bar after shakeout improve timing confidence?,It confirms the shakeout’s absorption effect and offers a low-risk entry.
How come is timing shorts early in Phase B of Redistribution risky?,Supply absorption may not be complete; the range could evolve into reaccumulation.
Why is timing shorts early in Phase B of Redistribution risky?,Supply absorption may not be complete; the range could evolve into reaccumulation.
When does increasing effort with decreasing result signal about timing?,"It shows absorption; a breakout or spring is likely, making early entries risky."
What does increasing effort with decreasing result signal about timing?,"It shows absorption; a breakout or spring is likely, making early entries risky."
When does a lower high on weak volume in Ph D of Dist. signal?,LPSY is forming; an ideal point to time short entries.
What does a lower high on weak volume in Phase D of Distribution signal?,LPSY is forming; an ideal point to time short entries.
When is it appropriate to preemptively enter on a spring?,Only when followed by a strong bullish bar and low test volume confirming absorption.
At what point is it appropriate to preemptively enter on a spring?,Only when followed by a strong bullish bar and low test volume confirming absorption.
How do signs of no supply affect timing within a TR?,They suggest demand is overcoming resistance; traders can prepare for early long entries.
In what way do signs of no supply affect timing within a TR?,They suggest demand is overcoming resistance; traders can prepare for early long entries.
How come does volume expansion on a failed breakout matter?,It shows supply has overwhelmed demand; confirms reversal and timing for shorts.
Why does volume expansion on a failed breakout matter?,It shows supply has overwhelmed demand; confirms reversal and timing for shorts.
When if price breaks below SC without volume expansion?,It may be a test rather than breakdown—wait for confirmation before shorting.
What if price breaks below SC without volume expansion?,It may be a test rather than breakdown—wait for confirmation before shorting.
How come is the first LPS after a SOS often a high-probability setup?,"It confirms support and validates strength, offering early trend entry."
Why is the first LPS after a SOS often a high-probability setup?,"It confirms support and validates strength, offering early trend entry."
When is the timing implication of a failed LPSY rally?,It confirms persistent supply and supports entry before major markdown.
What is the timing implication of a failed LPSY rally?,It confirms persistent supply and supports entry before major markdown.
How does shortening of thrusts before a spring affect trade timing?,"It reflects reduced downside momentum, often preceding the final shakeout."
In what way does shortening of thrusts before a spring affect trade timing?,"It reflects reduced downside momentum, often preceding the final shakeout."
When makes entries after UTAD with MSOW more favorable?,It provides structural confirmation and validates that markdown is underway.
What makes entries after UTAD with MSOW more favorable?,It provides structural confirmation and validates that markdown is underway.
How does context around a test bar determine timing reliability?,A test within Phase C with no follow-through is suspect; look for Phase D confirmation.
In what way does context around a test bar determine timing reliability?,A test within Phase C with no follow-through is suspect; look for Phase D confirmation.
When does a wide-range rejection bar after a UT suggest?,That supply is active; timing a short becomes favorable on weak follow-through.
What does a wide-range rejection bar after a UT suggest?,That supply is active; timing a short becomes favorable on weak follow-through.
When does a BU to the edge of creek offer best timing?,"When the pullback is shallow, volume is low, and structure confirms accumulation."
At what point does a BU to the edge of creek offer best timing?,"When the pullback is shallow, volume is low, and structure confirms accumulation."
How come is Ph D often considered the safest for trend entries?,"It contains confirmed SOS/LPS or SOW/LPSY, reducing structural ambiguity."
Why is Phase D often considered the safest for trend entries?,"It contains confirmed SOS/LPS or SOW/LPSY, reducing structural ambiguity."
When does a UT followed by tight range with no volume expansion suggest?,Absence of demand; short entries become higher probability.
What does a UT followed by tight range with no volume expansion suggest?,Absence of demand; short entries become higher probability.
How come should aggressive traders focus on spring variations in Phase C?,"These offer early entries if confirmed with strength, though risk is higher."
Why should aggressive traders focus on spring variations in Phase C?,"These offer early entries if confirmed with strength, though risk is higher."
How come is a higher low after a spring a strong timing clue?,"It suggests diminishing supply and confirms buyers are taking control, ideal for long entry."
Why is a higher low after a spring a strong timing clue?,"It suggests diminishing supply and confirms buyers are taking control, ideal for long entry."
When does a rapid rejection after attempting to cross the creek mean for timing?,It indicates resistance is holding; delay long entries until a successful JAC.
What does a rapid rejection after attempting to cross the creek mean for timing?,It indicates resistance is holding; delay long entries until a successful JAC.
How can a minor SOW in early Phase D guide timing?,It signals beginning of markdown; short entries become viable after LPSY confirmation.
In what way can a minor SOW in early Phase D guide timing?,It signals beginning of markdown; short entries become viable after LPSY confirmation.
When does a shallow BU after a strong SOS imply about strength?,It confirms strength with minimal supply; provides a high-confidence long entry.
What does a shallow BU after a strong SOS imply about strength?,It confirms strength with minimal supply; provides a high-confidence long entry.
How come is timing based on news during Phase C often flawed?,Smart money has already acted; structure timing is more reliable than headlines.
Why is timing based on news during Phase C often flawed?,Smart money has already acted; structure timing is more reliable than headlines.
When role does tape reading volume behavior play in spring timing?,Low volume with quick reversal signals absorption; good entry point for longs.
What role does tape reading volume behavior play in spring timing?,Low volume with quick reversal signals absorption; good entry point for longs.
How does a UTAD with a failed follow-through candle enhance short timing?,"It shows supply domination immediately after the test, validating short entry."
In what way does a UTAD with a failed follow-through candle enhance short timing?,"It shows supply domination immediately after the test, validating short entry."
When is the risk of entering during an early SOS with wide spread and high volume?,It may be the climactic move; better timing comes on the next LPS.
What is the risk of entering during an early SOS with wide spread and high volume?,It may be the climactic move; better timing comes on the next LPS.
When timing signal does a sudden drop on expanding volume after a UT provide?,Indicates major supply entering—ideal for initiating shorts.
What timing signal does a sudden drop on expanding volume after a UT provide?,Indicates major supply entering—ideal for initiating shorts.
How come is a reaction to LPS with diminishing volume significant?,It shows lack of selling pressure and confirms strength—supports long entry.
Why is a reaction to LPS with diminishing volume significant?,It shows lack of selling pressure and confirms strength—supports long entry.
When if price jumps the creek but does not hold above it?,It signals a potential trap; wait for successful BU before committing to longs.
What if price jumps the creek but does not hold above it?,It signals a potential trap; wait for successful BU before committing to longs.
How does Ph C volatility offer clues for precise timing?,"Sharp, fake breakouts (spring or UTAD) allow entry with defined risk and high R:R."
In what way does Ph C volatility offer clues for precise timing?,"Sharp, fake breakouts (spring or UTAD) allow entry with defined risk and high R:R."
When if a Ph B rally lacks volume and spread?,It's likely absorption in progress; premature to enter without stronger evidence.
What if a Ph B rally lacks volume and spread?,It's likely absorption in progress; premature to enter without stronger evidence.
How come is the first SOW in Redistribution a pivotal timing event?,It marks the beginning of breakdown; short entries become increasingly viable.
Why is the first SOW in Redistribution a pivotal timing event?,It marks the beginning of breakdown; short entries become increasingly viable.
When makes the first SOS after a spring more meaningful than the spring itself?,The SOS confirms demand dominance and validates the test—entry is safer.
What makes the first SOS after a spring more meaningful than the spring itself?,The SOS confirms demand dominance and validates the test—entry is safer.
When is it too early to short after BC in Distribution?,"Before ST and UT develop, supply hasn't confirmed dominance—wait for Phase C signals."
At what point is it too early to short after BC in Dist.?,"Before ST and UT develop, supply hasn't confirmed dominance—wait for Ph C signals."
When volume behavior distinguishes a valid LPSY from a pullback?,"LPSY occurs on low-volume rally followed by sharp, wide-spread down move."
What volume behavior distinguishes a valid LPSY from a pullback?,"LPSY occurs on low-volume rally followed by sharp, wide-spread down move."
How come is hesitation after a spring without SOS risky for timing longs?,It may suggest failure to absorb supply; entry should wait for confirmation.
Why is hesitation after a spring without SOS risky for timing longs?,It may suggest failure to absorb supply; entry should wait for confirmation.
When does a lower high after UTAD and a wide spread down-bar signal?,Supply dominance and readiness for markdown—supports short entry.
What does a lower high after UTAD and a wide spread down-bar signal?,Supply dominance and readiness for markdown—supports short entry.
When does a breakout from TR without backing up suggest?,It may be unsustainable; wait for BU to confirm strength before entry.
What does a breakout from TR without backing up suggest?,It may be unsustainable; wait for BU to confirm strength before entry.
How can relative strength during AR vs SC help refine timing?,A strong AR that exceeds midpoint of the decline confirms demand strength—preps for long bias.
In what way can relative strength during AR vs SC help refine timing?,A strong AR that exceeds midpoint of the decline confirms demand strength—preps for long bias.
How come is the first bullish bar after a test bar critical for timing?,It often confirms absorption; entering early here can capture the trend from the start.
Why is the first bullish bar after a test bar critical for timing?,It often confirms absorption; entering early here can capture the trend from the start.
How does consistent failure at resistance during Phase B affect short timing?,"Each failure confirms presence of supply, preparing for UT or UTAD entry."
In what way does consistent failure at resistance during Phase B affect short timing?,"Each failure confirms presence of supply, preparing for UT or UTAD entry."
When role does time spent around LPSY levels play in short entry timing?,Prolonged stay without rally confirms weak demand—entry risk is reduced.
What role does time spent around LPSY levels play in short entry timing?,Prolonged stay without rally confirms weak demand—entry risk is reduced.
How come is re-entry on BU more favorable than chasing the SOS?,BU offers confirmation and lower-risk entry point with a clear invalidation level.
Why is re-entry on BU more favorable than chasing the SOS?,BU offers confirmation and lower-risk entry point with a clear invalidation level.
How come does a strong AR followed by a shallow ST improve long timing confidence?,"It shows aggressive demand and weak supply, favoring early accumulation entry."
Why does a strong AR followed by a shallow ST improve long timing confidence?,"It shows aggressive demand and weak supply, favoring early accumulation entry."
When makes a spring with no immediate SOS a warning signal?,Lack of follow-through suggests supply still exists; timing should be delayed.
What makes a spring with no immediate SOS a warning signal?,Lack of follow-through suggests supply still exists; timing should be delayed.
How can the timing of a UT be improved with volume analysis?,"If volume expands into the UT and reverses, it confirms selling pressure—ideal for shorts."
In what way can the timing of a UT be improved with volume analysis?,"If volume expands into the UT and reverses, it confirms selling pressure—ideal for shorts."
When does it mean if LPS rallies fail to regain prior resistance?,Demand may be weakening; it's a caution signal for long entries.
What does it mean if LPS rallies fail to regain prior resistance?,Demand may be weakening; it's a caution signal for long entries.
How can bar characteristics confirm a valid LPSY?,"Narrow range, low volume rally followed by immediate rejection confirms weak demand."
In what way can bar characteristics confirm a valid LPSY?,"Narrow range, low volume rally followed by immediate rejection confirms weak demand."
When does it suggest if a BU fails to reach the top of the range?,Demand is weakening; reaccumulation may be failing—avoid longs until clarity.
What does it suggest if a BU fails to reach the top of the range?,Demand is weakening; reaccumulation may be failing—avoid longs until clarity.
How does timing change if Ph B shows increasing down-bar volume?,It suggests supply is becoming dominant; short setup may be developing.
In what way does timing change if Phase B shows increasing down-bar volume?,It suggests supply is becoming dominant; short setup may be developing.
When is it best to enter after a shakeout that creates a terminal spring?,On the test bar that shows low volume and higher close into the TR.
At what point is it best to enter after a shakeout that creates a terminal spring?,On the test bar that shows low volume and higher close into the TR.
How come is the SOS after a spring considered a breakout confirmation?,It proves that the spring succeeded in absorbing supply and buyers are active.
Why is the SOS after a spring considered a breakout confirmation?,It proves that the spring succeeded in absorbing supply and buyers are active.
When does a price rejection from the creek during reaccumulation suggest?,Creek remains resistance; wait for a clean jump and BU before entering long.
What does a price rejection from the creek during reaccumulation suggest?,Creek remains resistance; wait for a clean jump and BU before entering long.
How does a shortening of rally attempts affect short entry timing in Dist.?,It signals diminishing demand and prepares for breakdown—ideal LPSY setup.
In what way does a shortening of rally attempts affect short entry timing in Dist.?,It signals diminishing demand and prepares for breakdown—ideal LPSY setup.
When does a series of lower highs into support indicate in a TR?,Pressure is building to the downside; spring or breakdown may be imminent.
What does a series of lower highs into support indicate in a TR?,Pressure is building to the downside; spring or breakdown may be imminent.
How come is it dangerous to assume all ARs signal trend reversal?,ARs can simply be reflex rallies; they need confirmation through testing.
Why is it dangerous to assume all ARs signal trend reversal?,ARs can simply be reflex rallies; they need confirmation through testing.
When’s the risk of entering on the first sign of strength in Ph A?,It may be a preliminary response; structure isn’t confirmed—wait for ST or spring.
What’s the risk of entering on the first sign of strength in Ph A?,It may be a preliminary response; structure isn’t confirmed—wait for ST or spring.
When signals a redistribution is occurring instead of reaccumulation?,Weak rally attempts followed by MSOW and inability to reclaim prior resistance.
What signals a redistribution is occurring instead of reaccumulation?,Weak rally attempts followed by MSOW and inability to reclaim prior resistance.
How does price behavior after a mSOW refine entry timing?,"If price struggles to rally, it confirms supply—LPSY becomes ideal for shorts."
In what way does price behavior after a mSOW refine entry timing?,"If price struggles to rally, it confirms supply—LPSY becomes ideal for shorts."
When does an early sign of strength in Ph B usually lack?,Confirmation from tests; entries here are speculative and risk premature positioning.
What does an early sign of strength in Phase B usually lack?,Confirmation from tests; entries here are speculative and risk premature positioning.
When does clustering of closes at the top after a spring imply?,Strong absorption and possible markup—supports early entry on test bar.
What does clustering of closes at the top after a spring imply?,Strong absorption and possible markup—supports early entry on test bar.
When’s the significance of the first test after breaking the ICE level in Redistribution?,It acts as a LPSY and offers a low-risk short entry if supply dominates.
What’s the significance of the first test after breaking the ICE level in Redistribution?,It acts as a LPSY and offers a low-risk short entry if supply dominates.
How does narrowing range in Phase C help pinpoint timing?,It signals a coiling spring or UTAD setup; entry is triggered by break and reversal.
In what way does narrowing range in Phase C help pinpoint timing?,It signals a coiling spring or UTAD setup; entry is triggered by break and reversal.
When if a UTAD fails to break back into the range?,It may evolve into reaccumulation; short entry should be avoided.
What if a UTAD fails to break back into the range?,It may evolve into reaccumulation; short entry should be avoided.
How can observing time at the LPS level improve timing accuracy?,Less time at support with strong bounce suggests bullish conviction—enter early.
In what way can observing time at the LPS level improve timing accuracy?,Less time at support with strong bounce suggests bullish conviction—enter early.
When does a strong up-bar from LPS without follow-through suggest?,Potential absorption issue; confirm with a BU or another test before committing.
What does a strong up-bar from LPS without follow-through suggest?,Potential absorption issue; confirm with a BU or another test before committing.
When is a Ph D markup likely to fail?,"If LPSs show increasing volume and decreasing spread, suggesting hidden supply."
At what point is a Ph D markup likely to fail?,"If LPSs show increasing volume and decreasing spread, suggesting hidden supply."
When happens when price fails to rally after a terminal shakeout?,Spring failed; avoid longs until price reclaims support and tests successfully.
What happens when price fails to rally after a terminal shakeout?,Spring failed; avoid longs until price reclaims support and tests successfully.
When does an inability to rally above AR in Acc. suggest about timing?,It implies demand is weak; delay long entries until a confirmed SOS appears.
What does an inability to rally above AR in Accumulation suggest about timing?,It implies demand is weak; delay long entries until a confirmed SOS appears.
How does a declining response to up-bars in Ph B warn of poor long timing?,It signals absorption or lack of commitment; entries should be postponed.
In what way does a declining response to up-bars in Phase B warn of poor long timing?,It signals absorption or lack of commitment; entries should be postponed.
When’s the ideal timing condition to enter during a reaccumulation phase?,After a strong SOS followed by a shallow BU with low volume.
What’s the ideal timing condition to enter during a reaccumulation phase?,After a strong SOS followed by a shallow BU with low volume.
How come should a trader avoid early entry during preliminary support (PS)?,PS is not a stopping action; the downtrend is still in control.
Why should a trader avoid early entry during preliminary support (PS)?,PS is not a stopping action; the downtrend is still in control.
How does time spent below SC after a spring affect trade timing?,Prolonged time below SC weakens the bullish case; spring may have failed.
In what way does time spent below SC after a spring affect trade timing?,Prolonged time below SC weakens the bullish case; spring may have failed.
When bar structure following a UTAD signals optimal short entry?,A wide-spread down-bar with increasing volume closing on the low.
What bar structure following a UTAD signals optimal short entry?,A wide-spread down-bar with increasing volume closing on the low.
When does repeated failure to push above resistance in Phase C suggest?,A UT or UTAD may be forming; prepares for timed short entries.
What does repeated failure to push above resistance in Ph C suggest?,A UT or UTAD may be forming; prepares for timed short entries.
How does a failed test after a spring alter timing strategy?,It signals that demand hasn’t taken control; delay entry until a successful retest.
In what way does a failed test after a spring alter timing strategy?,It signals that demand hasn’t taken control; delay entry until a successful retest.
When role does the quality of the first LPS play in timing?,A strong bounce on low volume confirms demand; a weak bounce suggests further testing is needed.
What role does the quality of the first LPS play in timing?,A strong bounce on low volume confirms demand; a weak bounce suggests further testing is needed.
When does a tight range with low volume at the top of a rally indicate?,Supply is entering quietly; prepare for short setups on breakdown.
What does a tight range with low volume at the top of a rally indicate?,Supply is entering quietly; prepare for short setups on breakdown.
How come is the area near the bottom of a trading range critical for timing springs?,Springs originate from these zones; reversal setups begin forming here.
Why is the area near the bottom of a trading range critical for timing springs?,Springs originate from these zones; reversal setups begin forming here.
When’s a common mistake in timing during Phase B of Distribution?,Assuming weakness too early; structure isn't yet complete for a reliable short.
What’s a common mistake in timing during Ph B of Dist.?,Assuming weakness too early; structure isn't yet complete for a reliable short.
How can observing a BU that respects prior resistance improve long timing?,It confirms the creek is now support—entry is supported by structure and context.
In what way can observing a BU that respects prior resistance improve long timing?,It confirms the creek is now support—entry is supported by structure and context.
When does rapid rejection after an attempted SOS in Reaccumulation suggest?,Supply is still present; reaccumulation may fail—delay long entries.
What does rapid rejection after an attempted SOS in Reaccumulation suggest?,Supply is still present; reaccumulation may fail—delay long entries.
How does price behavior around the ICE line refine short entry timing?,Failure to reclaim ICE after breakdown offers precise LPSY entries.
In what way does price behavior around the ICE line refine short entry timing?,Failure to reclaim ICE after breakdown offers precise LPSY entries.
When happens when an AR retraces deeply and rapidly?,It indicates supply dominance; accumulation is less likely—avoid early longs.
What happens when an AR retraces deeply and rapidly?,It indicates supply dominance; accumulation is less likely—avoid early longs.
How come is a breakout without backing up often unreliable?,It may lack testing; traders should wait for a BU or LPS confirmation before entering.
Why is a breakout without backing up often unreliable?,It may lack testing; traders should wait for a BU or LPS confirmation before entering.
When is the timing risk in trading a UT without confirmation?,It may be a UA or normal range action; wait for MSOW or follow-through.
What is the timing risk in trading a UT without confirmation?,It may be a UA or normal range action; wait for MSOW or follow-through.
How does shortening of the reaction legs in Phase C support timing a spring?,"It indicates supply is weakening, and the next push down may be the spring."
In what way does shortening of the reaction legs in Phase C support timing a spring?,"It indicates supply is weakening, and the next push down may be the spring."
How come is the test after the spring often the most reliable long signal?,It shows whether supply is truly absorbed; success here confirms entry.
Why is the test after the spring often the most reliable long signal?,It shows whether supply is truly absorbed; success here confirms entry.
When happens when price forms a series of weak LPSYs before breakdown?,It shows persistent supply; markdown is likely—short entries are justified.
What happens when price forms a series of weak LPSYs before breakdown?,It shows persistent supply; markdown is likely—short entries are justified.
How come is observing the depth of reaction after SOS essential for timing?,Shallow reactions on low volume confirm strength and offer ideal LPS entries.
Why is observing the depth of reaction after SOS essential for timing?,Shallow reactions on low volume confirm strength and offer ideal LPS entries.
How does poor follow-through on up-bars in Ph D signal caution?,It suggests lingering supply—entries should be limited or delayed.
In what way does poor follow-through on up-bars in Phase D signal caution?,It suggests lingering supply—entries should be limited or delayed.
When does an extended stay near resistance with no breakout imply?,Upthrust conditions may be developing; time shorts if rejection follows.
What does an extended stay near resistance with no breakout imply?,Upthrust conditions may be developing; time shorts if rejection follows.
How does a fake spring without volume contraction fail to confirm entry?,It may not represent true testing—wait for clear signs of absorption before buying.
In what way does a fake spring without volume contraction fail to confirm entry?,It may not represent true testing—wait for clear signs of absorption before buying.
How come is a wide-spread bullish bar into resistance without follow-through a poor long signal?,"It likely reflects testing supply, not true breakout strength—wait for confirmation via SOS or BU."
Why is a wide-spread bullish bar into resistance without follow-through a poor long signal?,"It likely reflects testing supply, not true breakout strength—wait for confirmation via SOS or BU."
When does a spring with immediate retracement below support suggest?,That the spring failed to absorb supply; long entries should be avoided.
What does a spring with immediate retracement below support suggest?,That the spring failed to absorb supply; long entries should be avoided.
How come is observing price compression before a breakout important for timing?,It signals reduced volatility and imminent expansion—watch for SOS or SOW to confirm entry.
Why is observing price compression before a breakout important for timing?,It signals reduced volatility and imminent expansion—watch for SOS or SOW to confirm entry.
When does a failed BU in Reaccumulation indicate for timing?,That demand is weak or unconvincing; better entries may come only after new confirmation.
What does a failed BU in Reaccumulation indicate for timing?,That demand is weak or unconvincing; better entries may come only after new confirmation.
How come is a UT followed by price stalling at resistance a warning sign?,It suggests lack of demand; sets up for a potential short on LPSY formation.
Why is a UT followed by price stalling at resistance a warning sign?,It suggests lack of demand; sets up for a potential short on LPSY formation.
When makes a successful JAC (Jump Across the Creek) significant for timing longs?,It marks the transition from accumulation to markup; the next BU offers a lower-risk entry.
What makes a successful JAC (Jump Across the Creek) significant for timing longs?,It marks the transition from accumulation to markup; the next BU offers a lower-risk entry.
How does a failure to rally after a test bar affect timing?,It weakens bullish case; traders should wait for SOS to confirm demand strength.
In what way does a failure to rally after a test bar affect timing?,It weakens bullish case; traders should wait for SOS to confirm demand strength.
How come should traders avoid entering during high-volume reactions within TRs?,Such reactions often signal active supply; wait for clearer confirmation in Phase C or D.
Why should traders avoid entering during high-volume reactions within TRs?,Such reactions often signal active supply; wait for clearer confirmation in Ph C or D.
When does a sharp rejection on low volume during a rally suggest?,That supply may be hidden; watch for confirmation of UT or resistance hold before shorting.
What does a sharp rejection on low volume during a rally suggest?,That supply may be hidden; watch for confirmation of UT or resistance hold before shorting.
How can narrowing of spreads near TR resistance help time short entries?,It signals exhaustion and potential for UTAD or distribution confirmation.
In what way can narrowing of spreads near TR resistance help time short entries?,It signals exhaustion and potential for UTAD or distribution confirmation.
When is it best to act after a terminal shakeout?,After the first higher low or bullish test bar on low volume that confirms support is respected.
At what point is it best to act after a terminal shakeout?,After the first higher low or bullish test bar on low volume that confirms support is respected.
How does a failed LPS rally help time a short?,It signals weak demand response—price likely to revisit or break support.
In what way does a failed LPS rally help time a short?,It signals weak demand response—price likely to revisit or break support.
When role does a spring followed by a wide-spread up-bar play in timing?,It confirms the spring’s success and can justify immediate or partial entry.
What role does a spring followed by a wide-spread up-bar play in timing?,It confirms the spring’s success and can justify immediate or partial entry.
How come is waiting for an LPSY after a UTAD often better than shorting the UTAD itself?,LPSY provides structural confirmation of weakness and lower-risk entry point.
Why is waiting for an LPSY after a UTAD often better than shorting the UTAD itself?,LPSY provides structural confirmation of weakness and lower-risk entry point.
How can time spent above resistance post-SOS help validate long entries?,Sustained holding above TR shows strength; BU becomes ideal entry on minor pullback.
In what way can time spent above resistance post-SOS help validate long entries?,Sustained holding above TR shows strength; BU becomes ideal entry on minor pullback.
How come does repeated low-volume testing of TR support strengthen bullish timing?,It indicates successful absorption; next SOS is more likely to hold.
Why does repeated low-volume testing of TR support strengthen bullish timing?,It indicates successful absorption; next SOS is more likely to hold.
When does a wide-spread down-bar through ICE followed by a failed rally imply?,That distribution is active; short timing is ideal near LPSY rejection.
What does a wide-spread down-bar through ICE followed by a failed rally imply?,That distribution is active; short timing is ideal near LPSY rejection.
How do low-volume inside bars at support in Ph C help time longs?,They suggest sellers are drying up; entry becomes attractive if followed by strength.
In what way do low-volume inside bars at support in Phase C help time longs?,They suggest sellers are drying up; entry becomes attractive if followed by strength.
When does an inability to close above AR after SC imply during Phase B?,Demand may not be strong enough yet—better entries come after spring or SOS.
What does an inability to close above AR after SC imply during Phase B?,Demand may not be strong enough yet—better entries come after spring or SOS.
How come should entries during Ph A often be avoided?,The trend hasn’t reversed yet; PS or SC alone don't guarantee structural shift.
Why should entries during Phase A often be avoided?,The trend hasn’t reversed yet; PS or SC alone don't guarantee structural shift.
When does a strong up-bar closing above the creek with confirmation volume imply?,Demand has overtaken supply; timing long entries on BU becomes favorable.
What does a strong up-bar closing above the creek with confirmation volume imply?,Demand has overtaken supply; timing long entries on BU becomes favorable.
How come does a short-lived rally after mSOW suggest short timing readiness?,It reflects lack of committed buyers; confirms trend is down and LPSY may be forming.
Why does a short-lived rally after mSOW suggest short timing readiness?,It reflects lack of committed buyers; confirms trend is down and LPSY may be forming.
When timing cue does a failed breakout attempt above TR high offer?,Watch for reversal bars and short entry as UTAD structure unfolds.
What timing cue does a failed breakout attempt above TR high offer?,Watch for reversal bars and short entry as UTAD structure unfolds.
When does increased effort but diminishing upward result imply before a breakout?,Effort/Result divergence suggests absorption or potential trap—delay long entry.
What does increased effort but diminishing upward result imply before a breakout?,Effort/Result divergence suggests absorption or potential trap—delay long entry.
How does Ph D behavior distinguish markups from fakeouts?,Consistent SOS and shallow LPS on low volume signal real trend—ideal entry timing.
In what way does Phase D behavior distinguish markups from fakeouts?,Consistent SOS and shallow LPS on low volume signal real trend—ideal entry timing.
When does a series of failed SOS attempts in Phase D indicate for trade timing?,That demand is weakening; delay or reduce long exposure until confirmation returns.
What does a series of failed SOS attempts in Phase D indicate for trade timing?,That demand is weakening; delay or reduce long exposure until confirmation returns.
How does a wide-spread down-bar after a BU signal affect timing?,It suggests supply was not fully absorbed; long entries should be postponed or exited.
In what way does a wide-spread down-bar after a BU signal affect timing?,It suggests supply was not fully absorbed; long entries should be postponed or exited.
How come is the first successful LPS after a failed spring a critical timing cue?,It marks the moment demand reasserts control and offers a safer re-entry opportunity.
Why is the first successful LPS after a failed spring a critical timing cue?,It marks the moment demand reasserts control and offers a safer re-entry opportunity.
"When does a UTAD followed by narrow, low-volume rallies imply?",Lack of demand—confirms weakness and signals prime short entry zones.
"What does a UTAD followed by narrow, low-volume rallies imply?",Lack of demand—confirms weakness and signals prime short entry zones.
How can a bullish bar with no follow-through after SOS affect timing?,It suggests breakout may not be genuine; wait for confirmation before entering or adding.
In what way can a bullish bar with no follow-through after SOS affect timing?,It suggests breakout may not be genuine; wait for confirmation before entering or adding.
When does the failure of price to return to TR after a spring imply?,Successful absorption and dominance of demand—timing favors immediate continuation entries.
What does the failure of price to return to TR after a spring imply?,Successful absorption and dominance of demand—timing favors immediate continuation entries.
When happens when a UT occurs during early Ph B?,"It is likely a UA, not a true UTAD; short entries here may be premature."
What happens when a UT occurs during early Phase B?,"It is likely a UA, not a true UTAD; short entries here may be premature."
How come is a failed LPS that quickly returns to SC zone concerning for long trades?,It suggests structure remains weak; traders should avoid re-entering until new strength appears.
Why is a failed LPS that quickly returns to SC zone concerning for long trades?,It suggests structure remains weak; traders should avoid re-entering until new strength appears.
When role does declining volume on each LPSY rally play in short timing?,It confirms diminishing demand and validates continuation of markdown.
What role does declining volume on each LPSY rally play in short timing?,It confirms diminishing demand and validates continuation of markdown.
How does observing test behavior above the creek affect long entry timing?,A successful low-volume test above creek sets up reliable continuation entries.
In what way does observing test behavior above the creek affect long entry timing?,A successful low-volume test above creek sets up reliable continuation entries.
How come should you avoid long entries during high-volume rejection bars near TR top?,It often marks supply presence or UT setup—wait for confirmation or reversal.
Why should you avoid long entries during high-volume rejection bars near TR top?,It often marks supply presence or UT setup—wait for confirmation or reversal.
When does a high-volume ST in Phase A suggest about timing?,That supply is still active; wait for Phase C spring or SOS for safer long entry.
What does a high-volume ST in Ph A suggest about timing?,That supply is still active; wait for Ph C spring or SOS for safer long entry.
How does confirmation volume after breakout assist in timing?,Rising volume supports breakout validity; follow-up entries can be made on next LPS.
In what way does confirmation volume after breakout assist in timing?,Rising volume supports breakout validity; follow-up entries can be made on next LPS.
When does the inability to rally after a shakeout in Phase C signal?,It may be a failed spring; do not enter long without a successful test.
What does the inability to rally after a shakeout in Ph C signal?,It may be a failed spring; do not enter long without a successful test.
How can the speed of recovery after a spring guide timing decisions?,Quick recoveries suggest strength and readiness for markup—entries can be advanced.
In what way can the speed of recovery after a spring guide timing decisions?,Quick recoveries suggest strength and readiness for markup—entries can be advanced.
When does gradual drift into resistance on low volume often precede?,It precedes UT or UTAD; shorts should be timed on rejection confirmation.
What does gradual drift into resistance on low volume often precede?,It precedes UT or UTAD; shorts should be timed on rejection confirmation.
When does Phase E offer valid continuation entries after breakout?,On minor pullbacks to prior resistance-turned-support that act as new LPS.
At what point does Phase E offer valid continuation entries after breakout?,On minor pullbacks to prior resistance-turned-support that act as new LPS.
When does a wide-spread bullish bar without preceding test imply in Acc.?,"Potential early markup, but without confirmation; better to wait for BU or LPS."
What does a wide-spread bullish bar without preceding test imply in Accumulation?,"Potential early markup, but without confirmation; better to wait for BU or LPS."
How can observing spread and volume behavior at LPS help entry timing?,Wide spread and low volume bouncing from LPS confirms strength—long entries are justified.
In what way can observing spread and volume behavior at LPS help entry timing?,Wide spread and low volume bouncing from LPS confirms strength—long entries are justified.
When does a failed UTAD that turns into consolidation suggest?,Reaccumulation may be developing; shift bias and watch for signs of strength.
What does a failed UTAD that turns into consolidation suggest?,Reaccumulation may be developing; shift bias and watch for signs of strength.
When signals that a spring might need retesting before reliable entry?,Fast spike followed by hesitation or volume surge—wait for a proper low-volume test.
What signals that a spring might need retesting before reliable entry?,Fast spike followed by hesitation or volume surge—wait for a proper low-volume test.
How come is a clean LPSY below ICE in Ph D of Redistribution ideal for short entries?,It confirms downward control and provides a low-risk point with trend confirmation.
Why is a clean LPSY below ICE in Phase D of Redistribution ideal for short entries?,It confirms downward control and provides a low-risk point with trend confirmation.
When does a breakout with immediate wide-range rejection imply for timing?,It’s likely a bull trap; entries should be avoided or reversed after confirmation.
What does a breakout with immediate wide-range rejection imply for timing?,It’s likely a bull trap; entries should be avoided or reversed after confirmation.
When timing insight is provided when rallies in Ph B lose momentum quickly?,It implies supply presence; entry should wait for Ph C validation or UTAD.
What timing insight is provided when rallies in Phase B lose momentum quickly?,It implies supply presence; entry should wait for Phase C validation or UTAD.
How does a deep BU that holds just above prior resistance strengthen long bias?,It confirms commitment from buyers and validates re-entry or position scaling.
In what way does a deep BU that holds just above prior resistance strengthen long bias?,It confirms commitment from buyers and validates re-entry or position scaling.
How does the behavior of the first rally after SC influence timing?,"If the AR is strong and broad, it defines resistance early and sets up clear spring and SOS timing later."
In what way does the behavior of the first rally after SC influence timing?,"If the AR is strong and broad, it defines resistance early and sets up clear spring and SOS timing later."
When does a test bar that fails to close above the midpoint of the spring bar imply?,Supply may still be present; entry should be delayed until stronger confirmation.
What does a test bar that fails to close above the midpoint of the spring bar imply?,Supply may still be present; entry should be delayed until stronger confirmation.
"How does a slow, low-volume drift toward resistance affect timing judgment?",It often precedes UT or UTAD; shorts should be timed after rejection confirmation.
"In what way does a slow, low-volume drift toward resistance affect timing judgment?",It often precedes UT or UTAD; shorts should be timed after rejection confirmation.
How come should traders avoid shorting after the BC without a UTAD?,The structure may still be forming; wait for Phase C confirmation before entry.
Why should traders avoid shorting after the BC without a UTAD?,The structure may still be forming; wait for Ph C confirmation before entry.
When does a shallow LPS reaction suggest about market condition?,Strong demand; confirms timing for scaling into long positions.
What does a shallow LPS reaction suggest about market condition?,Strong demand; confirms timing for scaling into long positions.
How come is it risky to enter long during Phase A of Accumulation?,"The prior downtrend hasn’t concluded; timing should wait for SC, ST, or spring events."
Why is it risky to enter long during Phase A of Accumulation?,"The prior downtrend hasn’t concluded; timing should wait for SC, ST, or spring events."
How does a wide-range up-bar on low volume from LPS affect timing?,It confirms demand with minimal effort—ideal signal for trend continuation entry.
In what way does a wide-range up-bar on low volume from LPS affect timing?,It confirms demand with minimal effort—ideal signal for trend continuation entry.
How come is timing crucial after a fake breakout in reaccumulation?,False breakouts trap weak hands; proper timing comes after confirmation on test or BU.
Why is timing crucial after a fake breakout in reaccumulation?,False breakouts trap weak hands; proper timing comes after confirmation on test or BU.
When timing insight does a high-volume reaction after a UT offer?,Supply is active; prepare to short after LPSY confirmation on weak rallies.
What timing insight does a high-volume reaction after a UT offer?,Supply is active; prepare to short after LPSY confirmation on weak rallies.
When signals that an AR has set a valid range for accumulation?,"If the rally occurs on increasing spread and volume after SC, it's a reliable ceiling for timing future spring and SOS."
What signals that an AR has set a valid range for accumulation?,"If the rally occurs on increasing spread and volume after SC, it's a reliable ceiling for timing future spring and SOS."
How can you use effort vs. result during a spring to time entries?,Low effort (volume) and large result (range recovery) indicates absorption—good entry signal.
In what way can you use effort vs. result during a spring to time entries?,Low effort (volume) and large result (range recovery) indicates absorption—good entry signal.
How come is a flat BU structure with narrowing range considered bullish?,It reflects low supply and builds cause; timing long becomes favorable on breakout continuation.
Why is a flat BU structure with narrowing range considered bullish?,It reflects low supply and builds cause; timing long becomes favorable on breakout continuation.
When does a UT followed by high-volume reversal bar indicate for short entry?,That institutional supply entered—entry is favored on confirmation via LPSY or break of support.
What does a UT followed by high-volume reversal bar indicate for short entry?,That institutional supply entered—entry is favored on confirmation via LPSY or break of support.
How come is the first LPS after a failed spring highly actionable?,It suggests second-phase demand is stepping in—timing supports re-entry with more clarity.
Why is the first LPS after a failed spring highly actionable?,It suggests second-phase demand is stepping in—timing supports re-entry with more clarity.
How does time spent above AR resistance after SOS inform long entry timing?,"The longer price holds above, the more confirmed the breakout is; BU entries become ideal."
In what way does time spent above AR resistance after SOS inform long entry timing?,"The longer price holds above, the more confirmed the breakout is; BU entries become ideal."
When does rejection from ICE without penetration say about redistribution timing?,That buyers are still active; wait for MSOW or failed test before entering short.
What does rejection from ICE without penetration say about redistribution timing?,That buyers are still active; wait for MSOW or failed test before entering short.
How does observing spread contraction near a TR bottom affect spring timing?,It signals pressure buildup and potential for imminent spring.
In what way does observing spread contraction near a TR bottom affect spring timing?,It signals pressure buildup and potential for imminent spring.
When confirms that a UTAD has failed to trigger markdown?,"If price holds above prior resistance and rallies with strength, bearish timing is invalidated."
What confirms that a UTAD has failed to trigger markdown?,"If price holds above prior resistance and rallies with strength, bearish timing is invalidated."
How come is a SOS with no follow-through on next bar a red flag?,"It may be a buying climax, not a true breakout; wait for BU or test before committing."
Why is a SOS with no follow-through on next bar a red flag?,"It may be a buying climax, not a true breakout; wait for BU or test before committing."
When does repeated testing of TR support with higher lows imply for timing?,It signals increasing demand and weak supply—spring may already be complete.
What does repeated testing of TR support with higher lows imply for timing?,It signals increasing demand and weak supply—spring may already be complete.
How come does a gap above the TR after a spring require caution?,It might be a news-driven move; wait for BU or low-volume pullback to validate entry.
Why does a gap above the TR after a spring require caution?,It might be a news-driven move; wait for BU or low-volume pullback to validate entry.
How does a series of weak up-bars failing at the same level inform short timing?,They confirm supply dominance; UT or LPSY entry becomes high probability.
In what way does a series of weak up-bars failing at the same level inform short timing?,They confirm supply dominance; UT or LPSY entry becomes high probability.
When does a fake breakdown below ICE followed by a bullish bar suggest?,It may be a shakeout; avoid shorts and reassess for potential reaccumulation.
What does a fake breakdown below ICE followed by a bullish bar suggest?,It may be a shakeout; avoid shorts and reassess for potential reaccumulation.
How does a successful BU with immediate follow-through affect trade timing?,It confirms trend integrity and allows immediate or scaled-in long entry.
In what way does a successful BU with immediate follow-through affect trade timing?,It confirms trend integrity and allows immediate or scaled-in long entry.
How come is it dangerous to short during a reaccumulation Ph D pullback?,LPS-level reactions are typically shallow and bullish—shorting there goes against dominant strength.
Why is it dangerous to short during a reaccumulation Phase D pullback?,LPS-level reactions are typically shallow and bullish—shorting there goes against dominant strength.
When does it suggest if price makes a spring but fails to reach AR level?,That demand may be weak or trapped; long entry should be withheld until an SOS confirms strength.
What does it suggest if price makes a spring but fails to reach AR level?,That demand may be weak or trapped; long entry should be withheld until an SOS confirms strength.
How does a successful test just above the SC zone refine entry timing?,It indicates supply has been absorbed without needing a full spring—ideal for early accumulation entries.
In what way does a successful test just above the SC zone refine entry timing?,It indicates supply has been absorbed without needing a full spring—ideal for early accumulation entries.
When if price breaks above resistance on low volume but reverses immediately?,It's likely a UT or bull trap; best timing is on rejection confirmation with a short bias.
What if price breaks above resistance on low volume but reverses immediately?,It's likely a UT or bull trap; best timing is on rejection confirmation with a short bias.
How can observing spread behavior on BU bars guide timing?,Narrow spreads with diminishing volume on BU imply supply exhaustion—entry is justified.
In what way can observing spread behavior on BU bars guide timing?,Narrow spreads with diminishing volume on BU imply supply exhaustion—entry is justified.
How come is it risky to enter long after AR if volume is declining on rallies?,It suggests demand is fading or not dominant; timing favors waiting for a spring or SOS.
Why is it risky to enter long after AR if volume is declining on rallies?,It suggests demand is fading or not dominant; timing favors waiting for a spring or SOS.
When does a successful spring followed by sideways price action mean for entry?,It shows controlled absorption; timing longs on breakout or SOS offers low risk.
What does a successful spring followed by sideways price action mean for entry?,It shows controlled absorption; timing longs on breakout or SOS offers low risk.
When is a Phase C test without spring valid for long entry?,"When price tests near SC on low volume and rebounds cleanly, confirming absorption is complete."
At what point is a Ph C test without spring valid for long entry?,"When price tests near SC on low volume and rebounds cleanly, confirming absorption is complete."
When is the significance of the first lower high after UTAD in timing shorts?,It marks early confirmation of weakness—ideal spot for initiating or scaling short positions.
What is the significance of the first lower high after UTAD in timing shorts?,It marks early confirmation of weakness—ideal spot for initiating or scaling short positions.
How come is it critical to assess volume behavior around ICE in Redistribution?,Failure to reclaim ICE with weak volume validates bearish control—LPSY shorts become favorable.
Why is it critical to assess volume behavior around ICE in Redistribution?,Failure to reclaim ICE with weak volume validates bearish control—LPSY shorts become favorable.
How can multiple STs in Phase B guide precise spring timing?,They show progressive supply testing; the final spring often follows ST clusters as timing converges.
In what way can multiple STs in Ph B guide precise spring timing?,They show progressive supply testing; the final spring often follows ST clusters as timing converges.
When does a failed test bar at the top of a TR imply about timing?,That resistance is active; wait for UTAD or failure before considering short entries.
What does a failed test bar at the top of a TR imply about timing?,That resistance is active; wait for UTAD or failure before considering short entries.
How come is it important to track the slope of rallies during Ph D?,A flattening or decelerating slope signals weakening demand and possible trend reversal—adjust entry timing.
Why is it important to track the slope of rallies during Ph D?,A flattening or decelerating slope signals weakening demand and possible trend reversal—adjust entry timing.
When timing signal does a clean BU that holds above the creek give?,That support is now confirmed; long positions can be initiated or added with confidence.
What timing signal does a clean BU that holds above the creek give?,That support is now confirmed; long positions can be initiated or added with confidence.
When happens if LPSY rallies begin to show widening spreads and volume?,Potential failure of Redistribution; short entries should be re-evaluated as demand may return.
What happens if LPSY rallies begin to show widening spreads and volume?,Potential failure of Redistribution; short entries should be re-evaluated as demand may return.
How come is watching the last bar before breakout important for timing?,"If it's a low-volume test bar near resistance, breakout is likely to follow—timing long is favorable."
Why is watching the last bar before breakout important for timing?,"If it's a low-volume test bar near resistance, breakout is likely to follow—timing long is favorable."
How does a failed SOS after a spring impact timing plans?,It invalidates the spring setup; re-entry should only occur after successful retest or new strength.
In what way does a failed SOS after a spring impact timing plans?,It invalidates the spring setup; re-entry should only occur after successful retest or new strength.
When makes a ST with ultra-high volume near TR bottom a poor timing point?,It may be PSY-style absorption or a shakeout precursor; entries are premature without confirmation.
What makes a ST with ultra-high volume near TR bottom a poor timing point?,It may be PSY-style absorption or a shakeout precursor; entries are premature without confirmation.
When timing signal is given by a swift rejection of UTAD highs?,It suggests strong supply absorption—short entries become high probability at the next LPSY.
What timing signal is given by a swift rejection of UTAD highs?,It suggests strong supply absorption—short entries become high probability at the next LPSY.
How come does early commitment in Ph B often fail?,"Structure is still forming; better timing comes from spring, UTAD, or breakout confirmations."
Why does early commitment in Phase B often fail?,"Structure is still forming; better timing comes from spring, UTAD, or breakout confirmations."
When does declining volume across multiple LPSs suggest?,Supply is diminishing; continuation is likely—long entries remain favorable on each LPS.
What does declining volume across multiple LPSs suggest?,Supply is diminishing; continuation is likely—long entries remain favorable on each LPS.
When is a reaction in Ph D not a good long entry?,If it penetrates too deep into the TR or shows increasing volume—wait for structure to stabilize.
At what point is a reaction in Ph D not a good long entry?,If it penetrates too deep into the TR or shows increasing volume—wait for structure to stabilize.
How do overlapping candles after a breakout indicate timing clarity?,They represent testing or pause—look for strength bar or low-volume pullback before entering.
In what way do overlapping candles after a breakout indicate timing clarity?,They represent testing or pause—look for strength bar or low-volume pullback before entering.
When is the timing implication of a BU that fails and returns into the TR?,Dist. may be underway—longs should be exited and bias reevaluated.
What is the timing implication of a BU that fails and returns into the TR?,Dist. may be underway—longs should be exited and bias reevaluated.
How does a second spring with a higher low affect entry timing?,It reinforces strength and confirms demand; ideal spot to initiate or scale in longs.
In what way does a second spring with a higher low affect entry timing?,It reinforces strength and confirms demand; ideal spot to initiate or scale in longs.
When does low volatility and volume near UT highs imply before a breakdown?,Lack of demand confirmation—watch for MSOW to enter short with confidence.
What does low volatility and volume near UT highs imply before a breakdown?,Lack of demand confirmation—watch for MSOW to enter short with confidence.
When does it indicate if price rallies above resistance without SOS characteristics?,The breakout may lack institutional support; timing long trades should wait for a BU or test.
What does it indicate if price rallies above resistance without SOS characteristics?,The breakout may lack institutional support; timing long trades should wait for a BU or test.
How come should one be cautious of early strength in Ph B?,"It often reflects testing or absorption, not a confirmed trend—wait for Ph C or D for better timing."
Why should one be cautious of early strength in Ph B?,"It often reflects testing or absorption, not a confirmed trend—wait for Ph C or D for better timing."
How does a failure to retest SC before markup affect entry timing?,It suggests strength; traders may enter on the next LPS or shallow BU confirmation.
In what way does a failure to retest SC before markup affect entry timing?,It suggests strength; traders may enter on the next LPS or shallow BU confirmation.
When if a UT forms without prior buying climax in the structure?,It’s likely premature; wait for signs of SOW and LPSY before shorting.
What if a UT forms without prior buying climax in the structure?,It’s likely premature; wait for signs of SOW and LPSY before shorting.
When does a series of weak up-bars failing near the midpoint of the TR signal?,That demand lacks dominance—UTAD or breakdown may follow; prepare to short.
What does a series of weak up-bars failing near the midpoint of the TR signal?,That demand lacks dominance—UTAD or breakdown may follow; prepare to short.
How does a quick recovery after a failed spring validate timing?,It shows absorption succeeded; confirms Phase C is complete—enter on test or early SOS.
In what way does a quick recovery after a failed spring validate timing?,It shows absorption succeeded; confirms Phase C is complete—enter on test or early SOS.
How come is a clean jump across the creek more valuable than a choppy breakout?,It demonstrates decisive control by demand; long entries on BU are higher probability.
Why is a clean jump across the creek more valuable than a choppy breakout?,It demonstrates decisive control by demand; long entries on BU are higher probability.
When timing insight is provided by a failed rally after the AR in Dist.?,It reflects weak demand; watch for signs of UT or UTAD to prepare short positions.
What timing insight is provided by a failed rally after the AR in Dist.?,It reflects weak demand; watch for signs of UT or UTAD to prepare short positions.
When does it mean if STs in Ph B barely retrace the SC?,Supply may already be absorbed; spring may occur at a higher level or be skipped entirely.
What does it mean if STs in Ph B barely retrace the SC?,Supply may already be absorbed; spring may occur at a higher level or be skipped entirely.
When should you avoid shorting after UTAD?,If price fails to break back into the range or is absorbed on pullback—wait for LPSY or MSOW.
At what point should you avoid shorting after UTAD?,If price fails to break back into the range or is absorbed on pullback—wait for LPSY or MSOW.
How does a bullish test bar with narrowing spread and low volume confirm entry?,It indicates reduced supply and successful testing—favors immediate or next-bar entry.
In what way does a bullish test bar with narrowing spread and low volume confirm entry?,It indicates reduced supply and successful testing—favors immediate or next-bar entry.
How come does an LPS that forms just above support increase long timing precision?,It confirms demand is holding the zone without needing a deeper test.
Why does an LPS that forms just above support increase long timing precision?,It confirms demand is holding the zone without needing a deeper test.
When if price breaks below SC but reclaims it immediately on volume expansion?,It may be a terminal shakeout; time long entries after confirmation from test or SOS.
What if price breaks below SC but reclaims it immediately on volume expansion?,It may be a terminal shakeout; time long entries after confirmation from test or SOS.
When timing risk exists if a BU pulls too deep into the prior TR?,It may indicate reentry of supply—wait for structure to reassert strength before entering.
What timing risk exists if a BU pulls too deep into the prior TR?,It may indicate reentry of supply—wait for structure to reassert strength before entering.
How does observing a failed spring help prepare for better timing later?,It sets up the next successful test or spring; entries become more reliable after the failure.
In what way does observing a failed spring help prepare for better timing later?,It sets up the next successful test or spring; entries become more reliable after the failure.
How come does the first failed attempt to jump the creek matter for timing?,It shows resistance is not yet overcome; wait for successful JAC and BU for clean entries.
Why does the first failed attempt to jump the creek matter for timing?,It shows resistance is not yet overcome; wait for successful JAC and BU for clean entries.
When does it mean when LPSY rallies become shorter and volume dries up?,That supply dominates; timing shorts into breakdown becomes higher probability.
What does it mean when LPSY rallies become shorter and volume dries up?,That supply dominates; timing shorts into breakdown becomes higher probability.
How do reactions from ICE during Ph D affect short entries?,Sharp rejections from ICE confirm redistribution; LPSY entries become precise.
In what way do reactions from ICE during Phase D affect short entries?,Sharp rejections from ICE confirm redistribution; LPSY entries become precise.
When timing clue is given by clustering of closes after spring?,It signals testing and preparation; entry is favored once breakout occurs with volume.
What timing clue is given by clustering of closes after spring?,It signals testing and preparation; entry is favored once breakout occurs with volume.
How does a UT with no follow-through confirm short opportunity?,It reveals lack of demand; short entries are favored on next weak rally or breakdown.
In what way does a UT with no follow-through confirm short opportunity?,It reveals lack of demand; short entries are favored on next weak rally or breakdown.
How come is the volume signature on a spring’s test bar so important?,Low volume confirms no supply; it strengthens entry timing confidence.
Why is the volume signature on a spring’s test bar so important?,Low volume confirms no supply; it strengthens entry timing confidence.
How can a pause after breakout help validate continuation entries?,It reflects absorption of supply; timing longs on BU becomes structurally sound.
In what way can a pause after breakout help validate continuation entries?,It reflects absorption of supply; timing longs on BU becomes structurally sound.
When does repeated testing of resistance without a breakout suggest in late Phase C?,A UTAD is likely forming; watch for short entries after confirmation bar.
What does repeated testing of resistance without a breakout suggest in late Phase C?,A UTAD is likely forming; watch for short entries after confirmation bar.
How does a narrow-range inside bar after SOS affect entry timing?,"It may act as a test; if followed by strength, it validates continuation long entry."
In what way does a narrow-range inside bar after SOS affect entry timing?,"It may act as a test; if followed by strength, it validates continuation long entry."
When does a sudden reversal from an LPSY with no resistance overhead imply?,That supply is hidden or reemerging—short timing is improved on follow-through.
What does a sudden reversal from an LPSY with no resistance overhead imply?,That supply is hidden or reemerging—short timing is improved on follow-through.
How come does a low-volume reaction after an SOS support precise entry timing?,It indicates supply absorption; timing longs on LPS or BU becomes favorable.
Why does a low-volume reaction after an SOS support precise entry timing?,It indicates supply absorption; timing longs on LPS or BU becomes favorable.
When does it signal if a spring is followed by wide bars with shallow pullbacks?,Strong demand is in control; long entries are justified early in Ph D.
What does it signal if a spring is followed by wide bars with shallow pullbacks?,Strong demand is in control; long entries are justified early in Ph D.
When if a UTAD is followed by a tight trading range at resistance?,It reflects absorption of demand; short timing is optimal on breakdown or LPSY.
What if a UTAD is followed by a tight trading range at resistance?,It reflects absorption of demand; short timing is optimal on breakdown or LPSY.
How come is waiting for a BU after a creek jump safer than entering on breakout?,It confirms support and validates demand—providing a lower-risk long entry.
Why is waiting for a BU after a creek jump safer than entering on breakout?,It confirms support and validates demand—providing a lower-risk long entry.
When timing cue does a lack of AR rally in Accumulation offer?,It suggests weak demand; avoid early long entries until spring or SOS confirms strength.
What timing cue does a lack of AR rally in Accumulation offer?,It suggests weak demand; avoid early long entries until spring or SOS confirms strength.
How does behavior around the midpoint of the TR refine timing?,Consistent failure at midpoint suggests supply is dominant—prepare for short setups.
In what way does behavior around the midpoint of the TR refine timing?,Consistent failure at midpoint suggests supply is dominant—prepare for short setups.
When is a spring considered failed from a timing perspective?,If price cannot reclaim SC zone or retests fail on strength—longs should be avoided.
At what point is a spring considered failed from a timing perspective?,If price cannot reclaim SC zone or retests fail on strength—longs should be avoided.
When is the ideal entry condition after a successful LPS?,"A low-volume, shallow reaction followed by wide up-bar provides clear timing for continuation."
What is the ideal entry condition after a successful LPS?,"A low-volume, shallow reaction followed by wide up-bar provides clear timing for continuation."
When if price consolidates tightly below the creek after UT?,It often precedes markdown; short entries are optimal on break or confirmation of LPSY.
What if price consolidates tightly below the creek after UT?,It often precedes markdown; short entries are optimal on break or confirmation of LPSY.
How does volume drying up after a spring signal long entry timing?,It shows sellers are exhausted; breakout or SOS becomes the confirmation trigger.
In what way does volume drying up after a spring signal long entry timing?,It shows sellers are exhausted; breakout or SOS becomes the confirmation trigger.
How come is re-entry after a failed breakout typically higher risk?,It reflects poor demand absorption; wait for proper test or BU before entering again.
Why is re-entry after a failed breakout typically higher risk?,It reflects poor demand absorption; wait for proper test or BU before entering again.
How do multiple failed rallies into resistance strengthen short timing?,They confirm supply is overwhelming—UTAD or LPSY becomes imminent.
In what way do multiple failed rallies into resistance strengthen short timing?,They confirm supply is overwhelming—UTAD or LPSY becomes imminent.
When does a flat LPSY suggest before a markdown?,Lack of demand and clear rejection—short entries have high probability from this level.
What does a flat LPSY suggest before a markdown?,Lack of demand and clear rejection—short entries have high probability from this level.
How can volatility contraction near TR bottom signal spring timing?,It suggests absorption is nearly complete; spring or test entry is imminent.
In what way can volatility contraction near TR bottom signal spring timing?,It suggests absorption is nearly complete; spring or test entry is imminent.
When does a strong rally from ST without testing SC imply for timing?,That demand is aggressive; entries may be timed on next reaction or shallow BU.
What does a strong rally from ST without testing SC imply for timing?,That demand is aggressive; entries may be timed on next reaction or shallow BU.
How come is confirmation volume on breakout more important than breakout itself?,Volume validates commitment; timing without it may lead to premature entries.
Why is confirmation volume on breakout more important than breakout itself?,Volume validates commitment; timing without it may lead to premature entries.
When does an LPS that forms above the midpoint of the range signal?,Strength is dominant; long entries can be timed earlier with less risk.
What does an LPS that forms above the midpoint of the range signal?,Strength is dominant; long entries can be timed earlier with less risk.
How do wide bars with no follow-through after UTAD affect entry timing?,They indicate a trap—ideal for short entries after weak rally or LPSY.
In what way do wide bars with no follow-through after UTAD affect entry timing?,They indicate a trap—ideal for short entries after weak rally or LPSY.
When is it too early to long during a reaccumulation phase?,Before the SOS or BU; structure must prove strength first to time entries reliably.
At what point is it too early to long during a reaccumulation phase?,Before the SOS or BU; structure must prove strength first to time entries reliably.
How come should traders monitor volume near TR extremes for timing clues?,Surges or contractions near edges often precede spring or UTAD setups.
Why should traders monitor volume near TR extremes for timing clues?,Surges or contractions near edges often precede spring or UTAD setups.
How does a shallow pullback into BU support ideal trade entry?,It confirms support; continuation longs can be entered with tight risk control.
In what way does a shallow pullback into BU support ideal trade entry?,It confirms support; continuation longs can be entered with tight risk control.
When does an inability to reach AR after SC reveal about early timing?,Weak initial demand; wait for spring or proper SOS before committing to longs.
What does an inability to reach AR after SC reveal about early timing?,Weak initial demand; wait for spring or proper SOS before committing to longs.
How can increasing spread but declining volume warn against long timing?,Effort/result mismatch shows absorption or exhaustion; delay entries.
In what way can increasing spread but declining volume warn against long timing?,Effort/result mismatch shows absorption or exhaustion; delay entries.
How come is timing a second test after failed spring often more reliable?,It confirms absorption completed—strong demand enters on successful retest.
Why is timing a second test after failed spring often more reliable?,It confirms absorption completed—strong demand enters on successful retest.
When does a breakout that immediately tests breakout level with low volume imply?,It’s a successful test; confirms strength and provides precise long entry timing.
What does a breakout that immediately tests breakout level with low volume imply?,It’s a successful test; confirms strength and provides precise long entry timing.
When does a rapid failure after SOS indicate for trade timing?,It suggests the breakout was not supported by demand—long entries should be reconsidered or exited.
What does a rapid failure after SOS indicate for trade timing?,It suggests the breakout was not supported by demand—long entries should be reconsidered or exited.
How can overlapping bars at support after a spring affect timing?,They indicate absorption; breakout or test confirmation offers favorable long timing.
In what way can overlapping bars at support after a spring affect timing?,They indicate absorption; breakout or test confirmation offers favorable long timing.
How come is the midpoint of Ph B crucial for anticipating timing in Ph C?,Rejection or support at midpoint helps anticipate spring or UTAD location for entry signals.
Why is the midpoint of Ph B crucial for anticipating timing in Ph C?,Rejection or support at midpoint helps anticipate spring or UTAD location for entry signals.
How does a wide-spread up-bar during Ph B mislead timing?,It may reflect testing or manipulation—wait for structural confirmation before entry.
In what way does a wide-spread up-bar during Ph B mislead timing?,It may reflect testing or manipulation—wait for structural confirmation before entry.
When does a narrowing rally range near TR top signal in Ph D?,Demand is weakening—entry timing favors shorts after UTAD or LPSY forms.
What does a narrowing rally range near TR top signal in Phase D?,Demand is weakening—entry timing favors shorts after UTAD or LPSY forms.
How come is observing the reaction to AR critical before timing longs?,It confirms whether demand is present; failure to hold suggests SC retest is likely.
Why is observing the reaction to AR critical before timing longs?,It confirms whether demand is present; failure to hold suggests SC retest is likely.
When does a series of small-bodied candles above the creek imply for timing?,It shows hesitation; better to enter long after strength returns or on a BU.
What does a series of small-bodied candles above the creek imply for timing?,It shows hesitation; better to enter long after strength returns or on a BU.
How come does a strong ST with immediate rebound refine accumulation timing?,It may signal demand readiness; long timing is sharpened on next successful test.
Why does a strong ST with immediate rebound refine accumulation timing?,It may signal demand readiness; long timing is sharpened on next successful test.
When should a trader delay long entry after a successful spring?,If volume remains elevated or price hesitates—wait for clean test or SOS.
At what point should a trader delay long entry after a successful spring?,If volume remains elevated or price hesitates—wait for clean test or SOS.
When role does effort vs result play in confirming LPSY timing?,Wide effort with weak result signals supply—entry short is validated.
What role does effort vs result play in confirming LPSY timing?,Wide effort with weak result signals supply—entry short is validated.
How come is entry after the first LPS often safer than on the SOS breakout?,The LPS confirms support and tests demand—offering lower-risk long positioning.
Why is entry after the first LPS often safer than on the SOS breakout?,The LPS confirms support and tests demand—offering lower-risk long positioning.
When if a UTAD is followed by higher highs on declining volume?,Distribution may be failing—short entries should be avoided until weakness resumes.
What if a UTAD is followed by higher highs on declining volume?,Dist. may be failing—short entries should be avoided until weakness resumes.
When does a strong AR followed by higher ST imply about spring timing?,That the spring may be unnecessary; long entries could shift toward SOS or BU.
What does a strong AR followed by higher ST imply about spring timing?,That the spring may be unnecessary; long entries could shift toward SOS or BU.
How does holding near resistance with no breakout alter short timing?,It prepares the ground for UT; short timing improves after failed breakout or rejection.
In what way does holding near resistance with no breakout alter short timing?,It prepares the ground for UT; short timing improves after failed breakout or rejection.
When does rejection from the midpoint of the range after spring suggest?,Buyers are struggling—delay longs until clear strength resumes.
What does rejection from the midpoint of the range after spring suggest?,Buyers are struggling—delay longs until clear strength resumes.
When if price rallies out of TR with no clear SOS?,It may be premature or weak—prefer to wait for BU or LPS to confirm continuation before entry.
What if price rallies out of TR with no clear SOS?,It may be premature or weak—prefer to wait for BU or LPS to confirm continuation before entry.
How come is a prolonged BU phase not necessarily bearish for timing?,It can reflect healthy consolidation—entries become ideal on breakout confirmation.
Why is a prolonged BU phase not necessarily bearish for timing?,It can reflect healthy consolidation—entries become ideal on breakout confirmation.
When timing benefit comes from a spring with bullish divergence?,It shows hidden demand; long entry becomes highly favorable on test or reversal.
What timing benefit comes from a spring with bullish divergence?,It shows hidden demand; long entry becomes highly favorable on test or reversal.
When is implied when Phase D rallies cannot exceed prior highs?,Distribution may be ongoing—shorts can be timed on weak follow-through or LPSY.
What is implied when Ph D rallies cannot exceed prior highs?,Dist. may be ongoing—shorts can be timed on weak follow-through or LPSY.
How come is timing longs during descending Ph B dangerous?,The structure is not yet complete; early entries risk spring failure or whipsaw.
Why is timing longs during descending Ph B dangerous?,The structure is not yet complete; early entries risk spring failure or whipsaw.
When if a reaccumulation range shows sharp volatility with no direction?,Absorption is ongoing; wait for SOS and BU to confirm trend before entering.
What if a reaccumulation range shows sharp volatility with no direction?,Absorption is ongoing; wait for SOS and BU to confirm trend before entering.
How does a pullback holding just above the creek improve long entry odds?,It confirms demand control—ideal for entering on breakout continuation.
In what way does a pullback holding just above the creek improve long entry odds?,It confirms demand control—ideal for entering on breakout continuation.
When does a low-volume UT followed by high-volume decline signal?,It confirms supply took over—short entries are validated on any LPSY.
What does a low-volume UT followed by high-volume decline signal?,It confirms supply took over—short entries are validated on any LPSY.
When is timing based on volume climax misleading in TRs?,Climaxes can occur in Ph B without trend follow-through—wait for Ph C structure.
At what point is timing based on volume climax misleading in TRs?,Climaxes can occur in Ph B without trend follow-through—wait for Ph C structure.
How come is a shallow LPS reaction more bullish than deep ones?,It shows confident demand—early Phase D entries are favored.
Why is a shallow LPS reaction more bullish than deep ones?,It shows confident demand—early Phase D entries are favored.
When does it mean if price re-enters the TR shortly after a breakout?,The breakout likely failed; wait for a valid BU or reaccumulation before timing long entries.
What does it mean if price re-enters the TR shortly after a breakout?,The breakout likely failed; wait for a valid BU or reaccumulation before timing long entries.
How come is a secondary test after spring often a better timing point than the spring itself?,It confirms absorption with less risk; demand has shown commitment.
Why is a secondary test after spring often a better timing point than the spring itself?,It confirms absorption with less risk; demand has shown commitment.
When timing signal does a quick recovery from below SC offer?,That buyers stepped in aggressively—entry is favorable on the first bullish confirmation bar.
What timing signal does a quick recovery from below SC offer?,That buyers stepped in aggressively—entry is favorable on the first bullish confirmation bar.
How come is it better to short after the LPSY rather than the UTAD in many cases?,LPSY confirms weakness and offers structural validation; UTAD alone may be premature.
Why is it better to short after the LPSY rather than the UTAD in many cases?,LPSY confirms weakness and offers structural validation; UTAD alone may be premature.
How does a series of failed rallies after a UT confirm timing?,They indicate absence of demand; shorts are ideally timed on weak up-bars or breakdown.
In what way does a series of failed rallies after a UT confirm timing?,They indicate absence of demand; shorts are ideally timed on weak up-bars or breakdown.
How come does a failed BU that drops below TR demand caution?,It may signal re-distribution; long entries should be withheld until structure stabilizes again.
Why does a failed BU that drops below TR demand caution?,It may signal re-distribution; long entries should be withheld until structure stabilizes again.
When does a sharp up-move that stalls at the AR high suggest in Acc.?,It may be a test of resistance or UT; delay longs until a successful JAC and BU.
What does a sharp up-move that stalls at the AR high suggest in Acc.?,It may be a test of resistance or UT; delay longs until a successful JAC and BU.
How does a bullish test bar above the creek strengthen trade timing?,It confirms the breakout; entry can be taken immediately or on next LPS.
In what way does a bullish test bar above the creek strengthen trade timing?,It confirms the breakout; entry can be taken immediately or on next LPS.
How come is timing shorts during early Phase B often risky?,Distribution hasn’t yet confirmed; rallies could still be signs of reaccumulation.
Why is timing shorts during early Phase B often risky?,Distribution hasn’t yet confirmed; rallies could still be signs of reaccumulation.
How does a failed SOS that retraces deeply into the TR affect timing?,It implies supply dominance; long bias should be reconsidered until strength reemerges.
In what way does a failed SOS that retraces deeply into the TR affect timing?,It implies supply dominance; long bias should be reconsidered until strength reemerges.
When is a high-volume breakout bar not a good long entry?,"If it lacks follow-through or closes with a long upper wick, it may be a UT in disguise."
At what point is a high-volume breakout bar not a good long entry?,"If it lacks follow-through or closes with a long upper wick, it may be a UT in disguise."
How come is watching for spread contraction after spring helpful for timing?,It shows supply absorption; breakout or bullish bar confirms long entry.
Why is watching for spread contraction after spring helpful for timing?,It shows supply absorption; breakout or bullish bar confirms long entry.
When does clustering of closes just below resistance in Ph C suggest?,Potential for UTAD development—short entries should be considered after rejection.
What does clustering of closes just below resistance in Phase C suggest?,Potential for UTAD development—short entries should be considered after rejection.
When’s the timing significance of a strong SOS closing near high on expanding volume?,It validates demand; enter on next shallow reaction or BU.
What’s the timing significance of a strong SOS closing near high on expanding volume?,It validates demand; enter on next shallow reaction or BU.
How does a gradual descent into SC with declining volume assist timing?,It sets up for a spring—look to enter on low-volume test or immediate reversal.
In what way does a gradual descent into SC with declining volume assist timing?,It sets up for a spring—look to enter on low-volume test or immediate reversal.
When’s the implication of a spring followed by sideways action at higher lows?,It shows support building; long entry becomes favorable on strength bar.
What’s the implication of a spring followed by sideways action at higher lows?,It shows support building; long entry becomes favorable on strength bar.
How come avoid long entries when price repeatedly tests SC with increasing volume?,Supply may not be absorbed; wait for clear spring/test before committing.
Why avoid long entries when price repeatedly tests SC with increasing volume?,Supply may not be absorbed; wait for clear spring/test before committing.
When timing clue does a UTAD followed by a failed rally into midpoint offer?,It confirms rejection of highs—shorts are well-timed on breakdown or weak rally.
What timing clue does a UTAD followed by a failed rally into midpoint offer?,It confirms rejection of highs—shorts are well-timed on breakdown or weak rally.
How does a BU that aligns with prior resistance become a key entry point?,It confirms polarity shift; long entry is favored on hold or bullish continuation.
In what way does a BU that aligns with prior resistance become a key entry point?,It confirms polarity shift; long entry is favored on hold or bullish continuation.
When does a low-volume pullback after a strong AR imply about trade timing?,Demand may be present early; spring may not form—watch for SOS entry opportunity.
What does a low-volume pullback after a strong AR imply about trade timing?,Demand may be present early; spring may not form—watch for SOS entry opportunity.
When is it best to exit longs during Phase D?,If LPSs become weak or volume increases on down-bars—distribution may be starting.
At what point is it best to exit longs during Phase D?,If LPSs become weak or volume increases on down-bars—distribution may be starting.
How come does price hesitating at ICE during a rally signal caution?,It may act as hidden resistance—avoid longs until price clears and tests above.
Why does price hesitating at ICE during a rally signal caution?,It may act as hidden resistance—avoid longs until price clears and tests above.
When does the inability to form a proper LPS after SOS suggest?,That the rally lacks support; long entries should be deferred or closed.
What does the inability to form a proper LPS after SOS suggest?,That the rally lacks support; long entries should be deferred or closed.
How does bar overlap near a TR top refine UTAD timing?,It shows reduced upward thrust; short entries become optimal as rejection forms.
In what way does bar overlap near a TR top refine UTAD timing?,It shows reduced upward thrust; short entries become optimal as rejection forms.
When if a ST forms at the same level as the SC?,No spring is occurring; timing long trades requires SOS confirmation instead.
What if a ST forms at the same level as the SC?,No spring is occurring; timing long trades requires SOS confirmation instead.
How come does a spring that fails to rally above AR signal timing risk?,It suggests demand is not yet dominant; better to wait for a confirmed test or SOS.
Why does a spring that fails to rally above AR signal timing risk?,It suggests demand is not yet dominant; better to wait for a confirmed test or SOS.
When does a sudden expansion in volume during a BU test imply for timing?,It may indicate supply entering; delay long entries until volume subsides.
What does a sudden expansion in volume during a BU test imply for timing?,It may indicate supply entering; delay long entries until volume subsides.
How does a test that holds above SC with narrow spread improve entry timing?,It confirms successful absorption—longs can be timed on next bullish confirmation.
In what way does a test that holds above SC with narrow spread improve entry timing?,It confirms successful absorption—longs can be timed on next bullish confirmation.
When does failure to break out after multiple SOS attempts imply?,That demand is being absorbed; timing long trades should pause until a new test confirms strength.
What does failure to break out after multiple SOS attempts imply?,That demand is being absorbed; timing long trades should pause until a new test confirms strength.
How come is a swift rejection from TR highs during Ph C significant for shorts?,It often signals a UTAD; timing shorts on the next LPSY becomes favorable.
Why is a swift rejection from TR highs during Phase C significant for shorts?,It often signals a UTAD; timing shorts on the next LPSY becomes favorable.
When does a rising volume pattern with declining progress during markup indicate?,Effort/result divergence; exit or delay long entries as supply may be entering.
What does a rising volume pattern with declining progress during markup indicate?,Effort/result divergence; exit or delay long entries as supply may be entering.
How come is timing critical after a spring with immediate wide-range up-bar?,It confirms intent; early entries on follow-through can capture momentum with low risk.
Why is timing critical after a spring with immediate wide-range up-bar?,It confirms intent; early entries on follow-through can capture momentum with low risk.
When does it mean if price consolidates above the creek after a breakout?,It indicates strength; long entry is well timed on the BU or next LPS.
What does it mean if price consolidates above the creek after a breakout?,It indicates strength; long entry is well timed on the BU or next LPS.
When does a UT fail to signal short entry?,If price holds above resistance and volume declines on reactions—structure may still be bullish.
At what point does a UT fail to signal short entry?,If price holds above resistance and volume declines on reactions—structure may still be bullish.
How can you time a spring when price never undercuts SC?,"If price tests near SC on low volume and rebounds with strength, spring timing is still valid."
In what way can you time a spring when price never undercuts SC?,"If price tests near SC on low volume and rebounds with strength, spring timing is still valid."
How come is observing volume on LPS more important than price action alone?,Low volume confirms supply absence; increases timing accuracy for long entries.
Why is observing volume on LPS more important than price action alone?,Low volume confirms supply absence; increases timing accuracy for long entries.
When if a UTAD fails to trigger follow-through breakdown?,It may evolve into reaccumulation; short timing should be canceled or reversed.
What if a UTAD fails to trigger follow-through breakdown?,It may evolve into reaccumulation; short timing should be canceled or reversed.
How does timing change if the first LPS in Ph D shows high volume?,Supply may still be present; delay long entries until volume contracts on the next LPS.
In what way does timing change if the first LPS in Phase D shows high volume?,Supply may still be present; delay long entries until volume contracts on the next LPS.
How come does overlapping price action just above AR suggest entry hesitation?,It indicates demand may be struggling; wait for SOS or BU to confirm direction.
Why does overlapping price action just above AR suggest entry hesitation?,It indicates demand may be struggling; wait for SOS or BU to confirm direction.
When’s the risk of entering on an early SOS that closes with upper wick?,It may reflect selling into strength; better to wait for a successful BU test.
What’s the risk of entering on an early SOS that closes with upper wick?,It may reflect selling into strength; better to wait for a successful BU test.
When does a BU fail despite a successful JAC?,"If volume is high on the BU and price closes weakly, supply may be dominating—delay longs."
At what point does a BU fail despite a successful JAC?,"If volume is high on the BU and price closes weakly, supply may be dominating—delay longs."
When timing clue is offered by repeated failures to break TR midpoint in Ph B?,Price may be preparing for spring; entries should wait for Ph C confirmation.
What timing clue is offered by repeated failures to break TR midpoint in Phase B?,Price may be preparing for spring; entries should wait for Phase C confirmation.
How come does a wide-range down-bar after a weak LPSY confirm short timing?,It confirms supply control—entry on breakdown or weak retest is ideal.
Why does a wide-range down-bar after a weak LPSY confirm short timing?,It confirms supply control—entry on breakdown or weak retest is ideal.
When does a failed attempt to reclaim ICE during Ph D imply?,Redistribution is confirmed; short entries on next LPSY are strongly favored.
What does a failed attempt to reclaim ICE during Phase D imply?,Redistribution is confirmed; short entries on next LPSY are strongly favored.
When if price rallies after a spring but stalls below AR level?,It shows limited demand; long timing should wait for SOS or retest confirmation.
What if price rallies after a spring but stalls below AR level?,It shows limited demand; long timing should wait for SOS or retest confirmation.
How come is a deep pullback after a breakout not always bearish?,"If volume is low and price holds above the TR, it's a normal test—entry on next bullish bar is valid."
Why is a deep pullback after a breakout not always bearish?,"If volume is low and price holds above the TR, it's a normal test—entry on next bullish bar is valid."
How does a spring that quickly rallies above resistance affect timing?,It may be a jump to Phase E; entries should be made immediately or on minor pullbacks.
In what way does a spring that quickly rallies above resistance affect timing?,It may be a jump to Phase E; entries should be made immediately or on minor pullbacks.
When does persistent low-volume testing of TR highs suggest about timing?,Demand is building; breakout and BU become prime long entry zones.
What does persistent low-volume testing of TR highs suggest about timing?,Demand is building; breakout and BU become prime long entry zones.
When if price forms a UTAD but doesn’t decline meaningfully afterward?,The pattern may be invalid; short timing should be avoided unless supply reappears.
What if price forms a UTAD but doesn’t decline meaningfully afterward?,The pattern may be invalid; short timing should be avoided unless supply reappears.
When is the value of a low-volume BU that respects prior resistance?,It confirms polarity; long entries can be timed precisely on continuation setups.
What is the value of a low-volume BU that respects prior resistance?,It confirms polarity; long entries can be timed precisely on continuation setups.
When does a narrow-range bar after a wide SOS bar suggest for timing?,It often signals a bullish test; long entry can be timed on the next strength bar.
What does a narrow-range bar after a wide SOS bar suggest for timing?,It often signals a bullish test; long entry can be timed on the next strength bar.
How come is the first LPS after price reclaims the SC zone important for timing?,It confirms demand strength and validates long entry with low risk.
Why is the first LPS after price reclaims the SC zone important for timing?,It confirms demand strength and validates long entry with low risk.
When timing signal is given when a UT fails to close above TR resistance?,Supply dominance is likely; short entries can be timed near the UT rejection.
What timing signal is given when a UT fails to close above TR resistance?,Supply dominance is likely; short entries can be timed near the UT rejection.
How come should traders avoid timing longs during a reaction to a weak SOS?,The move may lack conviction; better to wait for LPS or successful BU.
Why should traders avoid timing longs during a reaction to a weak SOS?,The move may lack conviction; better to wait for LPS or successful BU.
When does a spring followed by a low-volume test near midpoint of TR imply?,Supply is absorbed; long timing improves significantly on next up-move.
What does a spring followed by a low-volume test near midpoint of TR imply?,Supply is absorbed; long timing improves significantly on next up-move.
How does a sharp rally failing near the AR level impact trade timing?,It suggests resistance remains strong; long entries should be withheld.
In what way does a sharp rally failing near the AR level impact trade timing?,It suggests resistance remains strong; long entries should be withheld.
How come is a spring with increasing volume but no follow-through a caution signal?,It may reflect absorption failure; wait for a test before entering.
Why is a spring with increasing volume but no follow-through a caution signal?,It may reflect absorption failure; wait for a test before entering.
When is a UTAD more likely to fail as a short entry signal?,If follow-through is weak and price reclaims resistance with strength.
At what point is a UTAD more likely to fail as a short entry signal?,If follow-through is weak and price reclaims resistance with strength.
When does a failed LPSY that breaks back above midpoint of the TR suggest?,Redistribution may be breaking down—short timing becomes invalid.
What does a failed LPSY that breaks back above midpoint of the TR suggest?,Redistribution may be breaking down—short timing becomes invalid.
How does the shape of a BU affect its reliability for entry timing?,Flat and narrow BU structures are more reliable; steep or volatile BUs may be unstable.
In what way does the shape of a BU affect its reliability for entry timing?,Flat and narrow BU structures are more reliable; steep or volatile BUs may be unstable.
How come is waiting for confirmation after the initial SOS breakout prudent?,Initial breakouts can be traps; confirmation ensures demand has truly taken control.
Why is waiting for confirmation after the initial SOS breakout prudent?,Initial breakouts can be traps; confirmation ensures demand has truly taken control.
When happens if a TR holds support but shows lower highs repeatedly?,It may set up a spring; wait for absorption signs before timing longs.
What happens if a TR holds support but shows lower highs repeatedly?,It may set up a spring; wait for absorption signs before timing longs.
How come is price clustering above AR significant in timing reaccumulation trades?,It signals strength and stability; BU becomes a prime long entry level.
Why is price clustering above AR significant in timing reaccumulation trades?,It signals strength and stability; BU becomes a prime long entry level.
When does a ST forming at the same level as SC without follow-up rally imply?,It shows lack of demand; delay entry until proper spring or test.
What does a ST forming at the same level as SC without follow-up rally imply?,It shows lack of demand; delay entry until proper spring or test.
When timing cue does increasing volume into a resistance zone offer?,It can signal UT risk; wait for price rejection before entering shorts.
What timing cue does increasing volume into a resistance zone offer?,It can signal UT risk; wait for price rejection before entering shorts.
When does repeated low-volume rejection from ICE in redistribution indicate?,Sellers dominate; shorts can be timed at next LPSY or breakdown.
What does repeated low-volume rejection from ICE in redistribution indicate?,Sellers dominate; shorts can be timed at next LPSY or breakdown.
How does time spent in a tight range near TR bottom help anticipate spring timing?,It suggests absorption and pressure buildup—spring is likely to follow.
In what way does time spent in a tight range near TR bottom help anticipate spring timing?,It suggests absorption and pressure buildup—spring is likely to follow.
When is the implication of a bullish bar after a failed breakdown below TR?,It may be a shakeout; long entries are valid on confirmation or test.
What is the implication of a bullish bar after a failed breakdown below TR?,It may be a shakeout; long entries are valid on confirmation or test.
How come avoid timing entries during volatility spikes in Phase B?,"These often represent testing, not trend shifts—wait for Phase C clarity."
Why avoid timing entries during volatility spikes in Ph B?,"These often represent testing, not trend shifts—wait for Ph C clarity."
When does a high-volume BU with shallow follow-through tell us?,It may lack real demand; better to enter after a successful test.
What does a high-volume BU with shallow follow-through tell us?,It may lack real demand; better to enter after a successful test.
How come does overlapping price action near UT highs confirm timing for shorts?,It shows buyers are exhausted; short timing becomes reliable on breakdown.
Why does overlapping price action near UT highs confirm timing for shorts?,It shows buyers are exhausted; short timing becomes reliable on breakdown.
When is a second spring more trustworthy than the first?,When it forms with less volume and cleaner price rejection—absorption is proven.
At what point is a second spring more trustworthy than the first?,When it forms with less volume and cleaner price rejection—absorption is proven.
When does a quick test of the breakout zone after SOS indicate?,That buyers defended the level; long timing is favored immediately after the test.
What does a quick test of the breakout zone after SOS indicate?,That buyers defended the level; long timing is favored immediately after the test.
How does a failed AR retest in Ph A help anticipate timing for spring?,It shows demand hasn't returned—watch for Ph C spring as the next valid entry.
In what way does a failed AR retest in Phase A help anticipate timing for spring?,It shows demand hasn't returned—watch for Phase C spring as the next valid entry.
How come is observing reaction strength after JAC useful for timing?,A shallow reaction confirms demand; long entry is justified at BU or LPS.
Why is observing reaction strength after JAC useful for timing?,A shallow reaction confirms demand; long entry is justified at BU or LPS.
When is it ideal to enter a long position during Accumulation?,"After a successful spring or low-volume test in Phase C, confirmed by a SOS in Phase D."
Under what condition is it ideal to enter a long position during Acc.?,"After a successful spring or low-volume test in Ph C, confirmed by a SOS in Ph D."
What signals the start of Ph C in Acc.?,"A spring or shakeout that tests the lower boundary of the TR, often on low volume."
What signals the start of Phase C in Accumulation?,"A spring or shakeout that tests the lower boundary of the TR, often on low volume."
What makes Phase C critical for timing long entries?,It marks the final test of supply; a successful spring signals readiness for markup.
Why is Phase C critical for timing long entries?,It marks the final test of supply; a successful spring signals readiness for markup.
What bar chart behavior signals a successful test after a spring?,"Higher low on lower volume, closing near the high of the bar."
What bar chart behavior signals a successful test after a spring?,"Higher low on lower volume, closing near the high of the bar."
What event confirms demand dominance in Phase D?,A SOS with increasing spread and volume followed by an LPS on low volume.
What event confirms demand dominance in Phase D?,A SOS with increasing spread and volume followed by an LPS on low volume.
How does a trader confirm the end of Acc.?,"Breakout above resistance after an SOS and LPS, signaling Phase E markup."
What way does does a trader confirm the end of Acc.?,"Breakout above resistance after an SOS and LPS, signaling Phase E markup."
When should a trader avoid entering during Accumulation?,"Before Phase C, as supply has not yet been fully tested."
Under what condition should a trader avoid entering during Acc.?,"Before Ph C, as supply has not yet been fully tested."
What is the function of STs during Ph B?,They provide multiple tests of supply and gauge absorption progress.
What is the function of STs during Phase B?,They provide multiple tests of supply and gauge absorption progress.
When is the optimal short entry during Distribution?,After an UTAD followed by lower highs and wide-spread down-bars on volume.
Under what condition is the optimal short entry during Dist.?,After an UTAD followed by lower highs and wide-spread down-bars on volume.
What distinguishes a UTAD from an AR?,"A UTAD breaks above resistance but fails and reverses sharply, trapping late buyers."
What distinguishes a UTAD from an AR?,"A UTAD breaks above resistance but fails and reverses sharply, trapping late buyers."
How does a low-volume rally after an UTAD indicate?,Weak demand and confirmation of distribution readiness for markdown.
What does a low-volume rally after an UTAD indicate?,Weak demand and confirmation of distribution readiness for markdown.
What signals Phase C in Distribution?,"An UTAD or upthrust-type test at the TR high, often creating a bull trap."
What signals Phase C in Distribution?,"An UTAD or upthrust-type test at the TR high, often creating a bull trap."
Why are LPSY events significant for trade timing?,They confirm supply dominance and are ideal points to enter or add to shorts.
Why are LPSY events significant for trade timing?,They confirm supply dominance and are ideal points to enter or add to shorts.
How do volume and spread behave during a valid LPSY?,"Volume contracts and spreads narrow during rallies, then expand on down-moves."
What way does do volume and spread behave during a valid LPSY?,"Volume contracts and spreads narrow during rallies, then expand on down-moves."
How does a trader expect during Phase D of Distribution?,Series of breakdowns with rallies failing at lower highs and LPSYs.
What does a trader expect during Ph D of Dist.?,Series of breakdowns with rallies failing at lower highs and LPSYs.
When is it risky to short during Phase B?,Because the range is still developing and absorption by large operators may not be complete.
Under what condition is it risky to short during Phase B?,Because the range is still developing and absorption by large operators may not be complete.
How is a reaccumulation TR different from base accumulation in timing?,"No PS or SC; entry is based on SOS and LPS behavior, not springs."
What way does is a reaccumulation TR different from base accumulation in timing?,"No PS or SC; entry is based on SOS and LPS behavior, not springs."
What confirms a spring as a tradeable signal?,Quick recovery into TR with lower volume on the spring than prior downswings.
What confirms a spring as a tradeable signal?,Quick recovery into TR with lower volume on the spring than prior downswings.
How do you distinguish a shakeout from normal volatility?,"It violates TR support and sharply reverses, trapping breakout sellers."
What way does do you distinguish a shakeout from normal volatility?,"It violates TR support and sharply reverses, trapping breakout sellers."
What makes bar-by-bar volume analysis critical in Ph C?,To detect reduction in supply and verify smart money testing behavior.
Why is bar-by-bar volume analysis critical in Phase C?,To detect reduction in supply and verify smart money testing behavior.
What happens if a ST breaks below the SC level?,It may signal weak structure; expect either prolonged consolidation or new lows.
What happens if a ST breaks below the SC level?,It may signal weak structure; expect either prolonged consolidation or new lows.
When is it safe to scale into a position after Accumulation?,On each LPS in Phase D as price confirms demand and structure aligns.
Under what condition is it safe to scale into a position after Acc.?,On each LPS in Ph D as price confirms demand and structure aligns.
What type of price action warns of failed Accumulation?,"No follow-through after SOS, persistent supply, or deep retrace to SC level."
What type of price action warns of failed Accumulation?,"No follow-through after SOS, persistent supply, or deep retrace to SC level."
How does Point & Figure (P&F) charting assist in timing?,It projects price targets from TRs and confirms if cause justifies the trade.
What way does does Point & Figure (P&F) charting assist in timing?,It projects price targets from TRs and confirms if cause justifies the trade.
What marks the transition from Phase B to C in Distribution?,Failed rally attempts with narrowing spreads and drying demand.
What marks the transition from Phase B to C in Distribution?,Failed rally attempts with narrowing spreads and drying demand.
What is the earliest Phase to cautiously prepare for entry?,"Late Ph B, once volatility compresses and supply/demand tilts."
What is the earliest Phase to cautiously prepare for entry?,"Late Ph B, once volatility compresses and supply/demand tilts."
What event in Ph A signals that the downtrend may be ending?,The appearance of PS and SC with high volume and wide spread indicates potential trend halt.
What event in Ph A signals that the downtrend may be ending?,The appearance of PS and SC with high volume and wide spread indicates potential trend halt.
When does a TR offer low-risk trade entries?,"During Phase C, when a spring or UTAD confirms the final test of supply or demand."
Under what condition does a TR offer low-risk trade entries?,"During Phase C, when a spring or UTAD confirms the final test of supply or demand."
What makes the AR important for timing entries?,It defines the upper boundary of the range and helps anticipate later breakout targets.
Why is the AR important for timing entries?,It defines the upper boundary of the range and helps anticipate later breakout targets.
How does narrowing spread with declining volume in Ph B suggest?,"Supply is being absorbed, and the structure is maturing toward a breakout."
What does narrowing spread with declining volume in Phase B suggest?,"Supply is being absorbed, and the structure is maturing toward a breakout."
How does a low-volume BU confirm trade timing?,"It validates that supply is exhausted, allowing continuation after SOS."
What way does does a low-volume BU confirm trade timing?,"It validates that supply is exhausted, allowing continuation after SOS."
What’s the ideal timing signal during Reaccumulation?,A successful LPS on low volume after SOS signals readiness for markup.
What’s the ideal timing signal during Reaccumulation?,A successful LPS on low volume after SOS signals readiness for markup.
Why does early entry during Phase B carry higher risk?,Because the trading range is still forming and supply/demand has not yet clarified.
Why does early entry during Phase B carry higher risk?,Because the trading range is still forming and supply/demand has not yet clarified.
How do multiple STs in Ph B impact timing?,They allow analysis of diminishing supply and better anticipation of Ph C.
What way does do multiple STs in Phase B impact timing?,They allow analysis of diminishing supply and better anticipation of Phase C.
What makes timing short entries after an UTAD more reliable?,It confirms supply dominance and traps late buyers for a markdown setup.
Why is timing short entries after an UTAD more reliable?,It confirms supply dominance and traps late buyers for a markdown setup.
What marks the end of Phase C in Distribution?,A UTAD or failed breakout with rejection and increased supply confirms transition to Phase D.
What marks the end of Ph C in Dist.?,A UTAD or failed breakout with rejection and increased supply confirms transition to Ph D.
How can you time entries using change of character (CHoCH)?,"CHoCH indicates a shift from trend to range or vice versa, refining entry context."
What way does can you time entries using change of character (CHoCH)?,"CHoCH indicates a shift from trend to range or vice versa, refining entry context."
How do Ph D rallies differ in Acc. and Dist.?,"In Acc., rallies show SOS; in Dist., rallies fail at LPSY."
What way does do Phase D rallies differ in Accumulation and Distribution?,"In Accumulation, rallies show SOS; in Distribution, rallies fail at LPSY."
What is the role of the creek in timing long positions?,Jumping the creek (JAC) confirms strength; re-tests at BUEC offer precise long entries.
What is the role of the creek in timing long positions?,Jumping the creek (JAC) confirms strength; re-tests at BUEC offer precise long entries.
How does timing differ between accumulation with and without spring?,"Without spring, trader waits for clear SOS and LPS confirmation before entering."
What way does does timing differ between accumulation with and without spring?,"Without spring, trader waits for clear SOS and LPS confirmation before entering."
How does a failed spring indicate about trade timing?,It warns that supply is still present and delays entry until more evidence appears.
What does a failed spring indicate about trade timing?,It warns that supply is still present and delays entry until more evidence appears.
What makes Phase E too late for ideal entry timing?,"By Phase E, price has moved substantially; R/R ratio deteriorates."
Why is Phase E too late for ideal entry timing?,"By Phase E, price has moved substantially; R/R ratio deteriorates."
How can volume on a spring guide timing decisions?,A spring with low volume followed by strong SOS confirms demand; a high-volume spring suggests caution.
What way does can volume on a spring guide timing decisions?,A spring with low volume followed by strong SOS confirms demand; a high-volume spring suggests caution.
Why do wide-spread down-bars after a UTAD matter?,They confirm supply entering the market and increase confidence in short timing.
Why do wide-spread down-bars after a UTAD matter?,They confirm supply entering the market and increase confidence in short timing.
What timing clue does a low-volume rally after breakdown provide?,It often marks an LPSY and a high-probability short entry.
What timing clue does a low-volume rally after breakdown provide?,It often marks an LPSY and a high-probability short entry.
When is a BU after Reaccumulation a valid entry?,When price pulls back on low volume to prior resistance-turned-support and shows demand.
Under what condition is a BU after Reaccumulation a valid entry?,When price pulls back on low volume to prior resistance-turned-support and shows demand.
What makes testing after shakeouts crucial for timing?,It confirms whether supply has been removed and validates the strength of the spring.
Why is testing after shakeouts crucial for timing?,It confirms whether supply has been removed and validates the strength of the spring.
How does volatility contraction in Phase B affect trade timing?,It suggests structure is mature and breakout or test in Phase C is imminent.
What way does does volatility contraction in Ph B affect trade timing?,It suggests structure is mature and breakout or test in Ph C is imminent.
What indicates a premature long entry in Acc.?,"Buying before Ph C test or SOS, when supply absorption isn't yet confirmed."
What indicates a premature long entry in Accumulation?,"Buying before Phase C test or SOS, when supply absorption isn't yet confirmed."
How do failed UTADs impact trade timing?,They can trap shorts and trigger short squeezes; wait for follow-through before entering.
What way does do failed UTADs impact trade timing?,They can trap shorts and trigger short squeezes; wait for follow-through before entering.
What bar action following a spring signals immediate entry?,A wide-spread up-bar closing near the high with increased volume confirms strength.
What bar action following a spring signals immediate entry?,A wide-spread up-bar closing near the high with increased volume confirms strength.
What characterizes ideal timing on a LPSY in Redistribution?,"Low-volume retest of broken support, followed by failure to make new highs."
What characterizes ideal timing on a LPSY in Redistribution?,"Low-volume retest of broken support, followed by failure to make new highs."
How does an LPS in Ph C signal about timing a long entry?,That demand is absorbing supply and the price is likely ready for markup.
What does an LPS in Ph C signal about timing a long entry?,That demand is absorbing supply and the price is likely ready for markup.
How does a test of the SC help confirm timing?,It verifies whether supply has diminished enough to allow a sustainable rally.
What way does does a test of the SC help confirm timing?,It verifies whether supply has diminished enough to allow a sustainable rally.
What is the risk of entering before the AR is established?,"The TR boundaries are unknown, increasing uncertainty in trade direction."
What is the risk of entering before the AR is established?,"The TR boundaries are unknown, increasing uncertainty in trade direction."
How should traders respond to a successful SOS in Phase D?,"Initiate or add to long positions, as the trend is likely beginning."
What way does should traders respond to a successful SOS in Phase D?,"Initiate or add to long positions, as the trend is likely beginning."
What makes it important to wait for confirmation after a spring?,To ensure that the move wasn’t a false breakout and that demand dominates.
Why is it important to wait for confirmation after a spring?,To ensure that the move wasn’t a false breakout and that demand dominates.
What makes the first LPSY in Ph D attractive for short entries?,It offers confirmation that supply is dominant and lower prices are likely.
What makes the first LPSY in Ph D attractive for short entries?,It offers confirmation that supply is dominant and lower prices are likely.
Why are UT and UTAD dangerous for long entries?,They are false breakouts intended to trap buyers before markdowns begin.
Why are UT and UTAD dangerous for long entries?,They are false breakouts intended to trap buyers before markdowns begin.
How does a BU to the creek assist with timing?,It offers a clean pullback to re-enter longs before the next markup.
What way does does a BU to the creek assist with timing?,It offers a clean pullback to re-enter longs before the next markup.
How does a decreasing volume rally after a breakdown suggest?,A weak LPSY and a potential continuation of the downtrend.
What does a decreasing volume rally after a breakdown suggest?,A weak LPSY and a potential continuation of the downtrend.
When does Phase E offer re-entry opportunities in Accumulation?,On brief pullbacks (LPSs) after breakout when structure remains bullish.
Under what condition does Phase E offer re-entry opportunities in Accumulation?,On brief pullbacks (LPSs) after breakout when structure remains bullish.
What makes early Ph A unsuitable for entries?,"The previous trend is still dominant, and major events like SC or BC are pending."
What makes early Phase A unsuitable for entries?,"The previous trend is still dominant, and major events like SC or BC are pending."
What type of volume confirms a successful test in Ph C?,Diminished volume compared to the SC/UTAD with a narrow spread candle.
What type of volume confirms a successful test in Phase C?,Diminished volume compared to the SC/UTAD with a narrow spread candle.
How should traders act during a low-volume test after a shakeout?,Consider initiating a long as it indicates exhaustion of supply.
What way does should traders act during a low-volume test after a shakeout?,Consider initiating a long as it indicates exhaustion of supply.
How does a shallow reaction after an SOS indicate for timing?,Strength is dominant; potential for further markup exists—favorable for entries.
What does a shallow reaction after an SOS indicate for timing?,Strength is dominant; potential for further markup exists—favorable for entries.
How can CHoCH between Phase C and D guide trade entries?,"It marks a transition from range to trend, validating long or short bias."
What way does can CHoCH between Phase C and D guide trade entries?,"It marks a transition from range to trend, validating long or short bias."
How does a deep test with quick reversal below TR low imply?,"A spring is likely occurring, offering an early but risky long entry."
What does a deep test with quick reversal below TR low imply?,"A spring is likely occurring, offering an early but risky long entry."
How can traders distinguish between reaccumulation and redistribution early?,By observing strength or weakness in the LPS or LPSY after breakout attempts.
What way does can traders distinguish between reaccumulation and redistribution early?,By observing strength or weakness in the LPS or LPSY after breakout attempts.
What is the significance of the first MSOW in Redistribution?,It confirms structure breakdown and opens the window for timed short entries.
What is the significance of the first MSOW in Redistribution?,It confirms structure breakdown and opens the window for timed short entries.
Why does a low-volume rally after MSOW confirm short bias?,It indicates lack of demand and validates that markup attempts are weak.
Why does a low-volume rally after MSOW confirm short bias?,It indicates lack of demand and validates that markup attempts are weak.
How can a failed SOS affect trade timing?,It may signal continued supply and invalidates early long entries until confirmation.
What way does can a failed SOS affect trade timing?,It may signal continued supply and invalidates early long entries until confirmation.
What makes timing in Reaccumulation more challenging than base Accumulation?,Lack of SC and PS events; reliance on breakout confirmation and LPS validation.
What makes timing in Reaccumulation more challenging than base Accumulation?,Lack of SC and PS events; reliance on breakout confirmation and LPS validation.
What timing signal can be drawn from narrowing price swings in Phase B?,Imminent breakout or test—structure is compressing before movement.
What timing signal can be drawn from narrowing price swings in Phase B?,Imminent breakout or test—structure is compressing before movement.
Why do short-term failures near the ICE line suggest good timing for shorts?,It signals resistance is holding and a breakdown may follow.
Why do short-term failures near the ICE line suggest good timing for shorts?,It signals resistance is holding and a breakdown may follow.
How does a successful test just above the SC level suggest?,Buyers are stepping in before a retest of lows—good timing for partial long.
What does a successful test just above the SC level suggest?,Buyers are stepping in before a retest of lows—good timing for partial long.
How do wide spread bars with no follow-through affect timing?,They suggest traps or fakeouts; waiting for confirmation avoids mistimed entries.
What way does do wide spread bars with no follow-through affect timing?,They suggest traps or fakeouts; waiting for confirmation avoids mistimed entries.
What makes a narrow-range candle with low volume after a spring significant?,"It confirms a successful test and suggests reduced supply, ideal for entry."
Why is a narrow-range candle with low volume after a spring significant?,"It confirms a successful test and suggests reduced supply, ideal for entry."
What makes the first breakout above the creek less favorable for entry?,It may lack confirmation; better timing comes on the BU to the creek.
What makes the first breakout above the creek less favorable for entry?,It may lack confirmation; better timing comes on the BU to the creek.
How can failed follow-through after an AR warn traders?,"It suggests insufficient demand, delaying optimal long timing."
What way does can failed follow-through after an AR warn traders?,"It suggests insufficient demand, delaying optimal long timing."
What makes a low-volume upthrust often a precursor to markdown?,It signals weak commitment by buyers and potential distribution.
Why is a low-volume upthrust often a precursor to markdown?,It signals weak commitment by buyers and potential distribution.
What bar action after a SC hints at a maturing structure?,An AR with wide spread and strong close shows reduced supply and initiates range definition.
What bar action after a SC hints at a maturing structure?,An AR with wide spread and strong close shows reduced supply and initiates range definition.
How does an SOW following UTAD improve short timing confidence?,It confirms loss of demand and supports bearish continuation.
What way does does an SOW following UTAD improve short timing confidence?,It confirms loss of demand and supports bearish continuation.
What makes the initial LPS in reaccumulation often subtle?,"It may occur on low volume and minimal reaction, yet offers early long entry."
Why is the initial LPS in reaccumulation often subtle?,"It may occur on low volume and minimal reaction, yet offers early long entry."
How does a failed spring followed by lower lows suggest about timing?,That the structure is still weak; avoid early entries.
What does a failed spring followed by lower lows suggest about timing?,That the structure is still weak; avoid early entries.
What phase is best for observing volatility contraction before entry?,"Late Phase B, where range compresses before a breakout or test."
What phase is best for observing volatility contraction before entry?,"Late Phase B, where range compresses before a breakout or test."
What confirms that a breakout in Ph D is genuine?,"A SOS on strong spread and volume, followed by a shallow LPS."
What confirms that a breakout in Ph D is genuine?,"A SOS on strong spread and volume, followed by a shallow LPS."
Why should entries not be based on initial PS or PSY alone?,"These events indicate potential stopping action, not reversal readiness."
Why should entries not be based on initial PS or PSY alone?,"These events indicate potential stopping action, not reversal readiness."
What kind of volume validates a spring during Ph C?,Light volume with a strong recovery into the TR indicates successful testing.
What kind of volume validates a spring during Phase C?,Light volume with a strong recovery into the TR indicates successful testing.
How does a BU after a failed breakout help with timing?,It provides a second-chance entry with confirmation of continued demand.
What way does does a BU after a failed breakout help with timing?,It provides a second-chance entry with confirmation of continued demand.
What happens when an ST forms above the SC level on low volume?,It indicates absorption and improving conditions for long entry.
What happens when an ST forms above the SC level on low volume?,It indicates absorption and improving conditions for long entry.
How does observing effort vs result guide timing entries?,High volume with little progress suggests supply is present; wait for confirmation.
What way does does observing effort vs result guide timing entries?,High volume with little progress suggests supply is present; wait for confirmation.
What makes entry at a major SOS more favorable than at AR?,The SOS confirms strength; AR can be premature without demand validation.
Why is entry at a major SOS more favorable than at AR?,The SOS confirms strength; AR can be premature without demand validation.
When is a low-volume UT less reliable for short entry?,"If followed by continued strength and lack of breakdown, distribution isn’t confirmed."
Under what condition is a low-volume UT less reliable for short entry?,"If followed by continued strength and lack of breakdown, distribution isn’t confirmed."
What role does a prolonged Ph B play in timing?,"It allows full absorption or distribution, offering more reliable entries in Ph C/D."
What role does a prolonged Phase B play in timing?,"It allows full absorption or distribution, offering more reliable entries in Phase C/D."
What makes a sudden breakdown without UTAD risky to short?,"Lack of clear test may lead to a shakeout or spring, trapping shorts."
What makes a sudden breakdown without UTAD risky to short?,"Lack of clear test may lead to a shakeout or spring, trapping shorts."
What is a key trait of a terminal shakeout signaling entry?,A rapid drop below TR support with immediate reversal on strong demand.
What is a key trait of a terminal shakeout signaling entry?,A rapid drop below TR support with immediate reversal on strong demand.
Why does testing above AR level in Phase B increase long entry risk?,It may be an UT/UA trapping buyers before revisiting support.
Why does testing above AR level in Phase B increase long entry risk?,It may be an UT/UA trapping buyers before revisiting support.
What suggests reaccumulation is ready for markup after pullback?,A LPS that holds above previous support on diminishing volume.
What suggests reaccumulation is ready for markup after pullback?,A LPS that holds above previous support on diminishing volume.
What’s the timing implication of a failed test after a spring?,It indicates supply remains and warns against premature long positions.
What’s the timing implication of a failed test after a spring?,It indicates supply remains and warns against premature long positions.
How does consistent rejection at ICE level during Redistribution imply?,Resistance is strong; short entries near ICE become higher probability.
What does consistent rejection at ICE level during Redistribution imply?,res. is strong; short entries near ICE become higher probability.
How can Ph D of Reaccumulation offer safer entries than Ph C?,The trend is already emerging; SOS and LPS confirm strength.
What way does can Ph D of Reaccumulation offer safer entries than Ph C?,The trend is already emerging; SOS and LPS confirm strength.
What makes a spring in Ph C more reliable than an early ST for entry?,"A spring shows final absorption of supply with intent to markup, while STs may still occur within Ph B uncertainty."
What makes a spring in Phase C more reliable than an early ST for entry?,"A spring shows final absorption of supply with intent to markup, while STs may still occur within Phase B uncertainty."
Why should traders be cautious after a wide-spread up bar with ultra-high volume?,It could indicate climactic action or a buying climax rather than sustainable strength.
Why should traders be cautious after a wide-spread up bar with ultra-high volume?,It could indicate climactic action or a buying climax rather than sustainable strength.
How does a successful SOS validate the spring’s outcome?,It confirms that demand has taken control and the test in Ph C was effective.
What way does does a successful SOS validate the spring’s outcome?,It confirms that demand has taken control and the test in Ph C was effective.
How does a low-volume test after a UTAD signify?,It indicates no significant buying interest; confirms readiness for markdown.
What does a low-volume test after a UTAD signify?,It indicates no significant buying interest; confirms readiness for markdown.
How do failed rallies in Phase D of Distribution assist in timing?,They form LPSYs—ideal low-risk entries for short positions.
What way does do failed rallies in Phase D of Distribution assist in timing?,They form LPSYs—ideal low-risk entries for short positions.
When does a back-up in Ph D of Acc. offer ideal long entry?,"When it occurs on narrowing spreads and reduced volume, signaling no supply."
Under what condition does a back-up in Phase D of Accumulation offer ideal long entry?,"When it occurs on narrowing spreads and reduced volume, signaling no supply."
How does consistent inability to reach previous highs after UTAD indicate?,"It reflects waning demand, increasing confidence for short positioning."
What does consistent inability to reach previous highs after UTAD indicate?,"It reflects waning demand, increasing confidence for short positioning."
How can position sizing be timed using Phase structure?,"Enter partial size in Phase C (spring/LPS), then scale in on Phase D SOS or BU."
What way does can position sizing be timed using Phase structure?,"Enter partial size in Phase C (spring/LPS), then scale in on Phase D SOS or BU."
What makes the AR often considered an emotional move rather than a timing trigger?,"It reflects initial imbalance after a climax, not necessarily sustainable strength."
Why is the AR often considered an emotional move rather than a timing trigger?,"It reflects initial imbalance after a climax, not necessarily sustainable strength."
What type of behavior after an AR signals caution for entry?,A deep retrace with increasing volume shows supply is not yet absorbed.
What type of behavior after an AR signals caution for entry?,A deep retrace with increasing volume shows supply is not yet absorbed.
What is the danger of interpreting a test too early in Ph B?,"It may be a trap within a developing structure, leading to premature entry."
What is the danger of interpreting a test too early in Phase B?,"It may be a trap within a developing structure, leading to premature entry."
How does observing effort/result during a spring assist in entry timing?,"If effort is low and result is strong (price recovery), it's likely a successful test."
What way does does observing effort/result during a spring assist in entry timing?,"If effort is low and result is strong (price recovery), it's likely a successful test."
Why should one wait for a SOS before adding size in Ph D?,It confirms continuation of strength after testing is complete in Ph C.
Why should one wait for a SOS before adding size in Ph D?,It confirms continuation of strength after testing is complete in Ph C.
How does shortening of the thrust in Distribution reveal about timing?,"It reflects loss of momentum, setting up for breakdown and entry in Phase D."
What does shortening of the thrust in Distribution reveal about timing?,"It reflects loss of momentum, setting up for breakdown and entry in Phase D."
What signals that a LPSY is likely forming during Phase D?,Lower highs and rallies on weak volume that fail to surpass previous supply zones.
What signals that a LPSY is likely forming during Ph D?,Lower highs and rallies on weak volume that fail to surpass previous supply zones.
When does a test in reaccumulation become a valid re-entry?,When it respects previous resistance-turned-support with low supply signature.
Under what condition does a test in reaccumulation become a valid re-entry?,When it respects previous resistance-turned-support with low supply signature.
What’s the implication of a spring that immediately fails to hold above TR support?,Supply is still present; entry timing should be delayed until confirmation.
What’s the implication of a spring that immediately fails to hold above TR support?,Supply is still present; entry timing should be delayed until confirmation.
Why do springs with wide-spread bars and strong close favor long entries?,They indicate aggressive demand and shakeout success.
Why do springs with wide-spread bars and strong close favor long entries?,They indicate aggressive demand and shakeout success.
How do point-and-figure counts support timing decisions in Phase C?,They confirm if the cause built during the TR supports a worthwhile target.
What way does do point-and-figure counts support timing decisions in Phase C?,They confirm if the cause built during the TR supports a worthwhile target.
Why should traders observe the quality of the first pullback after breakout?,A shallow pullback on low volume (LPS) suggests strength and confirms long timing.
Why should traders observe the quality of the first pullback after breakout?,A shallow pullback on low volume (LPS) suggests strength and confirms long timing.
What happens when Phase D in Distribution shows no major SOW?,It may be redistribution; traders should wait for breakdown confirmation before entering.
What happens when Phase D in Distribution shows no major SOW?,It may be redistribution; traders should wait for breakdown confirmation before entering.
Why do long wicks near resistance in Phase C of Distribution matter?,They suggest failed breakouts and offer early signs of supply control.
Why do long wicks near resistance in Phase C of Distribution matter?,They suggest failed breakouts and offer early signs of supply control.
How does price action in minor SOS vs major SOS affect timing?,Minor SOS suggests preparation; major SOS confirms breakout and improves timing certainty.
What way does does price action in minor SOS vs major SOS affect timing?,Minor SOS suggests preparation; major SOS confirms breakout and improves timing certainty.
What makes the test after a terminal shakeout a critical timing point?,It is often the last confirmation before strong markup begins.
What makes the test after a terminal shakeout a critical timing point?,It is often the last confirmation before strong markup begins.
What makes a failed UTAD with strong bullish recovery important for long trades?,It traps early shorts and flips the structure into potential reaccumulation.
Why is a failed UTAD with strong bullish recovery important for long trades?,It traps early shorts and flips the structure into potential reaccumulation.
How does inability to break below SC on multiple STs suggest?,Supply is being absorbed; a spring or markup may be near.
What does inability to break below SC on multiple STs suggest?,Supply is being absorbed; a spring or markup may be near.
How can time duration of Ph B impact timing decisions?,A prolonged Ph B often leads to stronger trends; timing entries near its end can be favorable.
What way does can time duration of Phase B impact timing decisions?,A prolonged Phase B often leads to stronger trends; timing entries near its end can be favorable.
How does an early Phase C test with minimal volume and bounce imply?,It may be a fake spring; better timing comes with clear rejection and follow-through.
What does an early Phase C test with minimal volume and bounce imply?,It may be a fake spring; better timing comes with clear rejection and follow-through.
Why should traders wait for a confirmation after a shakeout?,"To avoid entering on a trap; a strong SOS confirms the shakeout was absorption, not distribution."
Why should traders wait for a confirmation after a shakeout?,"To avoid entering on a trap; a strong SOS confirms the shakeout was absorption, not distribution."
What type of bar after a LPS increases confidence in long timing?,A wide-spread up-bar closing near its high with expanding volume.
What type of bar after a LPS increases confidence in long timing?,A wide-spread up-bar closing near its high with expanding volume.
How can failed attempts to push below the ICE line guide short entries?,Multiple failures to break suggest demand is still present—short timing should be delayed.
What way does can failed attempts to push below the ICE line guide short entries?,Multiple failures to break suggest demand is still present—short timing should be delayed.
What makes a high-volume UT with immediate rejection significant?,It shows buyer exhaustion and institutional selling—ideal for short setups.
Why is a high-volume UT with immediate rejection significant?,It shows buyer exhaustion and institutional selling—ideal for short setups.
How does a secondary test near SC help validate spring timing?,"If it holds above SC with lower volume, it confirms reduced supply."
What way does does a secondary test near SC help validate spring timing?,"If it holds above SC with lower volume, it confirms reduced supply."
When is it safer to initiate short positions in Redistribution?,After a mSOW and failure to reclaim the ICE zone on weak volume.
Under what condition is it safer to initiate short positions in Redistribution?,After a mSOW and failure to reclaim the ICE zone on weak volume.
How does a LPSY forming below previous support signal about timing?,It confirms downward trend resumption—high probability for shorts.
What does a LPSY forming below previous support signal about timing?,It confirms downward trend resumption—high probability for shorts.
What pattern of volume on reactions helps validate LPS strength?,Diminishing volume on pullbacks signals supply exhaustion.
What pattern of volume on reactions helps validate LPS strength?,Diminishing volume on pullbacks signals supply exhaustion.
How does intraday rejection at resistance in Phase C affect timing?,It confirms the test has failed—look for a UT or UTAD before entering short.
What way does does intraday rejection at resistance in Ph C affect timing?,It confirms the test has failed—look for a UT or UTAD before entering short.
What do overlapping narrow bars at TR resistance suggest about timing?,Lack of commitment; wait for breakout or rejection before acting.
What do overlapping narrow bars at TR resistance suggest about timing?,Lack of commitment; wait for breakout or rejection before acting.
How can a cluster of high-volume candles near TR low affect entry?,"If price holds, it signals absorption; spring or reversal may follow."
What way does can a cluster of high-volume candles near TR low affect entry?,"If price holds, it signals absorption; spring or reversal may follow."
What indicates poor timing after a SOS breakout?,Chasing entries on expanding spread and volume without waiting for LPS.
What indicates poor timing after a SOS breakout?,Chasing entries on expanding spread and volume without waiting for LPS.
What makes timing more critical in Phase E than in Phase D?,Phase E often moves rapidly; early or late entries carry higher risk due to speed of trend.
Why is timing more critical in Phase E than in Phase D?,Phase E often moves rapidly; early or late entries carry higher risk due to speed of trend.
When does a UT in Ph B not qualify as UTAD?,If it occurs before structure maturity or fails to trigger breakdown.
Under what condition does a UT in Phase B not qualify as UTAD?,If it occurs before structure maturity or fails to trigger breakdown.
What distinguishes a legitimate spring from a failed one on the chart?,Legitimate springs recover fast into the range; failed ones stall or break lower.
What distinguishes a legitimate spring from a failed one on the chart?,Legitimate springs recover fast into the range; failed ones stall or break lower.
How does structure width affect timing of entries from TR?,Wider structures often produce stronger breakouts; timing at LPS becomes more reliable.
What way does does structure width affect timing of entries from TR?,Wider structures often produce stronger breakouts; timing at LPS becomes more reliable.
How does a failed LPS bounce with high volume warn of?,Possible absorption failure or hidden supply—long entry should be delayed.
What does a failed LPS bounce with high volume warn of?,Possible absorption failure or hidden supply—long entry should be delayed.
What makes a BUEC more attractive than initial SOS for re-entry?,It provides a retest of structure on low volume—confirmation of strength.
What makes a BUEC more attractive than initial SOS for re-entry?,It provides a retest of structure on low volume—confirmation of strength.
How do multiple small upthrusts at TR resistance refine short timing?,They reveal persistent supply and set up for stronger UTAD or breakdown.
What way does do multiple small upthrusts at TR resistance refine short timing?,They reveal persistent supply and set up for stronger UTAD or breakdown.
How does a decreasing response to each rally in Ph B suggest?,"Demand is weakening, preparing for Ph C or D breakdown."
What does a decreasing response to each rally in Phase B suggest?,"Demand is weakening, preparing for Phase C or D breakdown."
How can Ph C’s volatility help time entries?,Sharp spring/UTAD events create emotional traps—ideal moments for professionals to enter.
What way does can Phase C’s volatility help time entries?,Sharp spring/UTAD events create emotional traps—ideal moments for professionals to enter.
How does it mean if price moves above creek but fails to hold?,The JAC attempt failed—timing for long entries should be postponed until confirmation.
What does it mean if price moves above creek but fails to hold?,The JAC attempt failed—timing for long entries should be postponed until confirmation.
How does a low-volume pullback after SOS help time entries?,"It reflects lack of supply and confirms the breakout, making LPS a safer entry."
What way does does a low-volume pullback after SOS help time entries?,"It reflects lack of supply and confirms the breakout, making LPS a safer entry."
What makes observing character change in Phase C vital for timing?,"It marks the shift from testing to trend emergence, signaling entry readiness."
Why is observing character change in Phase C vital for timing?,"It marks the shift from testing to trend emergence, signaling entry readiness."
How does a lack of reaction after a spring imply about timing?,It shows strong demand presence and supports immediate long entries.
What does a lack of reaction after a spring imply about timing?,It shows strong demand presence and supports immediate long entries.
Why does timing a short after Phase A of Distribution carry risk?,The structure is still developing and may convert into reaccumulation.
Why does timing a short after Ph A of Dist. carry risk?,The structure is still developing and may convert into reaccumulation.
What is the timing risk if a breakout lacks follow-through?,It suggests a potential bull trap or premature entry; better to wait for a BU test.
What is the timing risk if a breakout lacks follow-through?,It suggests a potential bull trap or premature entry; better to wait for a BU test.
Why are SOSs that break the creek with strength significant?,They confirm upward dominance and justify timing entries on the next LPS or BU.
Why are SOSs that break the creek with strength significant?,They confirm upward dominance and justify timing entries on the next LPS or BU.
How does repeated rejection at the creek in Acc. indicate?,Creek is acting as resistance; wait for clear JAC before entering long.
What does repeated rejection at the creek in Accumulation indicate?,Creek is acting as resistance; wait for clear JAC before entering long.
How does a narrow-range test bar after shakeout improve timing confidence?,It confirms the shakeout’s absorption effect and offers a low-risk entry.
What way does does a narrow-range test bar after shakeout improve timing confidence?,It confirms the shakeout’s absorption effect and offers a low-risk entry.
What makes timing shorts early in Phase B of Redistribution risky?,Supply absorption may not be complete; the range could evolve into reaccumulation.
Why is timing shorts early in Phase B of Redistribution risky?,Supply absorption may not be complete; the range could evolve into reaccumulation.
How does increasing effort with decreasing result signal about timing?,"It shows absorption; a breakout or spring is likely, making early entries risky."
What does increasing effort with decreasing result signal about timing?,"It shows absorption; a breakout or spring is likely, making early entries risky."
How does a lower high on weak volume in Phase D of Distribution signal?,LPSY is forming; an ideal point to time short entries.
What does a lower high on weak volume in Phase D of Distribution signal?,LPSY is forming; an ideal point to time short entries.
When is it appropriate to preemptively enter on a spring?,Only when followed by a strong bullish bar and low test volume confirming absorption.
Under what condition is it appropriate to preemptively enter on a spring?,Only when followed by a strong bullish bar and low test volume confirming absorption.
How do signs of no supply affect timing within a TR?,They suggest demand is overcoming resistance; traders can prepare for early long entries.
What way does do signs of no supply affect timing within a TR?,They suggest demand is overcoming resistance; traders can prepare for early long entries.
Why does volume expansion on a failed breakout matter?,It shows supply has overwhelmed demand; confirms reversal and timing for shorts.
Why does volume expansion on a failed breakout matter?,It shows supply has overwhelmed demand; confirms reversal and timing for shorts.
What if price breaks below SC without volume expansion?,It may be a test rather than breakdown—wait for confirmation before shorting.
What if price breaks below SC without volume expansion?,It may be a test rather than breakdown—wait for confirmation before shorting.
What makes the first LPS after a SOS often a high-probability setup?,"It confirms support and validates strength, offering early trend entry."
Why is the first LPS after a SOS often a high-probability setup?,"It confirms support and validates strength, offering early trend entry."
What is the timing implication of a failed LPSY rally?,It confirms persistent supply and supports entry before major markdown.
What is the timing implication of a failed LPSY rally?,It confirms persistent supply and supports entry before major markdown.
How does shortening of thrusts before a spring affect trade timing?,"It reflects reduced downside momentum, often preceding the final shakeout."
What way does does shortening of thrusts before a spring affect trade timing?,"It reflects reduced downside momentum, often preceding the final shakeout."
What makes entries after UTAD with MSOW more favorable?,It provides structural confirmation and validates that markdown is underway.
What makes entries after UTAD with MSOW more favorable?,It provides structural confirmation and validates that markdown is underway.
How does context around a test bar determine timing reliability?,A test within Ph C with no follow-through is suspect; look for Ph D confirmation.
What way does does context around a test bar determine timing reliability?,A test within Phase C with no follow-through is suspect; look for Phase D confirmation.
How does a wide-range rejection bar after a UT suggest?,That supply is active; timing a short becomes favorable on weak follow-through.
What does a wide-range rejection bar after a UT suggest?,That supply is active; timing a short becomes favorable on weak follow-through.
When does a BU to the edge of creek offer best timing?,"When the pullback is shallow, volume is low, and structure confirms accumulation."
Under what condition does a BU to the edge of creek offer best timing?,"When the pullback is shallow, volume is low, and structure confirms accumulation."
What makes Phase D often considered the safest for trend entries?,"It contains confirmed SOS/LPS or SOW/LPSY, reducing structural ambiguity."
Why is Phase D often considered the safest for trend entries?,"It contains confirmed SOS/LPS or SOW/LPSY, reducing structural ambiguity."
How does a UT followed by tight range with no volume expansion suggest?,Absence of demand; short entries become higher probability.
What does a UT followed by tight range with no volume expansion suggest?,Absence of demand; short entries become higher probability.
Why should aggressive traders focus on spring variations in Phase C?,"These offer early entries if confirmed with strength, though risk is higher."
Why should aggressive traders focus on spring variations in Ph C?,"These offer early entries if confirmed with strength, though risk is higher."
What makes a higher low after a spring a strong timing clue?,"It suggests diminishing supply and confirms buyers are taking control, ideal for long entry."
Why is a higher low after a spring a strong timing clue?,"It suggests diminishing supply and confirms buyers are taking control, ideal for long entry."
How does a rapid rejection after attempting to cross the creek mean for timing?,It indicates resistance is holding; delay long entries until a successful JAC.
What does a rapid rejection after attempting to cross the creek mean for timing?,It indicates resistance is holding; delay long entries until a successful JAC.
How can a minor SOW in early Phase D guide timing?,It signals beginning of markdown; short entries become viable after LPSY confirmation.
What way does can a minor SOW in early Ph D guide timing?,It signals beginning of markdown; short entries become viable after LPSY confirmation.
How does a shallow BU after a strong SOS imply about strength?,It confirms strength with minimal supply; provides a high-confidence long entry.
What does a shallow BU after a strong SOS imply about strength?,It confirms strength with minimal supply; provides a high-confidence long entry.
What makes timing based on news during Phase C often flawed?,Smart money has already acted; structure timing is more reliable than headlines.
Why is timing based on news during Phase C often flawed?,Smart money has already acted; structure timing is more reliable than headlines.
What role does tape reading volume behavior play in spring timing?,Low volume with quick reversal signals absorption; good entry point for longs.
What role does tape reading volume behavior play in spring timing?,Low volume with quick reversal signals absorption; good entry point for longs.
How does a UTAD with a failed follow-through candle enhance short timing?,"It shows supply domination immediately after the test, validating short entry."
What way does does a UTAD with a failed follow-through candle enhance short timing?,"It shows supply domination immediately after the test, validating short entry."
What is the risk of entering during an early SOS with wide spread and high volume?,It may be the climactic move; better timing comes on the next LPS.
What is the risk of entering during an early SOS with wide spread and high volume?,It may be the climactic move; better timing comes on the next LPS.
What timing signal does a sudden drop on expanding volume after a UT provide?,Indicates major supply entering—ideal for initiating shorts.
What timing signal does a sudden drop on expanding volume after a UT provide?,Indicates major supply entering—ideal for initiating shorts.
What makes a reaction to LPS with diminishing volume significant?,It shows lack of selling pressure and confirms strength—supports long entry.
Why is a reaction to LPS with diminishing volume significant?,It shows lack of selling pressure and confirms strength—supports long entry.
What if price jumps the creek but does not hold above it?,It signals a potential trap; wait for successful BU before committing to longs.
What if price jumps the creek but does not hold above it?,It signals a potential trap; wait for successful BU before committing to longs.
How does Phase C volatility offer clues for precise timing?,"Sharp, fake breakouts (spring or UTAD) allow entry with defined risk and high R:R."
What way does does Ph C volatility offer clues for precise timing?,"Sharp, fake breakouts (spring or UTAD) allow entry with defined risk and high R:R."
What if a Phase B rally lacks volume and spread?,It's likely absorption in progress; premature to enter without stronger evidence.
What if a Phase B rally lacks volume and spread?,It's likely absorption in progress; premature to enter without stronger evidence.
What makes the first SOW in Redistribution a pivotal timing event?,It marks the beginning of breakdown; short entries become increasingly viable.
Why is the first SOW in Redistribution a pivotal timing event?,It marks the beginning of breakdown; short entries become increasingly viable.
What makes the first SOS after a spring more meaningful than the spring itself?,The SOS confirms demand dominance and validates the test—entry is safer.
What makes the first SOS after a spring more meaningful than the spring itself?,The SOS confirms demand dominance and validates the test—entry is safer.
When is it too early to short after BC in Dist.?,"Before ST and UT develop, supply hasn't confirmed dominance—wait for Ph C signals."
Under what condition is it too early to short after BC in Distribution?,"Before ST and UT develop, supply hasn't confirmed dominance—wait for Phase C signals."
What volume behavior distinguishes a valid LPSY from a pullback?,"LPSY occurs on low-volume rally followed by sharp, wide-spread down move."
What volume behavior distinguishes a valid LPSY from a pullback?,"LPSY occurs on low-volume rally followed by sharp, wide-spread down move."
What makes hesitation after a spring without SOS risky for timing longs?,It may suggest failure to absorb supply; entry should wait for confirmation.
Why is hesitation after a spring without SOS risky for timing longs?,It may suggest failure to absorb supply; entry should wait for confirmation.
How does a lower high after UTAD and a wide spread down-bar signal?,Supply dominance and readiness for markdown—supports short entry.
What does a lower high after UTAD and a wide spread down-bar signal?,Supply dominance and readiness for markdown—supports short entry.
How does a breakout from TR without backing up suggest?,It may be unsustainable; wait for BU to confirm strength before entry.
What does a breakout from TR without backing up suggest?,It may be unsustainable; wait for BU to confirm strength before entry.
How can relative strength during AR vs SC help refine timing?,A strong AR that exceeds midpoint of the decline confirms demand strength—preps for long bias.
What way does can relative strength during AR vs SC help refine timing?,A strong AR that exceeds midpoint of the decline confirms demand strength—preps for long bias.
What makes the first bullish bar after a test bar critical for timing?,It often confirms absorption; entering early here can capture the trend from the start.
Why is the first bullish bar after a test bar critical for timing?,It often confirms absorption; entering early here can capture the trend from the start.
How does consistent failure at resistance during Ph B affect short timing?,"Each failure confirms presence of supply, preparing for UT or UTAD entry."
What way does does consistent failure at resistance during Phase B affect short timing?,"Each failure confirms presence of supply, preparing for UT or UTAD entry."
What role does time spent around LPSY levels play in short entry timing?,Prolonged stay without rally confirms weak demand—entry risk is reduced.
What role does time spent around LPSY levels play in short entry timing?,Prolonged stay without rally confirms weak demand—entry risk is reduced.
What makes re-entry on BU more favorable than chasing the SOS?,BU offers confirmation and lower-risk entry point with a clear invalidation level.
Why is re-entry on BU more favorable than chasing the SOS?,BU offers confirmation and lower-risk entry point with a clear invalidation level.
Why does a strong AR followed by a shallow ST improve long timing confidence?,"It shows aggressive demand and weak supply, favoring early accumulation entry."
Why does a strong AR followed by a shallow ST improve long timing confidence?,"It shows aggressive demand and weak supply, favoring early accumulation entry."
What makes a spring with no immediate SOS a warning signal?,Lack of follow-through suggests supply still exists; timing should be delayed.
What makes a spring with no immediate SOS a warning signal?,Lack of follow-through suggests supply still exists; timing should be delayed.
How can the timing of a UT be improved with volume analysis?,"If volume expands into the UT and reverses, it confirms selling pressure—ideal for shorts."
What way does can the timing of a UT be improved with volume analysis?,"If volume expands into the UT and reverses, it confirms selling pressure—ideal for shorts."
How does it mean if LPS rallies fail to regain prior resistance?,Demand may be weakening; it's a caution signal for long entries.
What does it mean if LPS rallies fail to regain prior resistance?,Demand may be weakening; it's a caution signal for long entries.
How can bar characteristics confirm a valid LPSY?,"Narrow range, low volume rally followed by immediate rejection confirms weak demand."
What way does can bar characteristics confirm a valid LPSY?,"Narrow range, low volume rally followed by immediate rejection confirms weak demand."
How does it suggest if a BU fails to reach the top of the range?,Demand is weakening; reaccumulation may be failing—avoid longs until clarity.
What does it suggest if a BU fails to reach the top of the range?,Demand is weakening; reaccumulation may be failing—avoid longs until clarity.
How does timing change if Phase B shows increasing down-bar volume?,It suggests supply is becoming dominant; short setup may be developing.
What way does does timing change if Ph B shows increasing down-bar volume?,It suggests supply is becoming dominant; short setup may be developing.
When is it best to enter after a shakeout that creates a terminal spring?,On the test bar that shows low volume and higher close into the TR.
Under what condition is it best to enter after a shakeout that creates a terminal spring?,On the test bar that shows low volume and higher close into the TR.
What makes the SOS after a spring considered a breakout confirmation?,It proves that the spring succeeded in absorbing supply and buyers are active.
Why is the SOS after a spring considered a breakout confirmation?,It proves that the spring succeeded in absorbing supply and buyers are active.
How does a price rejection from the creek during reaccumulation suggest?,Creek remains resistance; wait for a clean jump and BU before entering long.
What does a price rejection from the creek during reaccumulation suggest?,Creek remains resistance; wait for a clean jump and BU before entering long.
How does a shortening of rally attempts affect short entry timing in Distribution?,It signals diminishing demand and prepares for breakdown—ideal LPSY setup.
What way does does a shortening of rally attempts affect short entry timing in Distribution?,It signals diminishing demand and prepares for breakdown—ideal LPSY setup.
How does a series of lower highs into support indicate in a TR?,Pressure is building to the downside; spring or breakdown may be imminent.
What does a series of lower highs into support indicate in a TR?,Pressure is building to the downside; spring or breakdown may be imminent.
What makes it dangerous to assume all ARs signal trend reversal?,ARs can simply be reflex rallies; they need confirmation through testing.
Why is it dangerous to assume all ARs signal trend reversal?,ARs can simply be reflex rallies; they need confirmation through testing.
What’s the risk of entering on the first sign of strength in Phase A?,It may be a preliminary response; structure isn’t confirmed—wait for ST or spring.
What’s the risk of entering on the first sign of strength in Ph A?,It may be a preliminary response; structure isn’t confirmed—wait for ST or spring.
What signals a redistribution is occurring instead of reaccumulation?,Weak rally attempts followed by MSOW and inability to reclaim prior resistance.
What signals a redistribution is occurring instead of reaccumulation?,Weak rally attempts followed by MSOW and inability to reclaim prior resistance.
How does price behavior after a mSOW refine entry timing?,"If price struggles to rally, it confirms supply—LPSY becomes ideal for shorts."
What way does does price behavior after a mSOW refine entry timing?,"If price struggles to rally, it confirms supply—LPSY becomes ideal for shorts."
How does an early sign of strength in Phase B usually lack?,Confirmation from tests; entries here are speculative and risk premature positioning.
What does an early sign of strength in Phase B usually lack?,Confirmation from tests; entries here are speculative and risk premature positioning.
How does clustering of closes at the top after a spring imply?,Strong absorption and possible markup—supports early entry on test bar.
What does clustering of closes at the top after a spring imply?,Strong absorption and possible markup—supports early entry on test bar.
What’s the significance of the first test after breaking the ICE level in Redistribution?,It acts as a LPSY and offers a low-risk short entry if supply dominates.
What’s the significance of the first test after breaking the ICE level in Redistribution?,It acts as a LPSY and offers a low-risk short entry if supply dominates.
How does narrowing range in Ph C help pinpoint timing?,It signals a coiling spring or UTAD setup; entry is triggered by break and reversal.
What way does does narrowing range in Ph C help pinpoint timing?,It signals a coiling spring or UTAD setup; entry is triggered by break and reversal.
What if a UTAD fails to break back into the range?,It may evolve into reaccumulation; short entry should be avoided.
What if a UTAD fails to break back into the range?,It may evolve into reaccumulation; short entry should be avoided.
How can observing time at the LPS level improve timing accuracy?,Less time at support with strong bounce suggests bullish conviction—enter early.
What way does can observing time at the LPS level improve timing accuracy?,Less time at support with strong bounce suggests bullish conviction—enter early.
How does a strong up-bar from LPS without follow-through suggest?,Potential absorption issue; confirm with a BU or another test before committing.
What does a strong up-bar from LPS without follow-through suggest?,Potential absorption issue; confirm with a BU or another test before committing.
When is a Ph D markup likely to fail?,"If LPSs show increasing volume and decreasing spread, suggesting hidden supply."
Under what condition is a Ph D markup likely to fail?,"If LPSs show increasing volume and decreasing spread, suggesting hidden supply."
What happens when price fails to rally after a terminal shakeout?,Spring failed; avoid longs until price reclaims support and tests successfully.
What happens when price fails to rally after a terminal shakeout?,Spring failed; avoid longs until price reclaims support and tests successfully.
How does an inability to rally above AR in Accumulation suggest about timing?,It implies demand is weak; delay long entries until a confirmed SOS appears.
What does an inability to rally above AR in Accumulation suggest about timing?,It implies demand is weak; delay long entries until a confirmed SOS appears.
How does a declining response to up-bars in Phase B warn of poor long timing?,It signals absorption or lack of commitment; entries should be postponed.
What way does does a declining response to up-bars in Phase B warn of poor long timing?,It signals absorption or lack of commitment; entries should be postponed.
What’s the ideal timing condition to enter during a reaccumulation phase?,After a strong SOS followed by a shallow BU with low volume.
What’s the ideal timing condition to enter during a reaccumulation phase?,After a strong SOS followed by a shallow BU with low volume.
Why should a trader avoid early entry during preliminary support (PS)?,PS is not a stopping action; the downtrend is still in control.
Why should a trader avoid early entry during preliminary support (PS)?,PS is not a stopping action; the downtrend is still in control.
How does time spent below SC after a spring affect trade timing?,Prolonged time below SC weakens the bullish case; spring may have failed.
What way does does time spent below SC after a spring affect trade timing?,Prolonged time below SC weakens the bullish case; spring may have failed.
What bar structure following a UTAD signals optimal short entry?,A wide-spread down-bar with increasing volume closing on the low.
What bar structure following a UTAD signals optimal short entry?,A wide-spread down-bar with increasing volume closing on the low.
How does repeated failure to push above resistance in Ph C suggest?,A UT or UTAD may be forming; prepares for timed short entries.
What does repeated failure to push above resistance in Phase C suggest?,A UT or UTAD may be forming; prepares for timed short entries.
How does a failed test after a spring alter timing strategy?,It signals that demand hasn’t taken control; delay entry until a successful retest.
What way does does a failed test after a spring alter timing strategy?,It signals that demand hasn’t taken control; delay entry until a successful retest.
What role does the quality of the first LPS play in timing?,A strong bounce on low volume confirms demand; a weak bounce suggests further testing is needed.
What role does the quality of the first LPS play in timing?,A strong bounce on low volume confirms demand; a weak bounce suggests further testing is needed.
How does a tight range with low volume at the top of a rally indicate?,Supply is entering quietly; prepare for short setups on breakdown.
What does a tight range with low volume at the top of a rally indicate?,Supply is entering quietly; prepare for short setups on breakdown.
What makes the area near the bottom of a trading range critical for timing springs?,Springs originate from these zones; reversal setups begin forming here.
Why is the area near the bottom of a trading range critical for timing springs?,Springs originate from these zones; reversal setups begin forming here.
What’s a common mistake in timing during Ph B of Dist.?,Assuming weakness too early; structure isn't yet complete for a reliable short.
What’s a common mistake in timing during Ph B of Dist.?,Assuming weakness too early; structure isn't yet complete for a reliable short.
How can observing a BU that respects prior resistance improve long timing?,It confirms the creek is now support—entry is supported by structure and context.
What way does can observing a BU that respects prior resistance improve long timing?,It confirms the creek is now support—entry is supported by structure and context.
How does rapid rejection after an attempted SOS in Reaccumulation suggest?,Supply is still present; reaccumulation may fail—delay long entries.
What does rapid rejection after an attempted SOS in Reaccumulation suggest?,Supply is still present; reaccumulation may fail—delay long entries.
How does price behavior around the ICE line refine short entry timing?,Failure to reclaim ICE after breakdown offers precise LPSY entries.
What way does does price behavior around the ICE line refine short entry timing?,Failure to reclaim ICE after breakdown offers precise LPSY entries.
What happens when an AR retraces deeply and rapidly?,It indicates supply dominance; accumulation is less likely—avoid early longs.
What happens when an AR retraces deeply and rapidly?,It indicates supply dominance; accumulation is less likely—avoid early longs.
What makes a breakout without backing up often unreliable?,It may lack testing; traders should wait for a BU or LPS confirmation before entering.
Why is a breakout without backing up often unreliable?,It may lack testing; traders should wait for a BU or LPS confirmation before entering.
What is the timing risk in trading a UT without confirmation?,It may be a UA or normal range action; wait for MSOW or follow-through.
What is the timing risk in trading a UT without confirmation?,It may be a UA or normal range action; wait for MSOW or follow-through.
How does shortening of the reaction legs in Phase C support timing a spring?,"It indicates supply is weakening, and the next push down may be the spring."
What way does does shortening of the reaction legs in Phase C support timing a spring?,"It indicates supply is weakening, and the next push down may be the spring."
What makes the test after the spring often the most reliable long signal?,It shows whether supply is truly absorbed; success here confirms entry.
Why is the test after the spring often the most reliable long signal?,It shows whether supply is truly absorbed; success here confirms entry.
What happens when price forms a series of weak LPSYs before breakdown?,It shows persistent supply; markdown is likely—short entries are justified.
What happens when price forms a series of weak LPSYs before breakdown?,It shows persistent supply; markdown is likely—short entries are justified.
What makes observing the depth of reaction after SOS essential for timing?,Shallow reactions on low volume confirm strength and offer ideal LPS entries.
Why is observing the depth of reaction after SOS essential for timing?,Shallow reactions on low volume confirm strength and offer ideal LPS entries.
How does poor follow-through on up-bars in Ph D signal caution?,It suggests lingering supply—entries should be limited or delayed.
What way does does poor follow-through on up-bars in Phase D signal caution?,It suggests lingering supply—entries should be limited or delayed.
How does an extended stay near resistance with no breakout imply?,Upthrust conditions may be developing; time shorts if rejection follows.
What does an extended stay near resistance with no breakout imply?,Upthrust conditions may be developing; time shorts if rejection follows.
How does a fake spring without volume contraction fail to confirm entry?,It may not represent true testing—wait for clear signs of absorption before buying.
What way does does a fake spring without volume contraction fail to confirm entry?,It may not represent true testing—wait for clear signs of absorption before buying.
What makes a wide-spread bullish bar into resistance without follow-through a poor long signal?,"It likely reflects testing supply, not true breakout strength—wait for confirmation via SOS or BU."
Why is a wide-spread bullish bar into resistance without follow-through a poor long signal?,"It likely reflects testing supply, not true breakout strength—wait for confirmation via SOS or BU."
How does a spring with immediate retracement below support suggest?,That the spring failed to absorb supply; long entries should be avoided.
What does a spring with immediate retracement below support suggest?,That the spring failed to absorb supply; long entries should be avoided.
What makes observing price compression before a breakout important for timing?,It signals reduced volatility and imminent expansion—watch for SOS or SOW to confirm entry.
Why is observing price compression before a breakout important for timing?,It signals reduced volatility and imminent expansion—watch for SOS or SOW to confirm entry.
How does a failed BU in Reaccumulation indicate for timing?,That demand is weak or unconvincing; better entries may come only after new confirmation.
What does a failed BU in Reaccumulation indicate for timing?,That demand is weak or unconvincing; better entries may come only after new confirmation.
What makes a UT followed by price stalling at resistance a warning sign?,It suggests lack of demand; sets up for a potential short on LPSY formation.
Why is a UT followed by price stalling at resistance a warning sign?,It suggests lack of demand; sets up for a potential short on LPSY formation.
What makes a successful JAC (JAC) significant for timing longs?,It marks the transition from accumulation to markup; the next BU offers a lower-risk entry.
What makes a successful JAC (JAC) significant for timing longs?,It marks the transition from accumulation to markup; the next BU offers a lower-risk entry.
How does a failure to rally after a test bar affect timing?,It weakens bullish case; traders should wait for SOS to confirm demand strength.
What way does does a failure to rally after a test bar affect timing?,It weakens bullish case; traders should wait for SOS to confirm demand strength.
Why should traders avoid entering during high-volume reactions within TRs?,Such reactions often signal active supply; wait for clearer confirmation in Phase C or D.
Why should traders avoid entering during high-volume reactions within TRs?,Such reactions often signal active supply; wait for clearer confirmation in Ph C or D.
How does a sharp rejection on low volume during a rally suggest?,That supply may be hidden; watch for confirmation of UT or resistance hold before shorting.
What does a sharp rejection on low volume during a rally suggest?,That supply may be hidden; watch for confirmation of UT or resistance hold before shorting.
How can narrowing of spreads near TR resistance help time short entries?,It signals exhaustion and potential for UTAD or distribution confirmation.
What way does can narrowing of spreads near TR resistance help time short entries?,It signals exhaustion and potential for UTAD or distribution confirmation.
When is it best to act after a terminal shakeout?,After the first higher low or bullish test bar on low volume that confirms support is respected.
Under what condition is it best to act after a terminal shakeout?,After the first higher low or bullish test bar on low volume that confirms support is respected.
How does a failed LPS rally help time a short?,It signals weak demand response—price likely to revisit or break support.
What way does does a failed LPS rally help time a short?,It signals weak demand response—price likely to revisit or break support.
What role does a spring followed by a wide-spread up-bar play in timing?,It confirms the spring’s success and can justify immediate or partial entry.
What role does a spring followed by a wide-spread up-bar play in timing?,It confirms the spring’s success and can justify immediate or partial entry.
What makes waiting for an LPSY after a UTAD often better than shorting the UTAD itself?,LPSY provides structural confirmation of weakness and lower-risk entry point.
Why is waiting for an LPSY after a UTAD often better than shorting the UTAD itself?,LPSY provides structural confirmation of weakness and lower-risk entry point.
How can time spent above resistance post-SOS help validate long entries?,Sustained holding above TR shows strength; BU becomes ideal entry on minor pullback.
What way does can time spent above resistance post-SOS help validate long entries?,Sustained holding above TR shows strength; BU becomes ideal entry on minor pullback.
Why does repeated low-volume testing of TR support strengthen bullish timing?,It indicates successful absorption; next SOS is more likely to hold.
Why does repeated low-volume testing of TR support strengthen bullish timing?,It indicates successful absorption; next SOS is more likely to hold.
How does a wide-spread down-bar through ICE followed by a failed rally imply?,That distribution is active; short timing is ideal near LPSY rejection.
What does a wide-spread down-bar through ICE followed by a failed rally imply?,That distribution is active; short timing is ideal near LPSY rejection.
How do low-volume inside bars at support in Phase C help time longs?,They suggest sellers are drying up; entry becomes attractive if followed by strength.
What way does do low-volume inside bars at support in Phase C help time longs?,They suggest sellers are drying up; entry becomes attractive if followed by strength.
How does an inability to close above AR after SC imply during Ph B?,Demand may not be strong enough yet—better entries come after spring or SOS.
What does an inability to close above AR after SC imply during Phase B?,Demand may not be strong enough yet—better entries come after spring or SOS.
Why should entries during Phase A often be avoided?,The trend hasn’t reversed yet; PS or SC alone don't guarantee structural shift.
Why should entries during Phase A often be avoided?,The trend hasn’t reversed yet; PS or SC alone don't guarantee structural shift.
How does a strong up-bar closing above the creek with confirmation volume imply?,Demand has overtaken supply; timing long entries on BU becomes favorable.
What does a strong up-bar closing above the creek with confirmation volume imply?,Demand has overtaken supply; timing long entries on BU becomes favorable.
Why does a short-lived rally after mSOW suggest short timing readiness?,It reflects lack of committed buyers; confirms trend is down and LPSY may be forming.
Why does a short-lived rally after mSOW suggest short timing readiness?,It reflects lack of committed buyers; confirms trend is down and LPSY may be forming.
What timing cue does a failed breakout attempt above TR high offer?,Watch for reversal bars and short entry as UTAD structure unfolds.
What timing cue does a failed breakout attempt above TR high offer?,Watch for reversal bars and short entry as UTAD structure unfolds.
How does increased effort but diminishing upward result imply before a breakout?,Effort/Result divergence suggests absorption or potential trap—delay long entry.
What does increased effort but diminishing upward result imply before a breakout?,Effort/Result divergence suggests absorption or potential trap—delay long entry.
How does Ph D behavior distinguish markups from fakeouts?,Consistent SOS and shallow LPS on low volume signal real trend—ideal entry timing.
What way does does Ph D behavior distinguish markups from fakeouts?,Consistent SOS and shallow LPS on low volume signal real trend—ideal entry timing.
How does a series of failed SOS attempts in Phase D indicate for trade timing?,That demand is weakening; delay or reduce long exposure until confirmation returns.
What does a series of failed SOS attempts in Ph D indicate for trade timing?,That demand is weakening; delay or reduce long exposure until confirmation returns.
How does a wide-spread down-bar after a BU signal affect timing?,It suggests supply was not fully absorbed; long entries should be postponed or exited.
What way does does a wide-spread down-bar after a BU signal affect timing?,It suggests supply was not fully absorbed; long entries should be postponed or exited.
What makes the first successful LPS after a failed spring a critical timing cue?,It marks the moment demand reasserts control and offers a safer re-entry opportunity.
Why is the first successful LPS after a failed spring a critical timing cue?,It marks the moment demand reasserts control and offers a safer re-entry opportunity.
"How does a UTAD followed by narrow, low-volume rallies imply?",Lack of demand—confirms weakness and signals prime short entry zones.
"What does a UTAD followed by narrow, low-volume rallies imply?",Lack of demand—confirms weakness and signals prime short entry zones.
How can a bullish bar with no follow-through after SOS affect timing?,It suggests breakout may not be genuine; wait for confirmation before entering or adding.
What way does can a bullish bar with no follow-through after SOS affect timing?,It suggests breakout may not be genuine; wait for confirmation before entering or adding.
How does the failure of price to return to TR after a spring imply?,Successful absorption and dominance of demand—timing favors immediate continuation entries.
What does the failure of price to return to TR after a spring imply?,Successful absorption and dominance of demand—timing favors immediate continuation entries.
What happens when a UT occurs during early Phase B?,"It is likely a UA, not a true UTAD; short entries here may be premature."
What happens when a UT occurs during early Phase B?,"It is likely a UA, not a true UTAD; short entries here may be premature."
What makes a failed LPS that quickly returns to SC zone concerning for long trades?,It suggests structure remains weak; traders should avoid re-entering until new strength appears.
Why is a failed LPS that quickly returns to SC zone concerning for long trades?,It suggests structure remains weak; traders should avoid re-entering until new strength appears.
What role does declining volume on each LPSY rally play in short timing?,It confirms diminishing demand and validates continuation of markdown.
What role does declining volume on each LPSY rally play in short timing?,It confirms diminishing demand and validates continuation of markdown.
How does observing test behavior above the creek affect long entry timing?,A successful low-volume test above creek sets up reliable continuation entries.
What way does does observing test behavior above the creek affect long entry timing?,A successful low-volume test above creek sets up reliable continuation entries.
Why should you avoid long entries during high-volume rejection bars near TR top?,It often marks supply presence or UT setup—wait for confirmation or reversal.
Why should you avoid long entries during high-volume rejection bars near TR top?,It often marks supply presence or UT setup—wait for confirmation or reversal.
How does a high-volume ST in Phase A suggest about timing?,That supply is still active; wait for Phase C spring or SOS for safer long entry.
What does a high-volume ST in Ph A suggest about timing?,That supply is still active; wait for Ph C spring or SOS for safer long entry.
How does confirmation volume after breakout assist in timing?,Rising volume supports breakout validity; follow-up entries can be made on next LPS.
What way does does confirmation volume after breakout assist in timing?,Rising volume supports breakout validity; follow-up entries can be made on next LPS.
How does the inability to rally after a shakeout in Ph C signal?,It may be a failed spring; do not enter long without a successful test.
What does the inability to rally after a shakeout in Ph C signal?,It may be a failed spring; do not enter long without a successful test.
How can the speed of recovery after a spring guide timing decisions?,Quick recoveries suggest strength and readiness for markup—entries can be advanced.
What way does can the speed of recovery after a spring guide timing decisions?,Quick recoveries suggest strength and readiness for markup—entries can be advanced.
How does gradual drift into resistance on low volume often precede?,It precedes UT or UTAD; shorts should be timed on rejection confirmation.
What does gradual drift into resistance on low volume often precede?,It precedes UT or UTAD; shorts should be timed on rejection confirmation.
When does Phase E offer valid continuation entries after breakout?,On minor pullbacks to prior resistance-turned-support that act as new LPS.
Under what condition does Phase E offer valid continuation entries after breakout?,On minor pullbacks to prior resistance-turned-support that act as new LPS.
How does a wide-spread bullish bar without preceding test imply in Acc.?,"Potential early markup, but without confirmation; better to wait for BU or LPS."
What does a wide-spread bullish bar without preceding test imply in Accumulation?,"Potential early markup, but without confirmation; better to wait for BU or LPS."
How can observing spread and volume behavior at LPS help entry timing?,Wide spread and low volume bouncing from LPS confirms strength—long entries are justified.
What way does can observing spread and volume behavior at LPS help entry timing?,Wide spread and low volume bouncing from LPS confirms strength—long entries are justified.
How does a failed UTAD that turns into consolidation suggest?,Reaccumulation may be developing; shift bias and watch for signs of strength.
What does a failed UTAD that turns into consolidation suggest?,Reaccumulation may be developing; shift bias and watch for signs of strength.
What signals that a spring might need retesting before reliable entry?,Fast spike followed by hesitation or volume surge—wait for a proper low-volume test.
What signals that a spring might need retesting before reliable entry?,Fast spike followed by hesitation or volume surge—wait for a proper low-volume test.
What makes a clean LPSY below ICE in Ph D of Redistribution ideal for short entries?,It confirms downward control and provides a low-risk point with trend confirmation.
Why is a clean LPSY below ICE in Phase D of Redistribution ideal for short entries?,It confirms downward control and provides a low-risk point with trend confirmation.
How does a breakout with immediate wide-range rejection imply for timing?,It’s likely a bull trap; entries should be avoided or reversed after confirmation.
What does a breakout with immediate wide-range rejection imply for timing?,It’s likely a bull trap; entries should be avoided or reversed after confirmation.
What timing insight is provided when rallies in Ph B lose momentum quickly?,It implies supply presence; entry should wait for Ph C validation or UTAD.
What timing insight is provided when rallies in Ph B lose momentum quickly?,It implies supply presence; entry should wait for Ph C validation or UTAD.
How does a deep BU that holds just above prior resistance strengthen long bias?,It confirms commitment from buyers and validates re-entry or position scaling.
What way does does a deep BU that holds just above prior resistance strengthen long bias?,It confirms commitment from buyers and validates re-entry or position scaling.
How does the behavior of the first rally after SC influence timing?,"If the AR is strong and broad, it defines resistance early and sets up clear spring and SOS timing later."
What way does does the behavior of the first rally after SC influence timing?,"If the AR is strong and broad, it defines resistance early and sets up clear spring and SOS timing later."
How does a test bar that fails to close above the midpoint of the spring bar imply?,Supply may still be present; entry should be delayed until stronger confirmation.
What does a test bar that fails to close above the midpoint of the spring bar imply?,Supply may still be present; entry should be delayed until stronger confirmation.
"How does a slow, low-volume drift toward resistance affect timing judgment?",It often precedes UT or UTAD; shorts should be timed after rejection confirmation.
"What way does does a slow, low-volume drift toward resistance affect timing judgment?",It often precedes UT or UTAD; shorts should be timed after rejection confirmation.
Why should traders avoid shorting after the BC without a UTAD?,The structure may still be forming; wait for Ph C confirmation before entry.
Why should traders avoid shorting after the BC without a UTAD?,The structure may still be forming; wait for Ph C confirmation before entry.
How does a shallow LPS reaction suggest about market condition?,Strong demand; confirms timing for scaling into long positions.
What does a shallow LPS reaction suggest about market condition?,Strong demand; confirms timing for scaling into long positions.
What makes it risky to enter long during Phase A of Accumulation?,"The prior downtrend hasn’t concluded; timing should wait for SC, ST, or spring events."
Why is it risky to enter long during Ph A of Acc.?,"The prior downtrend hasn’t concluded; timing should wait for SC, ST, or spring events."
How does a wide-range up-bar on low volume from LPS affect timing?,It confirms demand with minimal effort—ideal signal for trend continuation entry.
What way does does a wide-range up-bar on low volume from LPS affect timing?,It confirms demand with minimal effort—ideal signal for trend continuation entry.
What makes timing crucial after a fake breakout in reaccumulation?,False breakouts trap weak hands; proper timing comes after confirmation on test or BU.
Why is timing crucial after a fake breakout in reaccumulation?,False breakouts trap weak hands; proper timing comes after confirmation on test or BU.
What timing insight does a high-volume reaction after a UT offer?,Supply is active; prepare to short after LPSY confirmation on weak rallies.
What timing insight does a high-volume reaction after a UT offer?,Supply is active; prepare to short after LPSY confirmation on weak rallies.
What signals that an AR has set a valid range for accumulation?,"If the rally occurs on increasing spread and volume after SC, it's a reliable ceiling for timing future spring and SOS."
What signals that an AR has set a valid range for accumulation?,"If the rally occurs on increasing spread and volume after SC, it's a reliable ceiling for timing future spring and SOS."
How can you use effort vs. result during a spring to time entries?,Low effort (volume) and large result (range recovery) indicates absorption—good entry signal.
What way does can you use effort vs. result during a spring to time entries?,Low effort (volume) and large result (range recovery) indicates absorption—good entry signal.
What makes a flat BU structure with narrowing range considered bullish?,It reflects low supply and builds cause; timing long becomes favorable on breakout continuation.
Why is a flat BU structure with narrowing range considered bullish?,It reflects low supply and builds cause; timing long becomes favorable on breakout continuation.
How does a UT followed by high-volume reversal bar indicate for short entry?,That institutional supply entered—entry is favored on confirmation via LPSY or break of support.
What does a UT followed by high-volume reversal bar indicate for short entry?,That institutional supply entered—entry is favored on confirmation via LPSY or break of support.
What makes the first LPS after a failed spring highly actionable?,It suggests second-phase demand is stepping in—timing supports re-entry with more clarity.
Why is the first LPS after a failed spring highly actionable?,It suggests second-phase demand is stepping in—timing supports re-entry with more clarity.
How does time spent above AR resistance after SOS inform long entry timing?,"The longer price holds above, the more confirmed the breakout is; BU entries become ideal."
What way does does time spent above AR resistance after SOS inform long entry timing?,"The longer price holds above, the more confirmed the breakout is; BU entries become ideal."
How does rejection from ICE without penetration say about redistribution timing?,That buyers are still active; wait for MSOW or failed test before entering short.
What does rejection from ICE without penetration say about redistribution timing?,That buyers are still active; wait for MSOW or failed test before entering short.
How does observing spread contraction near a TR bottom affect spring timing?,It signals pressure buildup and potential for imminent spring.
What way does does observing spread contraction near a TR bottom affect spring timing?,It signals pressure buildup and potential for imminent spring.
What confirms that a UTAD has failed to trigger markdown?,"If price holds above prior resistance and rallies with strength, bearish timing is invalidated."
What confirms that a UTAD has failed to trigger markdown?,"If price holds above prior resistance and rallies with strength, bearish timing is invalidated."
What makes a SOS with no follow-through on next bar a red flag?,"It may be a buying climax, not a true breakout; wait for BU or test before committing."
Why is a SOS with no follow-through on next bar a red flag?,"It may be a buying climax, not a true breakout; wait for BU or test before committing."
How does repeated testing of TR support with higher lows imply for timing?,It signals increasing demand and weak supply—spring may already be complete.
What does repeated testing of TR support with higher lows imply for timing?,It signals increasing demand and weak supply—spring may already be complete.
Why does a gap above the TR after a spring require caution?,It might be a news-driven move; wait for BU or low-volume pullback to validate entry.
Why does a gap above the TR after a spring require caution?,It might be a news-driven move; wait for BU or low-volume pullback to validate entry.
How does a series of weak up-bars failing at the same level inform short timing?,They confirm supply dominance; UT or LPSY entry becomes high probability.
What way does does a series of weak up-bars failing at the same level inform short timing?,They confirm supply dominance; UT or LPSY entry becomes high probability.
How does a fake breakdown below ICE followed by a bullish bar suggest?,It may be a shakeout; avoid shorts and reassess for potential reaccumulation.
What does a fake breakdown below ICE followed by a bullish bar suggest?,It may be a shakeout; avoid shorts and reassess for potential reaccumulation.
How does a successful BU with immediate follow-through affect trade timing?,It confirms trend integrity and allows immediate or scaled-in long entry.
What way does does a successful BU with immediate follow-through affect trade timing?,It confirms trend integrity and allows immediate or scaled-in long entry.
What makes it dangerous to short during a reaccumulation Ph D pullback?,LPS-level reactions are typically shallow and bullish—shorting there goes against dominant strength.
Why is it dangerous to short during a reaccumulation Ph D pullback?,LPS-level reactions are typically shallow and bullish—shorting there goes against dominant strength.
How does it suggest if price makes a spring but fails to reach AR level?,That demand may be weak or trapped; long entry should be withheld until an SOS confirms strength.
What does it suggest if price makes a spring but fails to reach AR level?,That demand may be weak or trapped; long entry should be withheld until an SOS confirms strength.
How does a successful test just above the SC zone refine entry timing?,It indicates supply has been absorbed without needing a full spring—ideal for early accumulation entries.
What way does does a successful test just above the SC zone refine entry timing?,It indicates supply has been absorbed without needing a full spring—ideal for early accumulation entries.
What if price breaks above resistance on low volume but reverses immediately?,It's likely a UT or bull trap; best timing is on rejection confirmation with a short bias.
What if price breaks above resistance on low volume but reverses immediately?,It's likely a UT or bull trap; best timing is on rejection confirmation with a short bias.
How can observing spread behavior on BU bars guide timing?,Narrow spreads with diminishing volume on BU imply supply exhaustion—entry is justified.
What way does can observing spread behavior on BU bars guide timing?,Narrow spreads with diminishing volume on BU imply supply exhaustion—entry is justified.
What makes it risky to enter long after AR if volume is declining on rallies?,It suggests demand is fading or not dominant; timing favors waiting for a spring or SOS.
Why is it risky to enter long after AR if volume is declining on rallies?,It suggests demand is fading or not dominant; timing favors waiting for a spring or SOS.
How does a successful spring followed by sideways price action mean for entry?,It shows controlled absorption; timing longs on breakout or SOS offers low risk.
What does a successful spring followed by sideways price action mean for entry?,It shows controlled absorption; timing longs on breakout or SOS offers low risk.
When is a Ph C test without spring valid for long entry?,"When price tests near SC on low volume and rebounds cleanly, confirming absorption is complete."
Under what condition is a Phase C test without spring valid for long entry?,"When price tests near SC on low volume and rebounds cleanly, confirming absorption is complete."
What is the significance of the first lower high after UTAD in timing shorts?,It marks early confirmation of weakness—ideal spot for initiating or scaling short positions.
What is the significance of the first lower high after UTAD in timing shorts?,It marks early confirmation of weakness—ideal spot for initiating or scaling short positions.
What makes it critical to assess volume behavior around ICE in Redistribution?,Failure to reclaim ICE with weak volume validates bearish control—LPSY shorts become favorable.
Why is it critical to assess volume behavior around ICE in Redistribution?,Failure to reclaim ICE with weak volume validates bearish control—LPSY shorts become favorable.
How can multiple STs in Ph B guide precise spring timing?,They show progressive supply testing; the final spring often follows ST clusters as timing converges.
What way does can multiple STs in Phase B guide precise spring timing?,They show progressive supply testing; the final spring often follows ST clusters as timing converges.
How does a failed test bar at the top of a TR imply about timing?,That resistance is active; wait for UTAD or failure before considering short entries.
What does a failed test bar at the top of a TR imply about timing?,That resistance is active; wait for UTAD or failure before considering short entries.
What makes it important to track the slope of rallies during Ph D?,A flattening or decelerating slope signals weakening demand and possible trend reversal—adjust entry timing.
Why is it important to track the slope of rallies during Phase D?,A flattening or decelerating slope signals weakening demand and possible trend reversal—adjust entry timing.
What timing signal does a clean BU that holds above the creek give?,That support is now confirmed; long positions can be initiated or added with confidence.
What timing signal does a clean BU that holds above the creek give?,That support is now confirmed; long positions can be initiated or added with confidence.
What happens if LPSY rallies begin to show widening spreads and volume?,Potential failure of Redistribution; short entries should be re-evaluated as demand may return.
What happens if LPSY rallies begin to show widening spreads and volume?,Potential failure of Redistribution; short entries should be re-evaluated as demand may return.
What makes watching the last bar before breakout important for timing?,"If it's a low-volume test bar near resistance, breakout is likely to follow—timing long is favorable."
Why is watching the last bar before breakout important for timing?,"If it's a low-volume test bar near resistance, breakout is likely to follow—timing long is favorable."
How does a failed SOS after a spring impact timing plans?,It invalidates the spring setup; re-entry should only occur after successful retest or new strength.
What way does does a failed SOS after a spring impact timing plans?,It invalidates the spring setup; re-entry should only occur after successful retest or new strength.
What makes a ST with ultra-high volume near TR bottom a poor timing point?,It may be PSY-style absorption or a shakeout precursor; entries are premature without confirmation.
What makes a ST with ultra-high volume near TR bottom a poor timing point?,It may be PSY-style absorption or a shakeout precursor; entries are premature without confirmation.
What timing signal is given by a swift rejection of UTAD highs?,It suggests strong supply absorption—short entries become high probability at the next LPSY.
What timing signal is given by a swift rejection of UTAD highs?,It suggests strong supply absorption—short entries become high probability at the next LPSY.
Why does early commitment in Phase B often fail?,"Structure is still forming; better timing comes from spring, UTAD, or breakout confirmations."
Why does early commitment in Phase B often fail?,"Structure is still forming; better timing comes from spring, UTAD, or breakout confirmations."
How does declining volume across multiple LPSs suggest?,Supply is diminishing; continuation is likely—long entries remain favorable on each LPS.
What does declining volume across multiple LPSs suggest?,Supply is diminishing; continuation is likely—long entries remain favorable on each LPS.
When is a reaction in Phase D not a good long entry?,If it penetrates too deep into the TR or shows increasing volume—wait for structure to stabilize.
Under what condition is a reaction in Phase D not a good long entry?,If it penetrates too deep into the TR or shows increasing volume—wait for structure to stabilize.
How do overlapping candles after a breakout indicate timing clarity?,They represent testing or pause—look for strength bar or low-volume pullback before entering.
What way does do overlapping candles after a breakout indicate timing clarity?,They represent testing or pause—look for strength bar or low-volume pullback before entering.
What is the timing implication of a BU that fails and returns into the TR?,Distribution may be underway—longs should be exited and bias reevaluated.
What is the timing implication of a BU that fails and returns into the TR?,Distribution may be underway—longs should be exited and bias reevaluated.
How does a second spring with a higher low affect entry timing?,It reinforces strength and confirms demand; ideal spot to initiate or scale in longs.
What way does does a second spring with a higher low affect entry timing?,It reinforces strength and confirms demand; ideal spot to initiate or scale in longs.
How does low volatility and volume near UT highs imply before a breakdown?,Lack of demand confirmation—watch for MSOW to enter short with confidence.
What does low volatility and volume near UT highs imply before a breakdown?,Lack of demand confirmation—watch for MSOW to enter short with confidence.
How does it indicate if price rallies above resistance without SOS characteristics?,The breakout may lack institutional support; timing long trades should wait for a BU or test.
What does it indicate if price rallies above resistance without SOS characteristics?,The breakout may lack institutional support; timing long trades should wait for a BU or test.
Why should one be cautious of early strength in Phase B?,"It often reflects testing or absorption, not a confirmed trend—wait for Phase C or D for better timing."
Why should one be cautious of early strength in Phase B?,"It often reflects testing or absorption, not a confirmed trend—wait for Phase C or D for better timing."
How does a failure to retest SC before markup affect entry timing?,It suggests strength; traders may enter on the next LPS or shallow BU confirmation.
What way does does a failure to retest SC before markup affect entry timing?,It suggests strength; traders may enter on the next LPS or shallow BU confirmation.
What if a UT forms without prior buying climax in the structure?,It’s likely premature; wait for signs of SOW and LPSY before shorting.
What if a UT forms without prior buying climax in the structure?,It’s likely premature; wait for signs of SOW and LPSY before shorting.
How does a series of weak up-bars failing near the midpoint of the TR signal?,That demand lacks dominance—UTAD or breakdown may follow; prepare to short.
What does a series of weak up-bars failing near the midpoint of the TR signal?,That demand lacks dominance—UTAD or breakdown may follow; prepare to short.
How does a quick recovery after a failed spring validate timing?,It shows absorption succeeded; confirms Phase C is complete—enter on test or early SOS.
What way does does a quick recovery after a failed spring validate timing?,It shows absorption succeeded; confirms Phase C is complete—enter on test or early SOS.
What makes a clean jump across the creek more valuable than a choppy breakout?,It demonstrates decisive control by demand; long entries on BU are higher probability.
Why is a clean jump across the creek more valuable than a choppy breakout?,It demonstrates decisive control by demand; long entries on BU are higher probability.
What timing insight is provided by a failed rally after the AR in Distribution?,It reflects weak demand; watch for signs of UT or UTAD to prepare short positions.
What timing insight is provided by a failed rally after the AR in Dist.?,It reflects weak demand; watch for signs of UT or UTAD to prepare short positions.
How does it mean if STs in Phase B barely retrace the SC?,Supply may already be absorbed; spring may occur at a higher level or be skipped entirely.
What does it mean if STs in Ph B barely retrace the SC?,Supply may already be absorbed; spring may occur at a higher level or be skipped entirely.
When should you avoid shorting after UTAD?,If price fails to break back into the range or is absorbed on pullback—wait for LPSY or MSOW.
Under what condition should you avoid shorting after UTAD?,If price fails to break back into the range or is absorbed on pullback—wait for LPSY or MSOW.
How does a bullish test bar with narrowing spread and low volume confirm entry?,It indicates reduced supply and successful testing—favors immediate or next-bar entry.
What way does does a bullish test bar with narrowing spread and low volume confirm entry?,It indicates reduced supply and successful testing—favors immediate or next-bar entry.
Why does an LPS that forms just above support increase long timing precision?,It confirms demand is holding the zone without needing a deeper test.
Why does an LPS that forms just above support increase long timing precision?,It confirms demand is holding the zone without needing a deeper test.
What if price breaks below SC but reclaims it immediately on volume expansion?,It may be a terminal shakeout; time long entries after confirmation from test or SOS.
What if price breaks below SC but reclaims it immediately on volume expansion?,It may be a terminal shakeout; time long entries after confirmation from test or SOS.
What timing risk exists if a BU pulls too deep into the prior TR?,It may indicate reentry of supply—wait for structure to reassert strength before entering.
What timing risk exists if a BU pulls too deep into the prior TR?,It may indicate reentry of supply—wait for structure to reassert strength before entering.
How does observing a failed spring help prepare for better timing later?,It sets up the next successful test or spring; entries become more reliable after the failure.
What way does does observing a failed spring help prepare for better timing later?,It sets up the next successful test or spring; entries become more reliable after the failure.
Why does the first failed attempt to jump the creek matter for timing?,It shows resistance is not yet overcome; wait for successful JAC and BU for clean entries.
Why does the first failed attempt to jump the creek matter for timing?,It shows resistance is not yet overcome; wait for successful JAC and BU for clean entries.
How does it mean when LPSY rallies become shorter and volume dries up?,That supply dominates; timing shorts into breakdown becomes higher probability.
What does it mean when LPSY rallies become shorter and volume dries up?,That supply dominates; timing shorts into breakdown becomes higher probability.
How do reactions from ICE during Phase D affect short entries?,Sharp rejections from ICE confirm redistribution; LPSY entries become precise.
What way does do reactions from ICE during Ph D affect short entries?,Sharp rejections from ICE confirm redistribution; LPSY entries become precise.
What timing clue is given by clustering of closes after spring?,It signals testing and preparation; entry is favored once breakout occurs with volume.
What timing clue is given by clustering of closes after spring?,It signals testing and preparation; entry is favored once breakout occurs with volume.
How does a UT with no follow-through confirm short opportunity?,It reveals lack of demand; short entries are favored on next weak rally or breakdown.
What way does does a UT with no follow-through confirm short opportunity?,It reveals lack of demand; short entries are favored on next weak rally or breakdown.
What makes the volume signature on a spring’s test bar so important?,Low volume confirms no supply; it strengthens entry timing confidence.
Why is the volume signature on a spring’s test bar so important?,Low volume confirms no supply; it strengthens entry timing confidence.
How can a pause after breakout help validate continuation entries?,It reflects absorption of supply; timing longs on BU becomes structurally sound.
What way does can a pause after breakout help validate continuation entries?,It reflects absorption of supply; timing longs on BU becomes structurally sound.
How does repeated testing of resistance without a breakout suggest in late Phase C?,A UTAD is likely forming; watch for short entries after confirmation bar.
What does repeated testing of resistance without a breakout suggest in late Phase C?,A UTAD is likely forming; watch for short entries after confirmation bar.
How does a narrow-range inside bar after SOS affect entry timing?,"It may act as a test; if followed by strength, it validates continuation long entry."
What way does does a narrow-range inside bar after SOS affect entry timing?,"It may act as a test; if followed by strength, it validates continuation long entry."
How does a sudden reversal from an LPSY with no resistance overhead imply?,That supply is hidden or reemerging—short timing is improved on follow-through.
What does a sudden reversal from an LPSY with no resistance overhead imply?,That supply is hidden or reemerging—short timing is improved on follow-through.
Why does a low-volume reaction after an SOS support precise entry timing?,It indicates supply absorption; timing longs on LPS or BU becomes favorable.
Why does a low-volume reaction after an SOS support precise entry timing?,It indicates supply absorption; timing longs on LPS or BU becomes favorable.
How does it signal if a spring is followed by wide bars with shallow pullbacks?,Strong demand is in control; long entries are justified early in Ph D.
What does it signal if a spring is followed by wide bars with shallow pullbacks?,Strong demand is in control; long entries are justified early in Ph D.
What if a UTAD is followed by a tight trading range at resistance?,It reflects absorption of demand; short timing is optimal on breakdown or LPSY.
What if a UTAD is followed by a tight trading range at resistance?,It reflects absorption of demand; short timing is optimal on breakdown or LPSY.
What makes waiting for a BU after a creek jump safer than entering on breakout?,It confirms support and validates demand—providing a lower-risk long entry.
Why is waiting for a BU after a creek jump safer than entering on breakout?,It confirms support and validates demand—providing a lower-risk long entry.
What timing cue does a lack of AR rally in Accumulation offer?,It suggests weak demand; avoid early long entries until spring or SOS confirms strength.
What timing cue does a lack of AR rally in Accumulation offer?,It suggests weak demand; avoid early long entries until spring or SOS confirms strength.
How does behavior around the midpoint of the TR refine timing?,Consistent failure at midpoint suggests supply is dominant—prepare for short setups.
What way does does behavior around the midpoint of the TR refine timing?,Consistent failure at midpoint suggests supply is dominant—prepare for short setups.
When is a spring considered failed from a timing perspective?,If price cannot reclaim SC zone or retests fail on strength—longs should be avoided.
Under what condition is a spring considered failed from a timing perspective?,If price cannot reclaim SC zone or retests fail on strength—longs should be avoided.
What is the ideal entry condition after a successful LPS?,"A low-volume, shallow reaction followed by wide up-bar provides clear timing for continuation."
What is the ideal entry condition after a successful LPS?,"A low-volume, shallow reaction followed by wide up-bar provides clear timing for continuation."
What if price consolidates tightly below the creek after UT?,It often precedes markdown; short entries are optimal on break or confirmation of LPSY.
What if price consolidates tightly below the creek after UT?,It often precedes markdown; short entries are optimal on break or confirmation of LPSY.
How does volume drying up after a spring signal long entry timing?,It shows sellers are exhausted; breakout or SOS becomes the confirmation trigger.
What way does does volume drying up after a spring signal long entry timing?,It shows sellers are exhausted; breakout or SOS becomes the confirmation trigger.
What makes re-entry after a failed breakout typically higher risk?,It reflects poor demand absorption; wait for proper test or BU before entering again.
Why is re-entry after a failed breakout typically higher risk?,It reflects poor demand absorption; wait for proper test or BU before entering again.
How do multiple failed rallies into resistance strengthen short timing?,They confirm supply is overwhelming—UTAD or LPSY becomes imminent.
What way does do multiple failed rallies into resistance strengthen short timing?,They confirm supply is overwhelming—UTAD or LPSY becomes imminent.
How does a flat LPSY suggest before a markdown?,Lack of demand and clear rejection—short entries have high probability from this level.
What does a flat LPSY suggest before a markdown?,Lack of demand and clear rejection—short entries have high probability from this level.
How can volatility contraction near TR bottom signal spring timing?,It suggests absorption is nearly complete; spring or test entry is imminent.
What way does can volatility contraction near TR bottom signal spring timing?,It suggests absorption is nearly complete; spring or test entry is imminent.
How does a strong rally from ST without testing SC imply for timing?,That demand is aggressive; entries may be timed on next reaction or shallow BU.
What does a strong rally from ST without testing SC imply for timing?,That demand is aggressive; entries may be timed on next reaction or shallow BU.
What makes confirmation volume on breakout more important than breakout itself?,Volume validates commitment; timing without it may lead to premature entries.
Why is confirmation volume on breakout more important than breakout itself?,Volume validates commitment; timing without it may lead to premature entries.
How does an LPS that forms above the midpoint of the range signal?,Strength is dominant; long entries can be timed earlier with less risk.
What does an LPS that forms above the midpoint of the range signal?,Strength is dominant; long entries can be timed earlier with less risk.
How do wide bars with no follow-through after UTAD affect entry timing?,They indicate a trap—ideal for short entries after weak rally or LPSY.
What way does do wide bars with no follow-through after UTAD affect entry timing?,They indicate a trap—ideal for short entries after weak rally or LPSY.
When is it too early to long during a reaccumulation phase?,Before the SOS or BU; structure must prove strength first to time entries reliably.
Under what condition is it too early to long during a reaccumulation phase?,Before the SOS or BU; structure must prove strength first to time entries reliably.
Why should traders monitor volume near TR extremes for timing clues?,Surges or contractions near edges often precede spring or UTAD setups.
Why should traders monitor volume near TR extremes for timing clues?,Surges or contractions near edges often precede spring or UTAD setups.
How does a shallow pullback into BU support ideal trade entry?,It confirms support; continuation longs can be entered with tight risk control.
What way does does a shallow pullback into BU support ideal trade entry?,It confirms support; continuation longs can be entered with tight risk control.
How does an inability to reach AR after SC reveal about early timing?,Weak initial demand; wait for spring or proper SOS before committing to longs.
What does an inability to reach AR after SC reveal about early timing?,Weak initial demand; wait for spring or proper SOS before committing to longs.
How can increasing spread but declining volume warn against long timing?,Effort/result mismatch shows absorption or exhaustion; delay entries.
What way does can increasing spread but declining volume warn against long timing?,Effort/result mismatch shows absorption or exhaustion; delay entries.
What makes timing a second test after failed spring often more reliable?,It confirms absorption completed—strong demand enters on successful retest.
Why is timing a second test after failed spring often more reliable?,It confirms absorption completed—strong demand enters on successful retest.
How does a breakout that immediately tests breakout level with low volume imply?,It’s a successful test; confirms strength and provides precise long entry timing.
What does a breakout that immediately tests breakout level with low volume imply?,It’s a successful test; confirms strength and provides precise long entry timing.
How does a rapid failure after SOS indicate for trade timing?,It suggests the breakout was not supported by demand—long entries should be reconsidered or exited.
What does a rapid failure after SOS indicate for trade timing?,It suggests the breakout was not supported by demand—long entries should be reconsidered or exited.
How can overlapping bars at support after a spring affect timing?,They indicate absorption; breakout or test confirmation offers favorable long timing.
What way does can overlapping bars at support after a spring affect timing?,They indicate absorption; breakout or test confirmation offers favorable long timing.
What makes the midpoint of Phase B crucial for anticipating timing in Phase C?,Rejection or support at midpoint helps anticipate spring or UTAD location for entry signals.
Why is the midpoint of Ph B crucial for anticipating timing in Ph C?,Rejection or support at midpoint helps anticipate spring or UTAD location for entry signals.
How does a wide-spread up-bar during Ph B mislead timing?,It may reflect testing or manipulation—wait for structural confirmation before entry.
What way does does a wide-spread up-bar during Ph B mislead timing?,It may reflect testing or manipulation—wait for structural confirmation before entry.
How does a narrowing rally range near TR top signal in Phase D?,Demand is weakening—entry timing favors shorts after UTAD or LPSY forms.
What does a narrowing rally range near TR top signal in Ph D?,Demand is weakening—entry timing favors shorts after UTAD or LPSY forms.
What makes observing the reaction to AR critical before timing longs?,It confirms whether demand is present; failure to hold suggests SC retest is likely.
Why is observing the reaction to AR critical before timing longs?,It confirms whether demand is present; failure to hold suggests SC retest is likely.
How does a series of small-bodied candles above the creek imply for timing?,It shows hesitation; better to enter long after strength returns or on a BU.
What does a series of small-bodied candles above the creek imply for timing?,It shows hesitation; better to enter long after strength returns or on a BU.
Why does a strong ST with immediate rebound refine accumulation timing?,It may signal demand readiness; long timing is sharpened on next successful test.
Why does a strong ST with immediate rebound refine accumulation timing?,It may signal demand readiness; long timing is sharpened on next successful test.
When should a trader delay long entry after a successful spring?,If volume remains elevated or price hesitates—wait for clean test or SOS.
Under what condition should a trader delay long entry after a successful spring?,If volume remains elevated or price hesitates—wait for clean test or SOS.
What role does effort vs result play in confirming LPSY timing?,Wide effort with weak result signals supply—entry short is validated.
What role does effort vs result play in confirming LPSY timing?,Wide effort with weak result signals supply—entry short is validated.
What makes entry after the first LPS often safer than on the SOS breakout?,The LPS confirms support and tests demand—offering lower-risk long positioning.
Why is entry after the first LPS often safer than on the SOS breakout?,The LPS confirms support and tests demand—offering lower-risk long positioning.
What if a UTAD is followed by higher highs on declining volume?,Distribution may be failing—short entries should be avoided until weakness resumes.
What if a UTAD is followed by higher highs on declining volume?,Dist. may be failing—short entries should be avoided until weakness resumes.
How does a strong AR followed by higher ST imply about spring timing?,That the spring may be unnecessary; long entries could shift toward SOS or BU.
What does a strong AR followed by higher ST imply about spring timing?,That the spring may be unnecessary; long entries could shift toward SOS or BU.
How does holding near resistance with no breakout alter short timing?,It prepares the ground for UT; short timing improves after failed breakout or rejection.
What way does does holding near resistance with no breakout alter short timing?,It prepares the ground for UT; short timing improves after failed breakout or rejection.
How does rejection from the midpoint of the range after spring suggest?,Buyers are struggling—delay longs until clear strength resumes.
What does rejection from the midpoint of the range after spring suggest?,Buyers are struggling—delay longs until clear strength resumes.
What if price rallies out of TR with no clear SOS?,It may be premature or weak—prefer to wait for BU or LPS to confirm continuation before entry.
What if price rallies out of TR with no clear SOS?,It may be premature or weak—prefer to wait for BU or LPS to confirm continuation before entry.
What makes a prolonged BU phase not necessarily bearish for timing?,It can reflect healthy consolidation—entries become ideal on breakout confirmation.
Why is a prolonged BU phase not necessarily bearish for timing?,It can reflect healthy consolidation—entries become ideal on breakout confirmation.
What timing benefit comes from a spring with bullish divergence?,It shows hidden demand; long entry becomes highly favorable on test or reversal.
What timing benefit comes from a spring with bullish divergence?,It shows hidden demand; long entry becomes highly favorable on test or reversal.
What is implied when Phase D rallies cannot exceed prior highs?,Distribution may be ongoing—shorts can be timed on weak follow-through or LPSY.
What is implied when Phase D rallies cannot exceed prior highs?,Distribution may be ongoing—shorts can be timed on weak follow-through or LPSY.
What makes timing longs during descending Phase B dangerous?,The structure is not yet complete; early entries risk spring failure or whipsaw.
Why is timing longs during descending Ph B dangerous?,The structure is not yet complete; early entries risk spring failure or whipsaw.
What if a reaccumulation range shows sharp volatility with no direction?,Absorption is ongoing; wait for SOS and BU to confirm trend before entering.
What if a reaccumulation range shows sharp volatility with no direction?,Absorption is ongoing; wait for SOS and BU to confirm trend before entering.
How does a pullback holding just above the creek improve long entry odds?,It confirms demand control—ideal for entering on breakout continuation.
What way does does a pullback holding just above the creek improve long entry odds?,It confirms demand control—ideal for entering on breakout continuation.
How does a low-volume UT followed by high-volume decline signal?,It confirms supply took over—short entries are validated on any LPSY.
What does a low-volume UT followed by high-volume decline signal?,It confirms supply took over—short entries are validated on any LPSY.
When is timing based on volume climax misleading in TRs?,Climaxes can occur in Phase B without trend follow-through—wait for Phase C structure.
Under what condition is timing based on volume climax misleading in TRs?,Climaxes can occur in Ph B without trend follow-through—wait for Ph C structure.
What makes a shallow LPS reaction more bullish than deep ones?,It shows confident demand—early Ph D entries are favored.
Why is a shallow LPS reaction more bullish than deep ones?,It shows confident demand—early Phase D entries are favored.
How does it mean if price re-enters the TR shortly after a breakout?,The breakout likely failed; wait for a valid BU or reaccumulation before timing long entries.
What does it mean if price re-enters the TR shortly after a breakout?,The breakout likely failed; wait for a valid BU or reaccumulation before timing long entries.
What makes a secondary test after spring often a better timing point than the spring itself?,It confirms absorption with less risk; demand has shown commitment.
Why is a secondary test after spring often a better timing point than the spring itself?,It confirms absorption with less risk; demand has shown commitment.
What timing signal does a quick recovery from below SC offer?,That buyers stepped in aggressively—entry is favorable on the first bullish confirmation bar.
What timing signal does a quick recovery from below SC offer?,That buyers stepped in aggressively—entry is favorable on the first bullish confirmation bar.
What makes it better to short after the LPSY rather than the UTAD in many cases?,LPSY confirms weakness and offers structural validation; UTAD alone may be premature.
Why is it better to short after the LPSY rather than the UTAD in many cases?,LPSY confirms weakness and offers structural validation; UTAD alone may be premature.
How does a series of failed rallies after a UT confirm timing?,They indicate absence of demand; shorts are ideally timed on weak up-bars or breakdown.
What way does does a series of failed rallies after a UT confirm timing?,They indicate absence of demand; shorts are ideally timed on weak up-bars or breakdown.
Why does a failed BU that drops below TR demand caution?,It may signal re-distribution; long entries should be withheld until structure stabilizes again.
Why does a failed BU that drops below TR demand caution?,It may signal re-distribution; long entries should be withheld until structure stabilizes again.
How does a sharp up-move that stalls at the AR high suggest in Accumulation?,It may be a test of resistance or UT; delay longs until a successful JAC and BU.
What does a sharp up-move that stalls at the AR high suggest in Acc.?,It may be a test of resistance or UT; delay longs until a successful JAC and BU.
How does a bullish test bar above the creek strengthen trade timing?,It confirms the breakout; entry can be taken immediately or on next LPS.
What way does does a bullish test bar above the creek strengthen trade timing?,It confirms the breakout; entry can be taken immediately or on next LPS.
What makes timing shorts during early Phase B often risky?,Distribution hasn’t yet confirmed; rallies could still be signs of reaccumulation.
Why is timing shorts during early Phase B often risky?,Distribution hasn’t yet confirmed; rallies could still be signs of reaccumulation.
How does a failed SOS that retraces deeply into the TR affect timing?,It implies supply dominance; long bias should be reconsidered until strength reemerges.
What way does does a failed SOS that retraces deeply into the TR affect timing?,It implies supply dominance; long bias should be reconsidered until strength reemerges.
When is a high-volume breakout bar not a good long entry?,"If it lacks follow-through or closes with a long upper wick, it may be a UT in disguise."
Under what condition is a high-volume breakout bar not a good long entry?,"If it lacks follow-through or closes with a long upper wick, it may be a UT in disguise."
What makes watching for spread contraction after spring helpful for timing?,It shows supply absorption; breakout or bullish bar confirms long entry.
Why is watching for spread contraction after spring helpful for timing?,It shows supply absorption; breakout or bullish bar confirms long entry.
How does clustering of closes just below resistance in Ph C suggest?,Potential for UTAD development—short entries should be considered after rejection.
What does clustering of closes just below resistance in Ph C suggest?,Potential for UTAD development—short entries should be considered after rejection.
What’s the timing significance of a strong SOS closing near high on expanding volume?,It validates demand; enter on next shallow reaction or BU.
What’s the timing significance of a strong SOS closing near high on expanding volume?,It validates demand; enter on next shallow reaction or BU.
How does a gradual descent into SC with declining volume assist timing?,It sets up for a spring—look to enter on low-volume test or immediate reversal.
What way does does a gradual descent into SC with declining volume assist timing?,It sets up for a spring—look to enter on low-volume test or immediate reversal.
What’s the implication of a spring followed by sideways action at higher lows?,It shows support building; long entry becomes favorable on strength bar.
What’s the implication of a spring followed by sideways action at higher lows?,It shows support building; long entry becomes favorable on strength bar.
Why avoid long entries when price repeatedly tests SC with increasing volume?,Supply may not be absorbed; wait for clear spring/test before committing.
Why avoid long entries when price repeatedly tests SC with increasing volume?,Supply may not be absorbed; wait for clear spring/test before committing.
What timing clue does a UTAD followed by a failed rally into midpoint offer?,It confirms rejection of highs—shorts are well-timed on breakdown or weak rally.
What timing clue does a UTAD followed by a failed rally into midpoint offer?,It confirms rejection of highs—shorts are well-timed on breakdown or weak rally.
How does a BU that aligns with prior resistance become a key entry point?,It confirms polarity shift; long entry is favored on hold or bullish continuation.
What way does does a BU that aligns with prior resistance become a key entry point?,It confirms polarity shift; long entry is favored on hold or bullish continuation.
How does a low-volume pullback after a strong AR imply about trade timing?,Demand may be present early; spring may not form—watch for SOS entry opportunity.
What does a low-volume pullback after a strong AR imply about trade timing?,Demand may be present early; spring may not form—watch for SOS entry opportunity.
When is it best to exit longs during Phase D?,If LPSs become weak or volume increases on down-bars—distribution may be starting.
Under what condition is it best to exit longs during Phase D?,If LPSs become weak or volume increases on down-bars—distribution may be starting.
Why does price hesitating at ICE during a rally signal caution?,It may act as hidden resistance—avoid longs until price clears and tests above.
Why does price hesitating at ICE during a rally signal caution?,It may act as hidden resistance—avoid longs until price clears and tests above.
How does the inability to form a proper LPS after SOS suggest?,That the rally lacks support; long entries should be deferred or closed.
What does the inability to form a proper LPS after SOS suggest?,That the rally lacks support; long entries should be deferred or closed.
How does bar overlap near a TR top refine UTAD timing?,It shows reduced upward thrust; short entries become optimal as rejection forms.
What way does does bar overlap near a TR top refine UTAD timing?,It shows reduced upward thrust; short entries become optimal as rejection forms.
What if a ST forms at the same level as the SC?,No spring is occurring; timing long trades requires SOS confirmation instead.
What if a ST forms at the same level as the SC?,No spring is occurring; timing long trades requires SOS confirmation instead.
Why does a spring that fails to rally above AR signal timing risk?,It suggests demand is not yet dominant; better to wait for a confirmed test or SOS.
Why does a spring that fails to rally above AR signal timing risk?,It suggests demand is not yet dominant; better to wait for a confirmed test or SOS.
How does a sudden expansion in volume during a BU test imply for timing?,It may indicate supply entering; delay long entries until volume subsides.
What does a sudden expansion in volume during a BU test imply for timing?,It may indicate supply entering; delay long entries until volume subsides.
How does a test that holds above SC with narrow spread improve entry timing?,It confirms successful absorption—longs can be timed on next bullish confirmation.
What way does does a test that holds above SC with narrow spread improve entry timing?,It confirms successful absorption—longs can be timed on next bullish confirmation.
How does failure to break out after multiple SOS attempts imply?,That demand is being absorbed; timing long trades should pause until a new test confirms strength.
What does failure to break out after multiple SOS attempts imply?,That demand is being absorbed; timing long trades should pause until a new test confirms strength.
What makes a swift rejection from TR highs during Phase C significant for shorts?,It often signals a UTAD; timing shorts on the next LPSY becomes favorable.
Why is a swift rejection from TR highs during Phase C significant for shorts?,It often signals a UTAD; timing shorts on the next LPSY becomes favorable.
How does a rising volume pattern with declining progress during markup indicate?,Effort/result divergence; exit or delay long entries as supply may be entering.
What does a rising volume pattern with declining progress during markup indicate?,Effort/result divergence; exit or delay long entries as supply may be entering.
What makes timing critical after a spring with immediate wide-range up-bar?,It confirms intent; early entries on follow-through can capture momentum with low risk.
Why is timing critical after a spring with immediate wide-range up-bar?,It confirms intent; early entries on follow-through can capture momentum with low risk.
How does it mean if price consolidates above the creek after a breakout?,It indicates strength; long entry is well timed on the BU or next LPS.
What does it mean if price consolidates above the creek after a breakout?,It indicates strength; long entry is well timed on the BU or next LPS.
When does a UT fail to signal short entry?,If price holds above resistance and volume declines on reactions—structure may still be bullish.
Under what condition does a UT fail to signal short entry?,If price holds above resistance and volume declines on reactions—structure may still be bullish.
How can you time a spring when price never undercuts SC?,"If price tests near SC on low volume and rebounds with strength, spring timing is still valid."
What way does can you time a spring when price never undercuts SC?,"If price tests near SC on low volume and rebounds with strength, spring timing is still valid."
What makes observing volume on LPS more important than price action alone?,Low volume confirms supply absence; increases timing accuracy for long entries.
Why is observing volume on LPS more important than price action alone?,Low volume confirms supply absence; increases timing accuracy for long entries.
What if a UTAD fails to trigger follow-through breakdown?,It may evolve into reaccumulation; short timing should be canceled or reversed.
What if a UTAD fails to trigger follow-through breakdown?,It may evolve into reaccumulation; short timing should be canceled or reversed.
How does timing change if the first LPS in Phase D shows high volume?,Supply may still be present; delay long entries until volume contracts on the next LPS.
What way does does timing change if the first LPS in Phase D shows high volume?,Supply may still be present; delay long entries until volume contracts on the next LPS.
Why does overlapping price action just above AR suggest entry hesitation?,It indicates demand may be struggling; wait for SOS or BU to confirm direction.
Why does overlapping price action just above AR suggest entry hesitation?,It indicates demand may be struggling; wait for SOS or BU to confirm direction.
What’s the risk of entering on an early SOS that closes with upper wick?,It may reflect selling into strength; better to wait for a successful BU test.
What’s the risk of entering on an early SOS that closes with upper wick?,It may reflect selling into strength; better to wait for a successful BU test.
When does a BU fail despite a successful JAC?,"If volume is high on the BU and price closes weakly, supply may be dominating—delay longs."
Under what condition does a BU fail despite a successful JAC?,"If volume is high on the BU and price closes weakly, supply may be dominating—delay longs."
What timing clue is offered by repeated failures to break TR midpoint in Phase B?,Price may be preparing for spring; entries should wait for Phase C confirmation.
What timing clue is offered by repeated failures to break TR midpoint in Phase B?,Price may be preparing for spring; entries should wait for Phase C confirmation.
Why does a wide-range down-bar after a weak LPSY confirm short timing?,It confirms supply control—entry on breakdown or weak retest is ideal.
Why does a wide-range down-bar after a weak LPSY confirm short timing?,It confirms supply control—entry on breakdown or weak retest is ideal.
How does a failed attempt to reclaim ICE during Phase D imply?,Redistribution is confirmed; short entries on next LPSY are strongly favored.
What does a failed attempt to reclaim ICE during Ph D imply?,Redistribution is confirmed; short entries on next LPSY are strongly favored.
What if price rallies after a spring but stalls below AR level?,It shows limited demand; long timing should wait for SOS or retest confirmation.
What if price rallies after a spring but stalls below AR level?,It shows limited demand; long timing should wait for SOS or retest confirmation.
What makes a deep pullback after a breakout not always bearish?,"If volume is low and price holds above the TR, it's a normal test—entry on next bullish bar is valid."
Why is a deep pullback after a breakout not always bearish?,"If volume is low and price holds above the TR, it's a normal test—entry on next bullish bar is valid."
How does a spring that quickly rallies above resistance affect timing?,It may be a jump to Phase E; entries should be made immediately or on minor pullbacks.
What way does does a spring that quickly rallies above resistance affect timing?,It may be a jump to Phase E; entries should be made immediately or on minor pullbacks.
How does persistent low-volume testing of TR highs suggest about timing?,Demand is building; breakout and BU become prime long entry zones.
What does persistent low-volume testing of TR highs suggest about timing?,Demand is building; breakout and BU become prime long entry zones.
What if price forms a UTAD but doesn’t decline meaningfully afterward?,The pattern may be invalid; short timing should be avoided unless supply reappears.
What if price forms a UTAD but doesn’t decline meaningfully afterward?,The pattern may be invalid; short timing should be avoided unless supply reappears.
What is the value of a low-volume BU that respects prior resistance?,It confirms polarity; long entries can be timed precisely on continuation setups.
What is the value of a low-volume BU that respects prior resistance?,It confirms polarity; long entries can be timed precisely on continuation setups.
How does a narrow-range bar after a wide SOS bar suggest for timing?,It often signals a bullish test; long entry can be timed on the next strength bar.
What does a narrow-range bar after a wide SOS bar suggest for timing?,It often signals a bullish test; long entry can be timed on the next strength bar.
What makes the first LPS after price reclaims the SC zone important for timing?,It confirms demand strength and validates long entry with low risk.
Why is the first LPS after price reclaims the SC zone important for timing?,It confirms demand strength and validates long entry with low risk.
What timing signal is given when a UT fails to close above TR resistance?,Supply dominance is likely; short entries can be timed near the UT rejection.
What timing signal is given when a UT fails to close above TR resistance?,Supply dominance is likely; short entries can be timed near the UT rejection.
Why should traders avoid timing longs during a reaction to a weak SOS?,The move may lack conviction; better to wait for LPS or successful BU.
Why should traders avoid timing longs during a reaction to a weak SOS?,The move may lack conviction; better to wait for LPS or successful BU.
How does a spring followed by a low-volume test near midpoint of TR imply?,Supply is absorbed; long timing improves significantly on next up-move.
What does a spring followed by a low-volume test near midpoint of TR imply?,Supply is absorbed; long timing improves significantly on next up-move.
How does a sharp rally failing near the AR level impact trade timing?,It suggests resistance remains strong; long entries should be withheld.
What way does does a sharp rally failing near the AR level impact trade timing?,It suggests resistance remains strong; long entries should be withheld.
What makes a spring with increasing volume but no follow-through a caution signal?,It may reflect absorption failure; wait for a test before entering.
Why is a spring with increasing volume but no follow-through a caution signal?,It may reflect absorption failure; wait for a test before entering.
When is a UTAD more likely to fail as a short entry signal?,If follow-through is weak and price reclaims resistance with strength.
Under what condition is a UTAD more likely to fail as a short entry signal?,If follow-through is weak and price reclaims resistance with strength.
How does a failed LPSY that breaks back above midpoint of the TR suggest?,Redistribution may be breaking down—short timing becomes invalid.
What does a failed LPSY that breaks back above midpoint of the TR suggest?,Redistribution may be breaking down—short timing becomes invalid.
How does the shape of a BU affect its reliability for entry timing?,Flat and narrow BU structures are more reliable; steep or volatile BUs may be unstable.
What way does does the shape of a BU affect its reliability for entry timing?,Flat and narrow BU structures are more reliable; steep or volatile BUs may be unstable.
What makes waiting for confirmation after the initial SOS breakout prudent?,Initial breakouts can be traps; confirmation ensures demand has truly taken control.
Why is waiting for confirmation after the initial SOS breakout prudent?,Initial breakouts can be traps; confirmation ensures demand has truly taken control.
What happens if a TR holds support but shows lower highs repeatedly?,It may set up a spring; wait for absorption signs before timing longs.
What happens if a TR holds support but shows lower highs repeatedly?,It may set up a spring; wait for absorption signs before timing longs.
What makes price clustering above AR significant in timing reaccumulation trades?,It signals strength and stability; BU becomes a prime long entry level.
Why is price clustering above AR significant in timing reaccumulation trades?,It signals strength and stability; BU becomes a prime long entry level.
How does a ST forming at the same level as SC without follow-up rally imply?,It shows lack of demand; delay entry until proper spring or test.
What does a ST forming at the same level as SC without follow-up rally imply?,It shows lack of demand; delay entry until proper spring or test.
What timing cue does increasing volume into a resistance zone offer?,It can signal UT risk; wait for price rejection before entering shorts.
What timing cue does increasing volume into a resistance zone offer?,It can signal UT risk; wait for price rejection before entering shorts.
How does repeated low-volume rejection from ICE in redistribution indicate?,Sellers dominate; shorts can be timed at next LPSY or breakdown.
What does repeated low-volume rejection from ICE in redistribution indicate?,Sellers dominate; shorts can be timed at next LPSY or breakdown.
How does time spent in a tight range near TR bottom help anticipate spring timing?,It suggests absorption and pressure buildup—spring is likely to follow.
What way does does time spent in a tight range near TR bottom help anticipate spring timing?,It suggests absorption and pressure buildup—spring is likely to follow.
What is the implication of a bullish bar after a failed breakdown below TR?,It may be a shakeout; long entries are valid on confirmation or test.
What is the implication of a bullish bar after a failed breakdown below TR?,It may be a shakeout; long entries are valid on confirmation or test.
Why avoid timing entries during volatility spikes in Phase B?,"These often represent testing, not trend shifts—wait for Phase C clarity."
Why avoid timing entries during volatility spikes in Phase B?,"These often represent testing, not trend shifts—wait for Phase C clarity."
How does a high-volume BU with shallow follow-through tell us?,It may lack real demand; better to enter after a successful test.
What does a high-volume BU with shallow follow-through tell us?,It may lack real demand; better to enter after a successful test.
Why does overlapping price action near UT highs confirm timing for shorts?,It shows buyers are exhausted; short timing becomes reliable on breakdown.
Why does overlapping price action near UT highs confirm timing for shorts?,It shows buyers are exhausted; short timing becomes reliable on breakdown.
When is a second spring more trustworthy than the first?,When it forms with less volume and cleaner price rejection—absorption is proven.
Under what condition is a second spring more trustworthy than the first?,When it forms with less volume and cleaner price rejection—absorption is proven.
How does a quick test of the breakout zone after SOS indicate?,That buyers defended the level; long timing is favored immediately after the test.
What does a quick test of the breakout zone after SOS indicate?,That buyers defended the level; long timing is favored immediately after the test.
How does a failed AR retest in Phase A help anticipate timing for spring?,It shows demand hasn't returned—watch for Phase C spring as the next valid entry.
What way does does a failed AR retest in Phase A help anticipate timing for spring?,It shows demand hasn't returned—watch for Phase C spring as the next valid entry.
What makes observing reaction strength after JAC useful for timing?,A shallow reaction confirms demand; long entry is justified at BU or LPS.
Why is observing reaction strength after JAC useful for timing?,A shallow reaction confirms demand; long entry is justified at BU or LPS.
What does SC stand for in Wyckoff’s method?,"SC stands for Selling Climax, which marks the end of aggressive selling and usually initiates Phase A of Accumulation."
What is AR in Wyckoff Accumulation?,"AR stands for Automatic Rally, a sharp rebound following the SC due to exhaustion of selling pressure."
Which event typically follows a Selling Climax?,An Automatic Rally (AR) usually follows a SC due to short covering and reduced supply.
What phase includes the Spring in Accumulation?,"Phase C includes the Spring, which tests the market’s supply with a false breakdown below support."
What is the significance of Phase A in the Wyckoff cycle?,Phase A stops the previous trend and often includes PS (Preliminary Support) and SC (Selling Climax).
When does a Spring provide a trade entry?,"After a successful Spring and low-volume test in Phase C, indicating supply has been absorbed."
"In Wyckoff, what is the purpose of a Secondary Test (ST)?",ST checks whether selling pressure remains after SC or AR and defines the range.
What phase is characterized by building a cause in Wyckoff Accumulation?,Phase B is where accumulation occurs and the composite operator absorbs supply.
What event marks the transition from Phase C to Phase D?,A Sign of Strength (SOS) confirms the test is successful and demand is dominant.
What does SOS stand for?,"SOS means Sign of Strength, a bullish move with wide spread and volume indicating demand dominance."
What does LPS mean in Wyckoff?,"LPS is the Last Point of Support, a reaction on low volume confirming prior strength (usually in Phase D)."
What does UTAD refer to?,"Upthrust After Distribution, a false breakout above resistance during Phase C in a distribution structure."
Which event in Distribution mimics Spring from Accumulation?,"UTAD is the bearish counterpart to Spring, signaling a trap before markdown."
What phase comes before markup begins in Accumulation?,Phase D leads to Phase E where actual markup begins.
How can you distinguish Phase C in Reaccumulation?,Look for a Spring or test near support followed by SOS to signal the end of accumulation.
What happens in Phase E of the Wyckoff cycle?,Price trends strongly out of the trading range — either markup (Accumulation) or markdown (Distribution).
What’s the danger of trading before Phase C is complete?,"Spring or UTAD traps may occur, leading to false breakouts and failed trades."
What’s the function of Preliminary Supply (PSY) in Distribution?,"It represents the first resistance to price advance, suggesting strong hands are unloading."
What phase includes LPSY in Distribution?,LPSY typically appears in Phase D and signals a test of weakness before the markdown.
What does CHoCH mean?,"CHoCH stands for Change of Character, marking a shift in price behavior from trending to range or vice versa."
What event initiates Phase A in Accumulation?,The Preliminary Support (PS) initiates Phase A by signaling the first attempt to halt the prior downtrend.
How does SC differ from ST in Wyckoff Accumulation?,"SC marks the climax of selling with panic, while ST retests that area with reduced volume to confirm support."
What follows the SC in a typical Accumulation phase?,An Automatic Rally (AR) usually follows SC due to the exhaustion of selling and short covering.
What does the ST test during Accumulation?,The ST tests the supply level after SC and confirms whether the downtrend has stopped.
In which phase do we usually see multiple STs?,Phase B often has multiple Secondary Tests as part of building the cause.
What is the primary purpose of Phase B?,Phase B is used to absorb supply and establish a cause for a future markup.
How does Phase C confirm the readiness for markup?,Phase C features a Spring or test to verify that supply is exhausted before price markup begins.
What makes a Spring a bullish signal?,"A Spring involves a false breakdown below support followed by a quick recovery, trapping bears."
What comes after a successful Spring in Phase C?,"A Sign of Strength (SOS) often follows a Spring, confirming demand dominance."
What does LPS represent in Phase D?,"LPS is the Last Point of Support, indicating a pullback on low volume after strength confirmation."
What is the role of BU in Accumulation?,BU (Back-Up) is a retest of resistance turned support before the price continues its markup.
What defines Phase E of Accumulation?,"Phase E features a strong markup with successive SOS and LPS patterns, confirming the uptrend."
What’s the difference between a test and a Spring?,"A test may retest support levels, while a Spring breaks below support to trap weak holders."
Why is a low-volume Spring favorable?,"Low volume suggests selling pressure is absent, making it safer for demand to take over."
What marks the end of Accumulation?,The emergence of Phase E with higher highs and higher lows confirms the end of Accumulation.
What is the primary trade entry in Accumulation?,The best entry is often after a successful Spring and test in Phase C.
How is CHoCH used in Wyckoff?,"CHoCH (Change of Character) marks a shift in price behavior, indicating entry or exit timing."
What is PSY in Distribution?,Preliminary Supply is the first indication that large operators are beginning to sell.
How does BC function in Distribution?,Buying Climax (BC) signals the peak of the uptrend with large public buying absorbed by professionals.
What is AR in Distribution?,AR (Automatic Reaction) is a sharp drop after BC due to reduced demand and initial selling pressure.
How does ST appear in Distribution?,ST retests the highs set by BC to confirm whether demand is still present.
What is UT in Distribution?,"Upthrust (UT) is a false breakout above resistance, signaling potential weakness and manipulation."
When does UTAD occur?,Upthrust After Distribution (UTAD) happens in Phase C as a final trap before markdown.
What confirms the markdown phase in Distribution?,A Major Sign of Weakness (MSOW) in Phase D confirms bearish control.
What does LPSY indicate?,Last Point of Supply marks the final rally attempt before continued markdown in Phase D or E.
What phase typically contains UTAD?,Phase C of Distribution often includes UTAD as a final bull trap.
What pattern mirrors Spring but in a bearish context?,"UTAD is the bearish analog to Spring, designed to trap breakout buyers."
When should short positions be initiated in Distribution?,After MSOW or LPSY in Phase D is ideal for bearish entries.
What is the danger of shorting during Phase B?,The structure may still evolve into Reaccumulation rather than Distribution.
What marks the start of Phase A in Distribution?,"PSY and BC signal the beginning of Phase A, halting the uptrend."
What role does ICE play in Distribution?,ICE is the support level; breaking it confirms weakness.
How do you distinguish Redistribution from full Distribution?,"Redistribution occurs during a downtrend and may resume decline, while full Distribution starts a new downtrend."
What is the difference between LPS and LPSY?,"LPS (support) appears in Accumulation, LPSY (supply) in Distribution."
What does a failed Spring suggest?,It may signal that demand is still weak and more consolidation is needed.
When is the ideal entry in Reaccumulation?,After a successful test or SOS in Phase D confirms the trend continuation.
How is Phase C identified without a Spring?,Look for a test near support with low volume that still leads to a SOS.
Why is Phase B tricky for trade entries?,The market is range-bound with no clear breakout or breakdown direction.
What happens during Phase D of Redistribution?,"A Sign of Weakness (SOW) breaks support, confirming downtrend continuation."
What does a Spring fail mean in practice?,"It means price breaks support but doesn't recover, leading to breakdown."
What’s the difference between SC and PS?,PS is the early attempt to halt a decline; SC is the climax that ends it.
What is a Shakeout?,A terminal Spring that causes deep penetration of support followed by a quick reversal.
What does TSO mean in Wyckoff?,"TSO stands for Terminal Shakeout, an intense Spring with rapid recovery."
When is the most aggressive long entry made?,After a Spring in Phase C with low volume on the test.
What defines a weak UTAD?,A breakout above resistance with low volume followed by failure to hold gains.
Why are Spring and SOS important together?,"They signal completion of testing and strength dominance, ideal for entry."
What does SOS signal to traders?,That buyers are in control and price is ready to trend upward.
What phase is the danger zone for false breakouts?,Phase C often contains traps like Springs or UTADs.
How can volume confirm a Spring?,Low volume on the Spring test suggests selling has dried up.
What is the “Creek” in Wyckoff terms?,A visual resistance level that is crossed during an SOS.
What does jumping the Creek indicate?,A bullish breakout confirming control by demand.
How does a Back-Up (BU) differ from LPS?,BU is the final pullback after a breakout; LPS comes before breakout.
What causes a BU to fail?,High volume and deep retracement suggest lingering supply.
What is the key confirmation after a UTAD?,A quick rejection and MSOW validate Distribution.
How do professionals mislead the public in Phase C?,Through false breakouts (UTAD) or breakdowns (Spring) to trap traders.
How is volume used in timing exits?,Climactic volume at LPSY or SOW often signals trend acceleration.
What does SOW mean?,Sign of Weakness — a bearish breakdown with wide spread and volume.
What is the Composite Man trying to achieve with a Spring?,To absorb remaining supply and mislead the public for better entry.
What’s the opposite of SOS in a bearish context?,SOW — it marks clear selling pressure and trend continuation.
When does demand clearly dominate?,In Phase D after a successful Spring and strong SOS.
What does Phase E look like on the chart?,A strong trend with no return to the prior trading range.
How is a bull trap set in Wyckoff?,"Through UT or UTAD, which lure buyers before sharp markdowns."
What does the term “Jump Across the Creek” (JAC) refer to?,The bullish breakout over resistance after Spring or SOS.
What is CHoCH used for in trade timing?,"It signals trend transitions, useful for anticipating entries and exits."
How do you know Phase B is ending?,Volatility narrows and tests show little supply or demand left.
Why are LPSY entries dangerous in early Distribution?,Because Distribution might not yet be confirmed; price can re-enter range.
When do you use a low-volume test as confirmation?,After a Spring or UTAD to validate the lack of opposing pressure.
What does a Spring test aim to detect?,If sellers are still present or have exited the market.
What distinguishes Accumulation from Reaccumulation?,"Accumulation starts a trend, while Reaccumulation continues it mid-trend."
What happens when a Spring fails?,"Price continues falling, invalidating the bullish setup."
Why do professionals use a UTAD?,To trap breakout buyers and distribute remaining holdings.
How does Phase C in Redistribution differ from Accumulation?,"Instead of a Spring, it may show failure to rally or a weak bounce."
When is a markup phase confirmed?,When a SOS occurs after a successful Spring and price makes higher highs.
What does “Test of Supply” mean?,A price movement checking if sellers will reappear near support.
What marks the change from Accumulation to Markup?,The completion of Phase D and breakout in Phase E.
What is meant by “Cause” in Wyckoff?,The effort or preparation phase (like Accumulation) before a directional move.
How do Point & Figure charts aid timing?,They help estimate the potential effect (target) based on the cause.
What is a common entry trap in Distribution?,A UTAD that breaks resistance and quickly reverses.
What does “Effort vs. Result” tell you about timing?,"If effort (volume) doesn’t match result (price), a reversal may be near."
When is Phase A considered complete?,When the SC or BC is followed by an AR and ST that defines the range.
Why does Wyckoff advise waiting for Phase C?,Because this phase confirms whether the structure will succeed or fail.
When do you expect a major breakout?,Usually after Phase D ends and Phase E begins.
What makes Reaccumulation difficult to trade?,It resembles Distribution and lacks clear PS/SC signals.
Why should you be cautious in Phase B?,False breakouts and tests confuse direction before the real move.
What event signals that buyers are exhausted?,A Buying Climax (BC) followed by AR and ST.
What happens when price breaks above resistance in Phase D of Accumulation?,It confirms demand control and begins Phase E with a bullish trend.
How does a failed UTAD affect Distribution timing?,It suggests strength is still present and may delay or invalidate the markdown.
What is the earliest reliable entry point in a Wyckoff cycle?,The Spring test in Phase C of Accumulation is often the earliest safe long entry.
What phase is best for aggressive shorts in Redistribution?,Phase D after MSOW is the ideal time for initiating short trades.
Why is it important to wait for Phase C before trading?,Phase C includes tests that confirm or reject the structure's direction.
How does Phase B differ in Reaccumulation versus Accumulation?,"Reaccumulation's Phase B is shorter and lacks clear PS/SC, as trend is already up."
What does a low-volume LPS suggest?,It indicates supply is absorbed and demand may be ready to drive prices higher.
Why is SOS in Phase D a strong confirmation?,Because it shows buyers dominating with wide price spread and increasing volume.
What confirms that Phase A has ended in Accumulation?,A Secondary Test (ST) on low volume that holds near SC confirms transition into Phase B.
What is the risk of trading during Phase A?,"Trend may not have reversed yet, making entries premature and risky."
How does volume behavior shift across phases in Accumulation?,"High in Phase A, mixed in B, falls in C, and rises in D and E as demand dominates."
What does a BU after a SOS indicate?,That the market is likely testing for supply before a larger markup.
What’s the timing value of an LPSY?,It signals fading demand and is often the last point to short before markdown.
Why is a terminal shakeout significant?,It flushes out remaining sellers and creates ideal conditions for markup.
What characterizes a test after a Spring?,"Lower volume and reduced spread, showing sellers are no longer active."
What happens if Phase C in Accumulation has no Spring?,Other forms of low-volume tests serve as supply confirmation before markup.
Why should you not short during early Redistribution?,Because the structure may evolve into Reaccumulation instead of breakdown.
What’s a key sign that Phase B is ending?,Volatility contracts and price prepares to test prior boundaries (Spring/UTAD).
What is an AR in the context of Phase A of Distribution?,"Automatic Reaction following BC, defining the lower range boundary."
What typically confirms a Phase D in Redistribution?,A clear SOW with volume and price spread to the downside.
How does UT differ from UTAD?,UT occurs in Phase B as a minor trap; UTAD is in Phase C and confirms Distribution.
Why is Phase C important in Reaccumulation?,It validates that supply is absorbed and trend continuation is probable.
What does SOS stand for in Wyckoff?,Sign of Strength — a rally on increased volume confirming demand dominance.
How does a trader identify the start of a Reaccumulation?,By spotting a range forming in an existing uptrend with signs of absorption.
When is a Spring considered valid?,When it is followed by a low-volume test and a rally (SOS).
What type of order flow confirms a Spring test?,Low selling pressure and inability to drive price lower confirm absorption.
What event usually marks the end of Phase C?,Either a Spring + test (Accumulation) or UTAD (Distribution).
What happens if there's no Spring in a trading range?,Price may still move higher after a test if supply is confirmed to be absent.
What is the structure after Spring but before breakout called?,Phase D — a bullish trend within the prior trading range.
What does the term “markup” refer to?,The uptrend that follows successful Accumulation or Reaccumulation.
How is Phase E identified visually?,By a clear breakout from the range with higher highs and strong demand.
What does SC indicate in price action?,A sharp drop and climax in volume suggesting sellers are exhausted.
How does a point-and-figure (P&F) count assist trade timing?,It helps estimate the price target based on the cause built during the range.
Why is AR important in both Accumulation and Distribution?,It helps define the trading range by showing where opposing pressure appears.
What happens after an Upthrust fails to continue higher?,"It may revert quickly back into the range, signaling weakness and trap."
What does “last point of supply” mean in Wyckoff?,It’s the final lower high in Distribution before markdown continues.
What phase typically ends with a breakout or breakdown?,Phase D — it transitions into Phase E with a strong directional move.
How do pros use Phase B to their advantage?,They absorb supply without revealing their true intentions through volatility.
What happens if price retests Spring and fails again?,It invalidates the bullish case and may extend the trading range.
How does Phase C differ between Accumulation and Distribution?,In Accumulation it features Spring; in Distribution it features UTAD.
Why is CHoCH a useful timing tool?,It helps detect early shifts in market character that precede a new phase.
What does “jumping the Creek” signal to traders?,It means price has overcome resistance and confirms the markup.
What is the opposite of jumping the Creek in Distribution?,Breaking the ICE — a bearish move below support confirming markdown.
Why is a wide spread up bar on high volume not always bullish?,"If price closes mid-bar or lower, it may show absorption, not strength."
What is the best time to exit longs in Wyckoff?,Near the Buying Climax or in Phase C of Distribution after UTAD forms.
How can a trader confirm a Reaccumulation is underway?,If price holds above support after weak reactions and rallies on strength.
What does BC stand for in Wyckoff?,Buying Climax — marks end of uptrend with public buying absorbed by pros.
What is the function of PS in Accumulation?,Preliminary Support signals large buying interest and potential trend change.
Why is UTAD a dangerous trap for breakout traders?,"Because it mimics a breakout, then quickly fails and reverses."
How does a test after UTAD confirm weakness?,If price fails to rally and volume remains high on down moves.
What does a Spring fail indicate to a Wyckoff trader?,"That supply is not absorbed, and a breakdown is more likely."
Why is “cause” so essential to trade timing?,"Because without sufficient cause, a trend won’t have the strength to continue."
How does Wyckoff define a “trend out of range”?,Phase E — it shows the market has moved beyond the range boundaries.
What timing risk exists during Phase A?,False bottoms or tops can mislead traders into early entries.
What makes LPSY a high-probability short entry?,It often comes after confirmed weakness and rallies on low volume.
What makes Phase D key for both directions?,It confirms trend direction — bullish after SOS or bearish after MSOW.
What marks the difference between SC and Spring?,SC ends the initial decline; Spring is a later test of supply in the range.
Why is ST important in Phase A?,It helps confirm whether the selling climax was effective in stopping supply.
What characterizes Phase B of Accumulation?,"Multiple tests, volatility, and no clear trend while pros accumulate."
How do pros mislead in Phase C?,By using Springs or UTADs to create fake breakouts or breakdowns.
What is the key feature of MSOW?,A sharp drop that confirms Phase D in Redistribution or Distribution.
When is the best time to take partial profits in a long trade?,"After SOS and before BU, where minor pullbacks may occur."
How is Shakeout different from Spring?,"Shakeout is more violent and deeper, often designed to clean out more weak hands."
What role does AR play in Reaccumulation?,"It sets the lower boundary of the range, just like in primary Accumulation."
What’s the risk of interpreting UT as UTAD?,"UT occurs in Phase B and may lead to more testing, while UTAD signals a top."
When does demand fully dominate a Wyckoff structure?,"In Phase E, after the breakout and confirmation via strong SOS/LPS sequences."
Why does Wyckoff emphasize observing volume with price?,Because volume reveals the intent behind price moves — effort vs. result.
What is a common mistake during Accumulation?,Entering trades too early in Phase A or before confirmation of Phase C.
What is the key characteristic of a good test?,Low volume and narrow spread showing little opposition to trend direction.
Why is the Spring in Phase C often quick and sharp?,To trap traders and absorb liquidity before the actual move begins.
What separates weak Springs from valid ones?,Weak Springs don't recover back into the range or lack follow-through strength.
How can you spot a false SOS?,"If volume is low or spread narrows significantly, it may be a trap, not strength."
What does the term “markup” mean in Wyckoff?,"A sustained uptrend driven by demand, usually after Accumulation."
What does ICE stand for in Wyckoff?,It’s the key support level in Distribution or Redistribution structures.
What’s the effect of low volume on a rally in Distribution?,It suggests weak demand and potential reversal — not strength.
Why do some Springs not lead to markups?,Because supply hasn’t been fully absorbed or the test failed.
How do Wyckoff traders estimate price targets?,Using P&F charts to count the cause and project the effect.
What does BU signify before a markup?,It’s the last pullback and test of demand before a strong trend begins.
What is the difference between SOW and MSOW?,"MSOW is a more significant drop after UTAD, while SOW may appear earlier or smaller."
Why does Wyckoff say timing is contextual?,Because entry and exit points depend on identifying which phase the market is in.
What does an LPSY test in Redistribution show?,That supply remains active and price is ready to resume downward.
What happens if a UTAD has no follow-through?,It weakens the bearish case and may suggest reaccumulation.
How do you know a Spring is being confirmed?,Price rallies with widening spread and volume after test.
When does CHoCH occur in Accumulation?,"Between Phase A and B, and again between Phase C and D, signaling structural shifts."
Why are BUECs ideal long entries?,They confirm strength and offer a pullback before a Phase E markup.
What’s the benefit of recognizing a BU early?,It allows entry before markup accelerates in Phase E.
Why do strong hands allow UTADs to happen?,To trap late buyers and exit positions at premium prices.
How does a trader recognize that Phase B is transitioning to Phase C?,Reduced volatility and volume suggest preparation for a final test or Spring.
"What makes the Spring a high-risk, high-reward setup?","It’s countertrend and fast-moving, but offers early positioning before markup."
Why should weak rallies in Phase B be treated cautiously?,They may be UTs or temporary strength before a bearish breakdown.
What signals that the path of least resistance is now up?,A successful test in Phase C and a strong SOS in Phase D.
What does a minor SOW indicate in Distribution?,A brief weakness test that may or may not evolve into MSOW.
How is the UTAD different from UT in terms of structure?,"UTAD is decisive and usually ends Phase C, while UT is exploratory in Phase B."
What is the usual consequence of a failed UTAD?,It confirms Distribution and signals short entry opportunities.
When is a test after a Spring considered invalid?,If volume spikes or price closes below the Spring low.
How does Phase D in Accumulation help time entries?,It confirms demand dominance through SOS and LPS behavior.
What is the “back-up to the edge of the Creek”?,"A pullback after a breakout, retesting resistance as new support."
What kind of test confirms supply is gone?,A low-volume reaction that fails to make a lower low.
What does it mean if price breaks the ICE with high volume?,That markdown is confirmed and supply controls the market.
What is the best risk-reward entry in Accumulation?,"After a Spring + test in Phase C, just before SOS begins."
Why should traders avoid chasing price in Phase E?,Much of the move has occurred; pullbacks are limited and riskier.
What’s a common trap in Phase C of Accumulation?,Entering before the Spring or test confirms demand absorption.
When does PSY appear in Distribution?,As the first sign that selling pressure is increasing after an extended uptrend.
Why is a wide range bar on low volume concerning?,It suggests no follow-through and possible exhaustion of the move.
What confirms a Spring over just a normal dip?,A quick reversal and strong SOS following the low.
What defines a healthy markup after Accumulation?,A sequence of SOS and LPS with volume rising on up moves.
What is the role of AR after SC?,It sets the upper boundary of the trading range and reveals demand strength.
When does a trend reversal begin in Wyckoff terms?,"Usually at Phase A with PS and SC or PSY and BC, depending on the cycle."
How can CHoCH be used in a trading system?,To automate detection of transitions between trending and ranging phases.
What defines the start of a Redistribution pattern?,A trading range forming after a downtrend with signs of renewed supply.
What does MSOW signal in a trading range?,The market is ready to trend down as supply overtakes demand.
What is the purpose of multiple STs in Phase B?,To test both ends of the range and gauge the level of supply or demand.
Why are upthrusts risky for long positions?,They often signal Distribution and can reverse sharply.
What confirms that a test in Phase C failed?,Price does not hold above support and volume rises on down moves.
What defines a successful LPS in Phase D?,A shallow pullback on low volume followed by renewed strength.
Why is the Creek important in Accumulation?,It represents resistance; crossing it confirms bullish intent.
What happens if price can’t jump the Creek?,Accumulation may fail or need more time in the range.
Why does Wyckoff discourage early entries in Phase A?,"The previous trend may still be dominant, risking premature trades."
When is a bullish reversal confirmed in Wyckoff?,"After a Spring and SOS, signaling demand has overcome supply."
What differentiates SC from AR?,SC is a panic low; AR is the relief rally that follows after supply dries up.
How can you identify the end of Phase B?,"Price compresses, tests become shallow, and volume declines ahead of Phase C."
Why is timing after Phase C ideal for trade entries?,Because confirmation has occurred and breakout is near.
How can point-and-figure counts aid exits?,They provide logical targets for where markup or markdown may terminate.
What is the difference between Phase D and Phase E?,Phase D is still within the range; Phase E breaks out of the range entirely.
Why does a failed Spring cause confusion?,"Because price breaks support but doesn’t reverse, contradicting bullish expectations."
How can you use ST to determine timing bias?,"If ST holds above SC and shows low volume, supply is likely absorbed."
What separates BUEC from LPS?,"BUEC is post-breakout, LPS is within the range but confirms support."
What does a Spring + SOS + BU sequence imply?,"That markup is likely, and demand is fully in control."
What happens if price rallies without a clear SOS?,It may be a false move lacking strong participation.
What is the trader’s goal in identifying Phase C?,To catch the test and enter before the trend begins in Phase D/E.
Why is Volume Spread Analysis (VSA) useful in Wyckoff?,It helps identify effort/result discrepancies confirming absorption or weakness.
What marks Phase E in Redistribution?,A breakdown below support with no return to the prior range.
What’s the main characteristic of Distribution Phase A?,PSY and BC form the high with strong volume and public buying.
When is Phase B in Reaccumulation considered mature?,When tests of support are shallow and volume on down moves dries up.
How is ST as SOW different from a regular ST?,"It breaks support temporarily, acting as a sign of weakness within the range."
What happens in the final part of Phase D before breakout?,"A BU or LPS retests support, confirming it's ready for markup."
What defines a test in Phase C of Redistribution?,A failed rally attempt often showing weakness before the markdown.
When should you exit a long in Accumulation?,When price nears measured targets or shows signs of climactic action.
How does UTAD confirm bearish control?,"It creates a failed breakout, followed by wide-range markdown."
What does Phase C test in a Distribution structure?,The remaining demand and commitment of breakout buyers.
What’s the market context in Phase E of Distribution?,Supply overwhelms and price begins trending downward.
What’s the risk of mistaking Reaccumulation for Distribution?,You may short prematurely into a continuation of the uptrend.
When is a failed LPS a warning sign?,"If price breaks below the LPS on volume, it suggests demand is weakening."
Why is Phase D called “trend within the range”?,Because price trends up or down within the existing boundaries before breakout.
How does a test after Spring help time trades?,It validates that supply has been removed and confirms bullish bias.
Why are multiple LPS points possible?,Each pullback can act as a support test confirming demand control.
How does a shallow AR influence structure interpretation?,It may suggest underlying strength or tight control by large operators.
What does failure to reach prior lows during a test suggest?,That selling pressure is weaker and markup may follow.
What confirms that demand has taken over in Reaccumulation?,A breakout followed by low-volume pullbacks and higher highs.
What happens if price cannot reclaim the range after UTAD?,It confirms weakness and Distribution breakdown is likely.
Why is the width of the trading range important?,It reflects the size of the “cause” and helps estimate the potential “effect.”
What defines the path of least resistance in Wyckoff?,The direction price naturally moves when supply or demand is removed.
How is terminal shakeout different from Spring?,"It’s more violent, often occurring quickly and with deep penetration."
Why does Wyckoff prefer bar charts for timing?,Because bar charts show real-time price/volume relationships crucial for analysis.
How does a failed breakout retest affect timing?,It often precedes reversal and is a good location for entry in the opposite direction.
What signals the transition from Phase C to D?,A Spring or UTAD followed by sharp rally or drop confirms the move.
When is it safe to buy after a Spring?,After a test confirms no selling pressure and price begins a SOS.
What does high volume on a test suggest?,"That supply is still present, and the test may fail."
Why is wide price spread significant in Phase D?,It confirms demand (or supply) dominance as price accelerates from the range.
What should you look for before taking a position in Phase D?,A confirmed Spring/UTAD followed by price structure like SOS or MSOW.
When does price often trend aggressively?,"In Phase E, when structure has resolved and institutions push price in trend direction."
Why is Phase B considered the “cause” building phase?,It’s where professionals absorb supply or distribute stock over time.
What is the danger of entering on the first UT?,"It may be part of Phase B exploration, not a final top."
What is the common mistake with early Springs?,"Entering before confirmation, risking breakdown continuation."
What is the final confirmation that Distribution is underway?,MSOW after UTAD indicates markdown is beginning.
What makes Phase C the most critical for trade timing?,It reveals the market’s true intent via Spring or UTAD behavior.
How does test behavior shift from Phase A to C?,Phase A tests are volatile; Phase C tests are tighter and more decisive.
Why does Wyckoff emphasize patience during ranges?,Because early entries carry high risk without confirmation from Phase C.
What signals a failed LPSY?,A rally that fails quickly and is followed by strong down bars.
What makes a test “successful” in Wyckoff?,"Low volume, narrow spread, and immediate price response in the intended direction."
What typically happens after MSOW?,"LPSYs form on the way down, confirming Distribution is progressing."
Why is Phase A not used for entries?,Trend is still reversing and professional campaigns are not yet clear.
How can you confirm the beginning of Reaccumulation?,Price forms a range with rising lows and supportive volume patterns.
What happens if a SOS is followed by a deep drop?,It may be a sign of failed strength or structure breakdown.
What happens in the absence of professional interest?,Price often drifts sideways without commitment — neutral structure.
What’s the best indicator for trade entry timing in Wyckoff?,"The combination of structure, price action, and volume behavior."
Why are Springs so reliable when confirmed?,They represent tests of the final supply and create clear setups for markups.
What is the risk of trading LPS too early?,The structure may still be forming and breakout not confirmed.
What are the signs that Phase D is failing?,Price fails to make higher highs or hold LPS levels.
What’s the last opportunity to exit in Distribution?,During LPSY in Phase D before breakdown accelerates.
What does a weak LPSY indicate about supply?,"It shows supply is still dominant, and further markdown is likely."
Why is a Spring often followed by a test?,To confirm that the breakout was false and supply has been absorbed.
What does CHoCH tell a trader in Wyckoff structures?,"That the structure’s character has changed, often signaling entry or exit zones."
When should traders avoid entering trades in a TR?,"During Phase B, due to uncertainty and lack of clear direction."
What defines Phase C as distinct from B?,It contains the decisive test — Spring or UTAD — that defines structure intent.
What is the first event that halts a downtrend in Accumulation?,Preliminary Support (PS) absorbs initial selling.
What distinguishes an Automatic Reaction in Distribution?,It comes after a Buying Climax and signals early weakness.
How do you confirm a Sign of Strength?,"Look for wide spread, strong volume, and price clearing resistance."
What typically follows a Spring that lacks a test?,A failed structure or an extended range may develop instead of markup.
What is a JAC in Wyckoff?,Jump Across the Creek — a strong SOS through resistance during Phase D.
What happens if an LPS breaks below the Spring?,The structure may be weakening and could fail.
What does high volume during a Spring test imply?,"That selling is not yet exhausted, raising risk of failure."
When is the Creek most likely tested?,During the BU in late Phase D before Phase E breakout.
Why should a trader study UTAD behavior?,Because it offers the best timing for short entries before markdown.
What is the difference between MSOW and minor SOW?,MSOW is a decisive breakdown; minor SOW may test weakness with re-entry.
Why is low spread and volume ideal for a test?,It suggests no interest from the opposite side — a green light for entry.
When is a Spring not trustworthy?,When it lacks follow-through or occurs without a proper range structure.
What does a failed breakout above the Creek mean?,That resistance is holding and markup is not yet confirmed.
When does a successful breakout occur in Accumulation?,In Phase E after SOS and BU confirm demand dominance.
How can you tell Phase E has begun?,Price trends strongly in one direction and no longer returns to the range.
What role does AR play in structure confirmation?,It helps define range boundaries and evaluates reaction strength.
How do UTAD and Spring serve opposite roles?,UTAD traps longs at the top; Spring traps shorts at the bottom.
What makes BU high-quality for entry?,"It shows demand validation after breakout, offering a pullback buy."
What happens if BU retraces deeply into the range?,The breakout may have failed; wait for confirmation or re-entry.
How do reaccumulation patterns affect timing?,They offer entry points during an ongoing uptrend rather than at the bottom.
"Why is Phase A critical for context, not trades?",It defines range boundaries and trend reversal but lacks confirmation.
What distinguishes a healthy LPS?,"Low volume, shallow retrace, and immediate price bounce."
What causes a range to fail in Wyckoff terms?,Lack of absorption or fake breakouts that don't hold.
Why do large operators cause Springs and UTADs?,To mislead retail traders and gain better positions.
When is an Upthrust more dangerous than helpful?,When it causes a false breakout and entraps longs.
How does Phase B act as a trap zone?,Volatility and wide swings mask true structure intent.
What is one reason for Spring failure?,Strong remaining supply that wasn’t absorbed in Phase B.
How does a successful test appear on a chart?,Small-bodied candle on low volume near support or prior Spring.
What kind of volume confirms a BU after SOS?,"Low to average volume, indicating lack of resistance."
What event confirms Distribution is underway?,MSOW followed by LPSY in Phase D.
How can an LPS fail despite strong prior SOS?,If price retraces too deeply or closes below support.
What happens if UTAD has weak volume?,It may not be a true trap and could signal range continuation.
What are the characteristics of a shakeout?,Rapid downside move with swift recovery and panic selling.
When does ICE typically break in Distribution?,At the start of Phase E during markdown.
What does a premature Spring often indicate?,That the structure needs more testing before breakout.
What does a BU failing to hold suggest?,That demand may not be fully in control yet.
What is the key timing clue in a failed test?,Volume increases and price fails to hold support or resistance.
What does “absorbing supply” mean in Wyckoff?,Professionals buying without causing price increase to prepare for markup.
What signals a false LPSY?,A rally on low volume that quickly fails and turns into markdown.
What is the best exit point in Phase D of Distribution?,"On or after the LPSY, before the price breaks ICE."
What makes Phase C crucial for accurate timing?,It filters valid setups from traps through Springs or UTADs.
How do Springs benefit strong hands?,They allow accumulation of stock at low prices while retail traders exit.
What is the most dangerous entry in Phase B?,Chasing price without structural confirmation or volume support.
What indicates a failed Reaccumulation?,Price breaks ICE or support after failed SOS or BU.
What do you look for in a valid UTAD?,"Breakout above resistance, quick failure, and confirmation via MSOW."
When is the best time to enter short trades in Distribution?,After UTAD and MSOW confirm supply dominance.
What defines the Last Point of Support?,A pullback that confirms prior strength and precedes continuation.
What does high-volume ST in Phase A suggest?,"That supply is still present, and the downtrend may not be over."
What is the most important event in Phase C for bulls?,A confirmed Spring followed by test and SOS.
How is a climax bar recognized?,Wide spread with high volume often at a turning point (SC or BC).
What happens in Redistribution Phase C?,A failed rally or test signals weakness and upcoming markdown.
Why is volume key in Phase C testing?,It validates whether supply or demand is present at key levels.
What follows a successful LPS in Phase D?,A markup in Phase E with rising highs and demand dominance.
When does the Creek become resistance?,"During Accumulation, before a breakout via SOS."
What does “jumping the ICE” imply?,A strong markdown through support during Distribution.
What signals true strength in a markup?,Higher highs with wide spread and rising volume on rallies.
When does a reaccumulation fail?,If price breaks support after weak SOS or incomplete testing.
What do UT and AR have in common?,Both help define the upper boundary of a Distribution range.
Why are Springs often violent and quick?,To shake out weak hands and test conviction without prolonged exposure.
What makes a BU attractive for conservative traders?,It confirms strength after breakout and offers favorable risk/reward.
How does Wyckoff suggest confirming a breakout?,Via successful BU or LPS with low-volume pullback and strong follow-through.
What does it mean if price doesn’t test Spring?,That the move might be weaker or lack proper confirmation.
How do large traders use Phase B volatility?,To mislead and mask accumulation/distribution efforts.
What is a test of a UTAD?,A failed rally that confirms prior breakout was false.
When is CHoCH especially useful?,When identifying early transitions between phases.
Why does Wyckoff caution against trading inside Phase B?,It’s a testing zone without commitment from smart money.
What is a key entry in a Reaccumulation pattern?,After SOS confirms and BU offers a pullback opportunity.
How can you spot professional accumulation?,Volume increases without upward price movement — absorption underway.
Why is it risky to enter at SC without confirmation?,SC is only the first step; confirmation is needed from AR and ST.
How do you recognize a failed Distribution?,"Price fails to break support and rallies, forming Reaccumulation."
What confirms the end of a markdown phase?,"Climactic volume, SC, and potential AR from institutional buying."
What does a shallow AR imply about demand?,That demand is weak or not yet ready to dominate the structure.
What is the market psychology behind UTAD?,Trapping breakout buyers and transferring risk to them before markdown.
What confirms that LPS has held support?,Rallying price with decreasing volume on pullbacks and rising on advances.
What makes a range valid in Wyckoff?,Defined boundaries via SC/AR or BC/AR and clear testing behavior.
What is a minor SOW within Phase B?,A temporary dip below support that quickly recovers — not yet confirmation.
When is ICE most relevant in Redistribution?,It serves as a support level that confirms markdown when broken.
How do traders distinguish between real and fake Springs?,"By observing test volume, price behavior, and follow-through."
What is the danger of ignoring volume on SOS?,"It may hide absorption or trap behavior, leading to false breakouts."
When is a LPSY in Redistribution especially weak?,When it shows lower highs on decreasing demand and high supply.
Why is patience critical in Wyckoff timing?,Because structures take time to develop and traps are common.
How does a confirmed UTAD affect trade bias?,It shifts bias to bearish with expectation of markdown.
What separates a good Spring from a failed breakdown?,A successful Spring closes back in the range with strong recovery.
What causes false signals in Wyckoff structures?,"Inadequate testing, lack of volume alignment, or misidentifying phases."
How does Wyckoff timing improve entry quality?,It aligns trades with market structure and smart money behavior.
Why is context vital in interpreting a Spring?,"Without proper range structure, a Spring might just be a dip."
What confirms markup continuation after breakout?,SOS followed by BU that holds above resistance.
When does structure shift from neutral to bullish?,After a Spring + test or SOS in Phase C or D.
How can Wyckoff phases guide stop placement?,Stops can go below SC in markup or above UTAD in markdown.
What is the trader’s edge in understanding Phase C?,It allows early positioning with minimal risk if test is confirmed.
How do operators confirm lack of supply?,Via Springs and tests showing minimal opposition to price advances.
Why does Wyckoff emphasize the composite man?,To view the market as being manipulated with intent — crucial for timing.
What confirms the Spring is valid for entry?,A successful test with lower volume and a subsequent rally with wide spread.
Why is Phase C the turning point in Wyckoff structures?,Because it validates the structure via Spring or UTAD and sets up Phase D.
What role does AR play in price structure recognition?,It sets one boundary of the range and reveals reactive strength after climax.
How do you differentiate a test from a failed rally?,A valid test occurs on low volume and narrow spread near support.
What does an LPSY suggest about control of the market?,It confirms supply dominance and signals continued markdown.
What does weak demand during BU imply?,That buyers may be exhausted and the breakout may not sustain.
How can timing be refined using point-and-figure charts?,By projecting price targets based on range width to anticipate exit zones.
What happens if a Spring doesn't lead to SOS?,The structure may be incomplete or converting into Redistribution.
Why is ICE important in trade planning?,A breakdown below ICE validates bearish continuation and signals timing for shorts.
What is a common trap during late Phase B?,Upthrusts or sharp rallies that reverse quickly before Phase C.
What characterizes Phase A in Redistribution?,"Selling begins, often marked by PSY, BC, and initial AR with defined support."
How is a strong SOS identified on a chart?,"Wide spread up bar on increased volume, breaking resistance decisively."
What indicates the end of markup in Wyckoff terms?,Buying Climax followed by AR and signs of stopping action.
Why is the ST useful for defining risk?,It helps define the low point of support where price should not close below.
What marks the boundary between Phase C and D in Distribution?,UTAD followed by MSOW signals transition to markdown.
How do LPS and BU help confirm structure resolution?,They offer tests that validate trend continuation after breakout.
When does a failed Spring lead to significant losses?,If it breaks down further without test confirmation or support recovery.
How can you time exits during a strong uptrend?,"By watching for signs of climax, reduced spread, and volume divergences."
What phase is ideal for placing longer-term swing trades?,"Phase D, after confirmation of Spring or UTAD, aligning with trend start."
What happens when supply re-enters after a Spring?,It can invalidate the setup and reintroduce downward risk.
Why are multiple LPS patterns bullish?,They show repeated support holding and are stepping stones in an uptrend.
What separates a test from a pullback?,A test happens near support with controlled volume; a pullback may lack structure.
How is a UT different from a UTAD in practical trading?,UT is exploratory; UTAD is decisive and often confirms structure.
What indicates that a Spring has failed to trap enough sellers?,Lack of recovery and continued weakness below the range.
What role does fear play during SC?,"It accelerates price drops, causing capitulation and forming potential reversal points."
How do you use the Creek in timing entry?,A successful jump across the Creek (SOS) confirms bullish momentum.
What does a Spring followed by narrow consolidation mean?,That a breakout may be forming after absorption is complete.
When should a trader avoid BU entries?,When volume is elevated or price pierces deep into the prior range.
What marks a buying climax in Distribution?,A wide-spread up bar with high volume near the end of a strong uptrend.
What confirms a UTAD was successful?,"A fast reversal, wide spread down, and failure to hold above resistance."
Why is low-volume reaction during BU bullish?,"It suggests little selling pressure, affirming demand control."
What characterizes a failed breakout above resistance?,"Lack of volume, rejection back into range, and no bullish follow-through."
What is the best position for stops in Accumulation trades?,Below the Spring or the test low for tight risk management.
What causes LPSY rallies to fail quickly?,Insufficient demand and strong overhead supply presence.
What confirms strength after a Spring?,A sharp rally with increasing volume and no deep pullbacks.
What distinguishes Reaccumulation from base Accumulation?,Reaccumulation occurs mid-uptrend; base Accumulation forms bottoms.
How is a failed test after UTAD interpreted?,As confirmation of bearish intent and that demand is exhausted.
What does narrowing price action after UTAD suggest?,Loss of demand and readiness for markdown.
What does price behavior in Phase B tell you?,If accumulation or distribution is in progress based on supply/demand clues.
How do upthrusts mislead traders?,"They appear as breakouts but quickly reverse, trapping breakout buyers."
When is it safe to hold through BU?,When volume is light and price respects prior resistance-turned-support.
What does a rapid rejection after SOS mean?,That buyers may be weaker than expected and structure may need retesting.
Why should you avoid entries inside a volatile Phase B?,Because price is directionless and structure is still forming.
What are the three key confirmations after a Spring?,"Test on low volume, SOS with strength, and shallow BU."
What is a terminal shakeout's function?,To exhaust final sellers and launch a trend from a deceptive breakdown.
How do you know Phase B is over in Accumulation?,"Tests become tighter, volatility drops, and Spring appears."
What makes a UTAD high probability for short entries?,It comes after Phase B and is followed by weakness like MSOW.
What signals that a test is a bull trap?,If price fails to hold gains and volume increases on downbars.
What does Phase E in Redistribution look like?,"A strong markdown with lower highs and lows, no return to the range."
Why is understanding the Composite Man helpful?,"It reframes the market as intentional manipulation, improving timing."
What does PSY indicate in the early stages of Distribution?,That large operators are starting to sell and stop the uptrend.
What is the ideal volume profile during a successful Spring?,"High on SC, lower on Spring, and rising on SOS."
Why are Springs often followed by a BU?,To confirm the breakout and retest support before markup continues.
When is a reaction after SOS considered bullish?,When it holds above resistance with low volume.
What happens if the test fails to return inside the range?,It confirms the breakout was real and not a Spring.
What defines a healthy Phase D markup?,Consistent higher highs and higher lows with supportive volume patterns.
When is a bullish setup likely invalid?,If price closes below SC or test low with strong volume.
Why is it risky to assume a range breakout too early?,"Without confirmation, the move could reverse as a UT or Spring."
How can LPSY locations help manage risk?,They serve as short entry and stop levels for risk-defined trades.
What does a test after SOS tell us?,Whether supply has returned; low-volume pullbacks confirm strength.
How does Phase D evolve into Phase E in Accumulation?,Via breakout above resistance followed by strong upward continuation.
What signals that Phase A has completed in Accumulation?,AR and ST confirm support and start of structure formation.
What happens if price can't make a higher high after SOS?,The uptrend may be weakening or entering consolidation.
Why does Wyckoff emphasize cause and effect in timing?,The time spent in a range sets the potential for a move (effect).
What event provides clearest long entry in Accumulation?,Spring + successful test + SOS combination.
What makes a Spring more valid than a deep pullback?,"Its quick reversal, low test volume, and close back into the range."
When does a UT in Phase B become a UTAD?,When it's followed by MSOW and rejection from the highs.
Why is wide spread important during a Sign of Strength?,It shows aggressive demand overwhelming resistance.
When should traders wait during Phase B?,Until clear test behavior or Spring/UTAD appears in Phase C.
What causes Springs to succeed?,Lack of selling pressure and accumulation by professionals.
What makes Distribution more likely than Reaccumulation?,Failure of rallies and inability to sustain breakouts.
When is Phase C complete in Accumulation?,After Spring is tested and price begins showing higher highs.
What defines the difference between Phase A and B in Accumulation?,A shift from volatility to testing and structure development.
How does a SOS differ from AR?,AR is a bounce from SC; SOS is a breakout showing real strength.
What causes a structure to evolve into Redistribution?,Failure of LPS or BU to hold and price breaking below ICE.
Why is a Spring a high-conviction signal in Wyckoff?,It flushes out sellers and sets up strong asymmetric opportunity.
When does a UT signal danger for long positions?,When it's followed by failure to hold above resistance and MSOW.
What does inability to form a Spring in Phase C suggest?,That supply has already been absorbed higher in the range.
What kind of bar confirms a valid test?,"Narrow-range candle, closing in upper half, on low volume."
Why is shallow pullback after SOS bullish?,It confirms support and shows lack of significant selling pressure.
What makes a distribution structure fail?,If price holds above resistance and forms higher highs.
How can Wyckoff help reduce false entries?,By requiring phase confirmation and event validation like test or SOS.
What does a BU that pierces resistance imply?,Potential structural failure or lack of conviction in the move.
What typically follows a valid Spring?,"A successful test, then SOS, then BU and markup."
Why do professionals shake out traders in Phase C?,To acquire more positions at better prices before trend begins.
What separates successful Springs from failed ones?,"Confirmation via test, volume behavior, and structure alignment."
What event follows a failed UTAD?,"MSOW and LPSY, signaling Distribution and trend reversal."
Why are Springs and UTADs placed in Phase C?,To test remaining opposition and reveal the market's true direction.
What causes AR to fail as a rally?,Lack of demand or continuation of aggressive supply.
How does volume act in successful Reaccumulation?,"Rises during breakouts, falls on pullbacks — confirming demand."
When does SOS usually appear in markup sequence?,"After Spring + test, early in Phase D."
What confirms an LPS before Phase E breakout?,Price bounces from support on light volume and resumes upward.
What does inability to bounce from LPS suggest?,Demand is weakening or further testing is needed.
How can Spring behavior be mimicked by retail traders?,"They often panic sell at lows, feeding institutional buying."
How does Wyckoff theory align with real-time charts?,"Through clear structure phases, volume analysis, and pattern logic."
When is a reaccumulation more likely than a top?,If price holds higher lows and shows strength on rallies.
Why is time in Phase B considered “campaign building”?,Institutions accumulate or distribute stock slowly without moving price.
When does LPSY occur in a markdown?,"After MSOW, confirming lower highs and continuous weakness."
What’s the best indication that Phase E has started in Accumulation?,Price breaks out with high volume and does not return to range.
How can one spot a fake BU?,"It retraces deeply, occurs on high volume, or fails to hold new support."
What does a Spring + test combination tell us?,It confirms supply exhaustion and signals readiness for markup.
When is an ST a sign of strength?,When it holds above SC on low volume and precedes a rally.
Why is the UTAD a critical phase for timing shorts?,It traps breakout buyers before the markdown begins.
What signals strength during a BU?,Shallow retrace with decreasing volume followed by higher highs.
How does Phase D assist in timing trades?,It provides confirmation of control and clearer structure for entries.
What is a Sign of Weakness (SOW) in Distribution?,"A price drop through support with increasing volume, signaling bearish control."
What is the role of Preliminary Support (PS) in Accumulation?,PS absorbs early selling and hints at stopping action.
What kind of volume accompanies a Buying Climax (BC)?,"Climactic, high volume as the uptrend ends with public buying."
What’s the difference between AR and SOS?,AR follows SC; SOS breaks resistance and confirms bullish structure.
Why is low volume on a pullback after SOS significant?,It confirms lack of supply and validates strength.
What does ST stand for in Wyckoff methodology?,Secondary Test — a test of prior low or high for remaining supply/demand.
What defines a successful UTAD in terms of structure?,"False breakout followed by lower highs, wide spread down bars, and MSOW."
What phase does MSOW typically occur in?,Phase D of Distribution — confirming supply dominance.
Why is PSY important in understanding Distribution?,It marks early resistance and initial institutional unloading.
What signals the change from Phase B to Phase C?,"Volatility contracts, and test events like Spring or UTAD appear."
What should a Spring be followed by for confirmation?,A test on low volume and a Sign of Strength.
How do LPSY and MSOW relate to one another?,LPSY often follows MSOW and confirms continued markdown.
Why is volume behavior key in interpreting tests?,It shows whether opposition (supply/demand) is present at key levels.
What is ICE in Wyckoff terms?,Support level in Distribution; breakdown confirms markdown trend.
What does a failed Spring imply?,That sellers are still in control and the range may break downward.
Why does Wyckoff use phases in analysis?,To break the market into logical steps for understanding intent and timing.
What is the composite operator’s goal in Accumulation?,To absorb shares without raising price before markup.
What marks the shift into Phase E in Distribution?,Price decisively breaks down with no return to prior trading range.
When is the best time to enter after a Spring?,After the test confirms supply has dried up and price shows SOS behavior.
Why does AR sometimes fail as resistance?,Because it's not always the final high if supply isn’t absorbed.
What does “cause precedes effect” mean in Wyckoff?,The time spent in Accumulation/Distribution predicts the trend size.
What distinguishes a shallow ST from a full test?,Shallow ST doesn't revisit the SC/BC level and tests mid-range.
How does the Creek appear visually?,As a horizontal or slightly sloped resistance zone on the chart.
When does jumping the Creek confirm markup?,During Phase D after SOS clears resistance with strength.
What is meant by CHoCH in Wyckoff application?,Change of Character — a shift in behavior that signals structure transition.
When does Phase A end in Distribution?,"After BC and AR, once the range begins to form."
What does a failed SOS indicate?,That buyers may not be in control and further consolidation is needed.
Why is Spring considered a trap?,It misleads traders into thinking price will break down when it actually reverses.
What confirms a fake breakout in Distribution?,UTAD followed by lower highs and wide downbars.
How does Wyckoff handle market manipulation?,By analyzing structure phases and events created by large operators.
What is meant by LPS in Reaccumulation?,"A confirmation point post-breakout, showing demand support."
How is Phase B different in Redistribution vs. Distribution?,"In Redistribution, it follows a markdown and forms a continuation pattern."
Why is BC an important event in Distribution?,It sets the high and defines the beginning of the top structure.
What does a shallow SOS imply about strength?,That demand may be limited and a full breakout is uncertain.
Why is the UTAD placed in Phase C?,It acts as a trap test to confirm whether demand is exhausted.
What is the typical event sequence in Accumulation?,PS → SC → AR → ST → Spring → Test → SOS → LPS → BU → Markup.
Why does UT fail without MSOW?,Because there's no follow-through to confirm bearish control.
What’s the risk if a Spring is too aggressive?,It may not test cleanly and could fail or confuse the structure.
When is AR most valuable for timing trades?,As a boundary reference and initial reaction measure.
What does a successful Spring + LPS series show?,It confirms bullish structure and clean support holding.
Why should STs occur after SC in Accumulation?,To test support and validate if selling has diminished.
When is a UT not a UTAD?,If it occurs early in Phase B without follow-through downside.
How can Wyckoff logic prevent FOMO trades?,"By waiting for structure confirmation (test, SOS) before acting."
What happens if price fails to break Creek?,Accumulation structure may need more time or is weak.
What confirms ICE breakdown in Redistribution?,MSOW and LPSY forming after initial weakness.
What makes Phase E so tradable?,It’s the trend phase — clearest directional movement post-structure.
How can Springs mislead without a test?,"They may be temporary bounces, not part of valid Accumulation."
What is a Buying Climax (BC)?,A sharp upward surge marking the end of demand in Distribution.
What is AR short for in Wyckoff terms?,"Automatic Rally — rebound after BC (or SC), defining range high."
What does LPSY stand for?,Last Point of Supply — occurs during Distribution confirming weakness.
Why is the Spring called a bear trap?,Because it causes short sellers to enter before price reverses upward.
What occurs during Phase B of Accumulation?,"Range testing, false moves, and absorption of supply by large traders."
What event helps identify when to sell in markup?,Buying Climax followed by weakening rallies or low-volume tests.
How does a failed BU affect structure interpretation?,It questions the strength of the breakout and potential reversal.
What signals a valid test of the Spring?,"Low volume, tight range, and no breakdown below Spring low."
What is the role of PSY?,Preliminary Supply — halts markup before BC in Distribution.
How can you spot Phase A on a chart?,Look for reversal signs like SC/BC and AR as initial range boundaries.
What separates Phase D from C in structure?,C has the final test; D shows follow-through via LPS/SOS or LPSY/MSOW.
What makes LPS entries appealing?,Low risk and confirmation after trend has already shown strength.
What is a MSOW?,"Major Sign of Weakness — breakdown through support, confirming markdown."
Why do upthrusts occur in Phase B?,To test demand and mislead traders before structure resolves.
What’s the best signal that strength is entering?,SOS on wide spread and strong volume after test or Spring.
What happens if price jumps the Creek and falls back?,The breakout may have failed — reaccumulation is questionable.
Why does Wyckoff rely on bar charts?,"They show spread, volume, and real-time price action needed for timing."
How does the point-and-figure chart aid in Wyckoff?,By measuring cause (range width) to project price targets.
Why is a valid UTAD a short trigger?,It represents exhaustion of demand and often precedes markdown.
When do SC and AR occur in structure?,"SC ends the downtrend, AR rebounds and defines the upper range."
What does a Spring failing its test warn of?,That accumulation may fail and breakdown is likely.
What is a SOS?,Sign of Strength — upward breakout with volume and conviction.
What marks the difference between Reaccumulation and top?,"In Reaccumulation, price holds above prior support and builds higher base."
Why is test volume more important than test price?,Because low volume shows lack of opposition; high volume implies risk.
What makes a test “successful” in Wyckoff?,"Price holds, volume is light, and follow-up move confirms strength/weakness."
When does a range typically resolve?,"After Phase C — Spring or UTAD determines intent, then Phase D shows direction."
What phase is considered safest for entries?,Phase D — confirmation of direction and breakout is visible.
How do Springs and UTADs reflect operator intent?,They are manipulation tools to trap liquidity and complete accumulation/distribution.
What causes a distribution to morph into reaccumulation?,Breakout failure followed by higher lows and new strength signs.
Why is Phase C called the “commitment” phase?,Because smart money reveals their intent through final tests and reaction.
How do you use ST in timing?,To define range lows and assess whether demand/supply has changed.
What is a Sign of Weakness (SOW)?,A price drop on high volume through support in Distribution.
How is markup different from breakout?,Markup is a sustained trend; breakout can be a short-term move post-range.
What confirms Phase C has started in Reaccumulation?,Spring-like action or shallow dip with renewed buying interest.
Why do most Wyckoff trades happen in Phase D?,"Because structure is clear, and risk-reward is favorable with trend confirmation."
What happens during a Buying Climax?,"Final push up as public enters, volume peaks, and large operators sell."
What’s the logic behind test after Spring?,To verify no more sellers are active and ensure risk is low.
How can structure tell if a trend is real?,"Breakouts with confirmation (SOS, LPS) vs. fakeouts (UT, failed Springs)."
Why is volume crucial in Wyckoff trade timing?,"It reveals effort vs. result, critical in detecting supply/demand shifts."
When does price accelerate away from structure?,In Phase E — post-breakout with clear trend and institutional momentum.
What is the relationship between LPS and SOS?,LPS is a pullback that confirms SOS strength and support.
How can CHoCH be used in modern Wyckoff trading?,To automate detection of transitions from range to trend using structure shifts.
Why is UTAD confirmation vital for short trades?,"Without it, the move could just be a test in Phase B or continuation."
What does failed LPSY signal?,That supply may be losing control and reversal is possible.
What happens if price rallies above the Creek without volume?,It could be a false breakout lacking conviction from institutional demand.
What does a weak SOS suggest in Phase D?,Demand may be insufficient to carry markup; structure may need retesting.
When is a test after Spring most reliable?,"When it shows tight range, low volume, and immediate price bounce."
What is SC followed by in most Accumulation patterns?,AR (Automatic Rally) and then ST (Secondary Test) to define the range.
Why is the UTAD dangerous for late longs?,It traps breakout traders before the markdown begins.
What does a successful breakout from Phase D look like?,"Wide spread up bars, rising volume, and no return to the range."
When does LPSY typically occur in a Wyckoff Distribution?,"In Phase D, after MSOW signals dominant supply."
What is the usual function of Phase A in Wyckoff?,To stop the prior trend and begin building a trading range.
What is the volume signature of a Selling Climax?,"Very high volume, wide spread down bar, often with price closing off the low."
What does AR define after SC?,The top of the trading range in early Accumulation.
How can you distinguish a Spring from a breakdown?,Spring returns inside the range quickly and is followed by a test.
What event in Phase C confirms bullish intent?,Successful test of the Spring and subsequent SOS.
Why does Wyckoff use abbreviations like ST and UTAD?,To quickly represent complex structural events in chart analysis.
What is LPSY short for?,Last Point of Supply — a final test rally in Distribution before markdown.
Why does Wyckoff emphasize “tests” after Springs and UTADs?,They confirm whether opposition is truly absent before trend begins.
What defines a valid Creek breakout?,Price jumps the resistance level with wide spread and supporting volume.
How do you recognize PSY on a chart?,Initial resistance with increased volume and effort to stop markup.
When is a UT considered just a test and not a trap?,If it occurs early in Phase B and fails to trigger lower highs.
What does a low-volume LPS tell us?,That supply is minimal and markup is likely to follow.
Why is SC considered the stopping action?,It absorbs final panic selling and often marks the low of the range.
When does AR appear in Redistribution?,"After BC, signaling early weakness and helping define the upper boundary."
What makes Phase C pivotal for risk management?,It offers defined invalidation points via Springs or UTADs.
How is the ICE level used in short setups?,"Breakdown through ICE confirms markdown, ideal for short entries."
What is a minor SOW compared to MSOW?,A temporary support test vs. a confirmed breakdown signaling trend continuation.
Why does a failed test after Spring matter?,It invalidates the bullish setup and warns of possible breakdown.
What does a test with high volume suggest?,Supply (or demand) is still active and the setup may not be ready.
How is LPSY used in trade exits?,As a confirmation point for bears to manage profits or re-enter shorts.
What does CHoCH imply on a Wyckoff structure?,That the behavior of price has changed — often marking transition to Phase C or D.
How do you confirm the start of Phase E?,"Price exits the range and trends cleanly, with supporting volume."
"Why are abbreviations like SOS, ST, and AR useful in annotation?",They compress key events visually on charts for rapid structure analysis.
What is the key timing use of UTAD?,To enter short trades before the markdown if confirmed by SOW.
When should a trader wait during Phase B?,Until the range tightens and final test behavior (Spring/UTAD) emerges.
How does LPS confirm structure completion in Accumulation?,"It validates support after breakout, showing readiness for markup."
What happens when BU fails after SOS?,The breakout lacks strength and may fall back into the range.
What does a shallow BU mean in markup?,That support is strong and buyers are eager at higher levels.
How is volume used to confirm tests?,Low volume during test bars suggests absence of opposing pressure.
Why is ST crucial in defining the range?,It helps confirm support after AR and establishes lower boundary.
When does a reaccumulation confirm trend continuation?,After SOS and BU are followed by rising price and volume.
What role does AR play in phase diagnosis?,Helps set range boundaries and provides insight into early demand.
Why does UTAD often mislead breakout buyers?,"It mimics a true breakout but fails, leading to markdown."
What phase is most dangerous for impatient traders?,Phase B — full of false signals and lack of commitment.
When is a Spring invalidated?,"If price breaks lower on high volume after the test, without recovery."
What kind of volume confirms a Spring test?,Very low volume with no downside follow-through.
How do large operators use Phase C?,To trap retail participants and finalize position building.
What is the best volume profile for BU?,"Decreasing volume on pullback, increasing volume on next rally."
What comes after an LPS in Phase D?,"Strong markup with higher highs, confirming bullish control."
What does BC stand for?,Buying Climax — final surge in uptrend with high volume before distribution.
How do you spot absorption in Reaccumulation?,Tight price action with increasing volume on up moves and muted down moves.
What confirms a Reaccumulation breakout?,SOS and BU that hold above resistance with healthy demand.
Why is SC important for setting stops?,It defines the structure’s low; break below invalidates Accumulation.
What does ST test in early Accumulation?,The selling pressure remaining after AR.
What does it mean when price fails to return above Spring?,That buyers lack control and breakdown risk increases.
What is a major difference between Accumulation and Reaccumulation?,The former ends a downtrend; the latter pauses an ongoing uptrend.
What is the optimal entry after UTAD?,After confirmation by MSOW and breakdown through ICE.
What event usually kicks off Redistribution?,BC followed by AR and ST as price fails to sustain rally.
What defines a solid LPS setup?,Light volume dip followed by bounce near support in Phase D.
What signals weak demand after SOS?,Pullbacks with rising volume or failure to hold above resistance.
How can you confirm Phase B is ending?,"Price starts coiling tightly, and test behavior appears."
Why is test confirmation necessary in Wyckoff?,It validates that no remaining opposition exists to trend continuation.
What’s the danger of assuming every dip is a Spring?,"Without structure and confirmation, it could just be continuation down."
When is Phase E easiest to trade?,After breakout has been confirmed with supporting volume and structure.
What separates Spring from a simple pullback?,Spring breaks support before snapping back; pullback doesn’t violate the range.
Why is LPSY useful for scaling into shorts?,It provides low-risk entries with confirmation of bearish bias.
What event comes after a weak Spring?,Either another test or structural failure — depending on volume and bounce.
What is the difference between test and ST?,ST often comes early to define range; test confirms Spring or UTAD.
When does SC occur in the Wyckoff cycle?,In Phase A — it ends the previous downtrend.
What does “Jump the Creek” represent?,"Price moving above resistance decisively, showing demand dominance."
When does a Reaccumulation morph into Distribution?,If price fails to break out and breaks down through ICE instead.
What is the best use of Creek in a chart?,To identify breakout zone in Accumulation and confirm Phase D strength.
How do you read volume during a UTAD?,"If volume is high on the upthrust and selling follows, it’s likely a trap."
Why is narrow range important during tests?,It shows low activity and confirms no significant opposition.
What do SC and BC have in common?,They both represent climactic ends to prior trends and initiate new structure.
What is the function of AR in Distribution?,Rebounds from BC to test demand and set range.
What follows a successful test after Spring?,A Sign of Strength (SOS) with rising volume and follow-through.
What happens when price stalls at resistance after SOS?,It may need a BU or deeper test before continuing markup.
When does a trap fail to trap?,When it lacks emotional reaction or price quickly returns to balance.
What is the difference between UT and UTAD?,UT is an upthrust; UTAD is the decisive final trap in Distribution Phase C.
Why is tight consolidation after Spring bullish?,It shows absorption is complete and buyers are preparing breakout.
What signals Distribution over Accumulation?,"Failure to make higher highs, UTAD, and breakdowns through support."
How is ST different in Distribution vs. Accumulation?,"In Distribution, it’s a reaction from BC; in Accumulation, it follows SC."
What is the timing benefit of MSOW?,It gives confirmation of supply strength and marks the start of Phase E.
How can CHoCH show up in reaccumulation?,Transition from tight range to impulsive breakout confirms change in character.
Why is AR called “automatic”?,Because it results from the natural rebound after a climax without effort.
What signals a reaccumulation has failed?,"Breakdown below support with rising volume, despite prior SOS."
What happens if price can’t hold above BU?,It warns that the breakout may be false or strength is weakening.
What phase shows intent most clearly?,Phase C — with Spring or UTAD confirming structure direction.
What does low demand after SOS imply?,That follow-through is uncertain and more testing may be needed.
How is MSOW used for short confirmation?,It confirms failure of support after UTAD and validates bearish control.
What is a “creek retest” in Wyckoff terms?,Price returns to resistance for a BU after jumping the Creek.
How can Wyckoff help avoid false breakouts?,By requiring confirmation of Springs/UTADs through test and volume behavior.
What does volume divergence in markup suggest?,That demand is weakening and possible distribution may begin soon.
When does a Spring lead to new structure?,"If test and SOS follow, triggering full Accumulation resolution."
What typically follows a UTAD in Phase C?,"A Major Sign of Weakness (MSOW), confirming the start of markdown."
Why is a Spring usually followed by a test?,To validate that supply is exhausted before price moves higher.
What does AR establish in Accumulation?,The upper boundary of the trading range after SC.
How can an ST in Phase B mislead traders?,It may appear as a bullish reversal but lacks confirmation from Spring or test.
Why is the LPS important after SOS?,It confirms support and often serves as a re-entry point.
What is UT in Wyckoff methodology?,Upthrust — a temporary breakout above resistance to test demand.
"Why does Wyckoff recommend entering after test, not Spring?",Because the test confirms the Spring's validity with less risk.
What is the function of Phase B in Distribution?,To test the market and allow smart money to unload positions.
What signals the end of Accumulation?,A strong SOS followed by LPS and price trending upward.
What does ST stand for?,Secondary Test — revisits prior support/resistance to evaluate remaining supply/demand.
What is a common trait of valid LPSY?,Occurs on low volume and fails to make a higher high in Phase D.
How do you identify SC on a chart?,A panic-driven wide down bar with extreme volume and closing off the lows.
When is an AR most trustworthy in Redistribution?,When it fails to rally much and is quickly followed by ST or UT.
What is the difference between Spring and Shakeout?,Spring happens in structure; shakeout may occur outside or randomly.
How does CHoCH help Wyckoff traders?,It visually marks transition from range to trend or vice versa.
What does a successful SOS lead to?,Markup and progression into Phase E in Accumulation or Reaccumulation.
What is BC in Wyckoff’s method?,Buying Climax — a high-volume upward surge marking the top in Distribution.
What causes a failed BU?,"Lack of demand support, evidenced by deeper retrace or breakdown."
When does MSOW appear in Wyckoff Distribution?,"Right after UTAD or failure of rallies, marking bearish transition."
What is meant by “Jumping the Creek”?,Bullish breakout through overhead resistance in Accumulation.
Why do UTADs often appear convincing?,They mimic strong breakouts before reversing to trap buyers.
What is ICE breakdown used for?,To confirm the markdown in Distribution or Redistribution.
How does a failed SOS invalidate the bullish setup?,Price returns below breakout level with rising volume.
What characterizes a bullish test after Spring?,"Tight candle, low volume, and no follow-through to the downside."
What is the difference between Phase C and Phase D?,Phase C tests commitment; Phase D shows conviction via breakout.
Why does PS form before SC?,PS absorbs some selling pressure and precedes the climactic drop.
What is the trader’s risk during Phase B?,False breakouts (UT) or fake breakdowns (Spring) without confirmation.
What marks structure transition from Phase D to E?,Sustained price trend with no pullbacks into the prior range.
How does UT differ from UTAD?,UT occurs in Phase B; UTAD happens in Phase C and finalizes the trap.
When is LPS ideal for entry?,After SOS confirms strength and LPS shows demand holding.
How does volume behavior define Spring strength?,Lower volume on test and increasing volume on SOS confirms validity.
What signals the completion of Redistribution?,Price breaks ICE and forms LPSY with no return to range.
Why is AR often the first sign of strength?,"It shows automatic buying after SC, halting the decline."
When is it safe to go long after Spring?,Only after the test and a convincing SOS.
What does SOW imply in Distribution?,That supply dominates and support has been broken with force.
Why do large players trigger SC or BC?,To create emotional extremes for acquiring or offloading inventory.
How do abbreviations help Wyckoff traders?,"They provide shorthand for key events and phases, enhancing clarity."
What is a valid LPSY in Redistribution?,"A failed rally attempt after MSOW, confirming downtrend continuation."
What happens if price stalls after Creek breakout?,Demand may be insufficient; potential retest or failure ahead.
Why are abbreviations like BU and SOS often paired?,Because BU retests the breakout that SOS initiates — confirming strength.
What does a test failing after Spring tell you?,The Spring was not valid; supply remains active.
What comes after LPS in Phase D?,Price typically trends upward into Phase E — sustained markup.
How can Springs trap both bulls and bears?,Bulls may enter too early; bears get caught short before reversal.
What is the role of UTAD in Wyckoff logic?,To confirm Distribution and trigger Phase D markdown.
Why does Phase C often produce highest-quality entries?,Because traps are confirmed and commitment is revealed.
What is ICE in a Wyckoff structure?,A key support line; its break confirms Distribution.
What is PSY?,Preliminary Supply — early resistance seen before Buying Climax.
What does Spring + test + SOS sequence confirm?,That Accumulation is complete and trend is beginning.
What is the role of Creek in Accumulation?,"It marks resistance, and jumping it confirms strength."
How does Phase B help Wyckoff traders?,It provides the testing ground for absorption or distribution recognition.
What makes UTAD different from typical UT?,UTAD finalizes Distribution; UT may be exploratory or temporary.
Why is Phase A rarely tradable?,Because it contains volatility and lacks structural clarity.
What is CHoCH short for?,Change of Character — a clear behavioral shift in price action.
When does LPS become a re-entry point?,After SOS breakout confirms bullish intent.
What does SOW look like visually?,Sharp breakdown through support with increasing volume.
Why is Phase D critical for confirmation?,It validates the prior test (Spring or UTAD) with directional intent.
What is a “false breakout” in Wyckoff terms?,A UT or UTAD that fails to hold and reverses with weakness.
What is meant by “absorption” in Accumulation?,"Smart money quietly buying during consolidation, reducing supply."
What is the best volume profile for AR?,"Moderate volume on recovery, usually lower than SC."
How can ST lead to false confidence?,"It may appear as support, but lack of follow-through means risk remains."
Why is low volume during BU bullish?,It indicates no significant selling interest during retest.
When does price leave the range decisively?,"In Phase E, after confirmation from Spring/SOS or UTAD/MSOW."
What’s a practical use of ST in planning stops?,Set stops below ST low if test holds and entry follows.
What defines a quality UTAD trap?,Sharp breakout reversal with increased volume and immediate sell-off.
What’s the difference between MSOW and SOW?,MSOW confirms breakdown; SOW may be earlier signs of weakness.
How can traders get caught by a UTAD?,They chase the breakout without confirmation of demand.
Why is Phase B full of traps?,It’s meant to test and mislead before final direction is revealed.
When is SC volume misleading?,"If it’s not followed by AR or ST, it may be part of ongoing trend."
What is the danger of entering on BC?,It’s usually the peak of buying and marks end of uptrend.
What causes Reaccumulation to fail?,If resistance holds and price breaks ICE — trend continuation fails.
What does BU retest in Accumulation?,The Creek or prior resistance to confirm support is now valid.
What does a wide spread down bar indicate in Distribution?,Likely SOW or MSOW — supply is in control.
How can ST validate support?,By holding above SC and occurring with declining volume.
Why is LPS useful after SOS?,It gives a higher-probability entry point with trend confirmation.
What is the final test of Distribution?,UTAD — confirms trap and marks start of markdown.
How do Springs function psychologically?,They force capitulation from weak hands before reversal.
When does SC provide a long opportunity?,"Only if followed by AR, ST, and test confirmation."
Why is Phase B important in Redistribution?,It creates the structure to mislead before further decline.
What event transitions Accumulation from C to D?,Successful test of Spring followed by SOS.
What marks the difference between Reaccumulation and Distribution in Phase B?,Support holds in Reaccumulation; resistance dominates in Distribution.
What causes a BU to fail structurally?,Retest with high volume or close below resistance.
What does a Creek retest failure suggest?,The structure may still be forming or demand is insufficient.
How is test success measured in Wyckoff?,By low volume and price stability without follow-through downside.
What does CHoCH following Spring imply?,That the market has transitioned into markup phase.
Why is Spring + test often high R/R?,Low risk entry below range with high potential upside.
What is the typical behavior before UTAD?,"Uptrend slows, volatility increases, and breakout feels overdue."
What happens when MSOW breaks ICE decisively?,Confirms Distribution and marks start of markdown trend.
Why is Creek break not always sufficient for entry?,It must be followed by confirmation (BU or LPS).
What marks Phase D failure in Accumulation?,Breakdown back into range or below LPS with rising volume.
How can Spring happen without a deep low?,Minor undercut or wick may serve the same purpose.
Why does Wyckoff wait for confirmation?,To reduce false entries and increase trade conviction.
What are signs that AR isn’t enough for reversal?,"If it lacks volume, spread, or is followed by deeper lows."
What should a test bar after Spring look like?,"Narrow, low volume, and close in upper half of range."
What causes LPSY to be reliable?,Occurs after weakness is shown and confirms supply dominance.
Why is UT in early Phase B not a short entry?,Because structure is still forming and UT may not be final.
How does Wyckoff reduce emotional trading?,By offering logical phase-based analysis with defined events and traps.
What does it mean when price breaks ICE after MSOW?,It confirms supply dominance and signals markdown in Distribution or Redistribution.
When is Phase D most favorable for bulls?,"After SOS and LPS form cleanly, indicating clear trend direction."
Why does UTAD usually need confirmation?,To distinguish it from early-phase upthrusts and false tops.
What makes SC a reliable trade timing anchor?,It defines structural support and risk boundaries for long setups.
When does a BU provide highest probability entry?,After a clean SOS breakout with light-volume retest at prior resistance.
How does CHoCH help in short entries?,CHoCH after UTAD confirms the shift from bullish to bearish structure.
What does a failed LPS suggest?,That buyers are not in control and markup may not continue.
How can ST help define position size?,It gives a clear range low for stop placement and risk calculation.
What is the entry logic behind a test after Spring?,It confirms lack of supply before committing capital to the long side.
What does UTAD stand for?,Upthrust After Distribution — a Phase C trap marking the end of the range.
How does Reaccumulation differ from Redistribution in structure?,Reaccumulation holds above support; Redistribution fails through support.
Why is AR in Distribution often deceptive?,It may give the illusion of support but often breaks down later.
What signals Reaccumulation is not finished?,Inability to break above resistance and repeated tests of support.
Why should a trader wait for Phase D to enter?,"Because intent is revealed and direction is confirmed, reducing risk."
What is MSOW in Wyckoff terms?,Major Sign of Weakness — a decisive break of support with volume in Distribution.
How do operators use Phase C in Redistribution?,To create fake rallies before full breakdown occurs.
When is a Spring invalidated?,If price breaks down after test instead of reversing upward.
Why does UT trap breakout traders?,It appears bullish until price reverses and triggers markdown.
What is the final action in Accumulation before markup?,Sign of Strength (SOS) and LPS confirming demand.
What does SOS represent?,Sign of Strength — breakout above resistance with volume and conviction.
How can you tell a Spring is not genuine?,If the test bar has high volume or lacks follow-through.
Why is CHoCH often more useful than trendlines?,"It marks behavioral change based on structure, not just price."
What is the best time to short after UTAD?,After MSOW confirms structure failure and price drops from ICE.
When does Reaccumulation enter Phase D?,After a successful test or consolidation and a clean breakout.
What happens when price fails to hold above BU?,The breakout is questionable and may return into the range.
What does SOW stand for?,Sign of Weakness — breakdown through support suggesting Distribution.
Why is Spring + test + SOS a strong setup?,It confirms structure integrity and reduces entry risk.
What happens after Phase C in Distribution?,MSOW and LPSY form as price begins trending down.
When is ST considered a bullish event?,When it holds above SC and leads into a Spring or Phase C test.
What is LPS in Accumulation?,Last Point of Support — retest of resistance turned support confirming demand.
Why does Phase A in Distribution not offer trade setups?,Because direction is unclear and volatility is high.
When can a failed Spring still be valid later?,If price retests and shows a proper low-volume test afterward.
What defines Creek visually?,"An upper resistance line drawn across AR, ST highs in Accumulation."
Why does Wyckoff emphasize “effort vs. result”?,Because it reveals strength or weakness through volume-price divergence.
How can Phase C be identified in real time?,By observing Spring or UTAD formations with associated volume.
Why is a test of the Spring often ignored by retail traders?,"Because it lacks excitement and appears uneventful, yet it confirms trend."
What should a test bar NOT do?,Break below the Spring low or close weak with high volume.
What is the first bullish event in Accumulation?,SC — Selling Climax marks the end of the decline.
Why does Spring serve as a bear trap?,Because it draws in short sellers before reversing sharply.
What does AR stand for in Wyckoff method?,Automatic Rally — bounce after SC or BC that helps define range.
When does Phase B typically end?,When volatility compresses and Spring or UTAD emerges.
How does BU confirm strength?,By holding above breakout level with decreasing volume on pullback.
What happens if LPS fails in markup?,Potential return to the range and possible reversal of trend.
What is a “test in Phase C”?,A validation of the Spring or UTAD — confirms exhaustion of opposing force.
What does BC indicate in the Wyckoff model?,Buying Climax — an overbought surge often ending an uptrend.
When should a trader avoid Spring entries?,When no test appears or price action remains erratic and wide.
What signals weak SOS?,"Low spread, high volume, and failure to follow through."
Why is Phase B untradeable for many traders?,It lacks commitment and includes frequent fakeouts.
How can Reaccumulation fake out traders?,It mimics Distribution until SOS and BU reveal continuation.
What does “Jump Across the Creek” mean?,Breakout over resistance in Accumulation confirming markup.
Why is LPSY often retested?,To ensure weak demand and create confirmation of supply dominance.
What does a Spring test imply for entries?,"It provides a low-risk, high-reward entry point."
When does a UT occur?,During Phase B or early C — to test demand above resistance.
Why is ICE critical in trade timing?,Its breakdown or defense reveals whether markdown continues.
What happens when price returns below Creek?,It suggests breakout has failed and reaccumulation may not hold.
How does UTAD complete Distribution?,It confirms trap behavior and triggers markdown through MSOW.
What are signs of a failing UTAD?,"Lack of reversal, no MSOW, or price holding above ICE."
What is the danger of aggressive entries during Phase B?,High chance of fake breakouts and false signals.
Why do Springs sometimes lead to consolidation first?,Because absorption still needs completion before trend emerges.
What does a tight test after Spring mean?,"Supply is likely absorbed, and markup is ready."
What does LPS stand for?,Last Point of Support — price confirms support and resumes trend.
What happens if test volume is high?,Likely invalid test; supply/demand still active.
Why is volume crucial in all Wyckoff phases?,"It reflects effort, confirms event intent, and reveals operator behavior."
What separates Redistribution from Accumulation?,Prior trend and context — Redistribution follows markdown.
What comes after SOW in Distribution?,"LPSY, as price retests weakness before full markdown."
What defines a good test after UTAD?,"Low volume, lower high, and no bullish follow-through."
What is the purpose of Phase C in Reaccumulation?,To test demand commitment before breakout.
Why should Springs be confirmed with a test?,It reduces the chance of failure and fakeouts.
When does a Creek breakout fail?,When price returns below resistance on high volume.
Why is SOS essential for trend confirmation?,It validates breakout strength and structure resolution.
What is a “trap move” in Wyckoff terms?,Spring or UTAD — designed to mislead traders before reversal.
What does a wide spread bar after UTAD indicate?,Strong selling pressure — likely MSOW forming.
What confirms the end of Reaccumulation?,Jump above resistance with LPS and markup trend initiation.
When is ST in Phase A useful for planning entries?,"If later confirmed by Spring and test, it gives initial range low."
What does low-volume rally after UTAD suggest?,That demand is weak and markdown is likely.
What is the best indicator of smart money absorption?,"Tight range, increasing volume on rallies, no progress on declines."
What happens during Phase A of Reaccumulation?,Initial support forms after markdown; volatility begins to contract.
Why is UT often misread as a breakout?,Because it appears bullish but lacks structural context.
What phase typically contains AR in Redistribution?,"Phase A — right after BC, establishing early boundaries."
How do operators exploit Springs?,They shake out weak holders and absorb shares before markup.
What does LPSY look like on a chart?,"Lower high on decreasing volume, failure to follow through."
Why does Wyckoff prefer bar charts?,"They display spread, close, and volume — key to structural reading."
What confirms a failed breakout from Reaccumulation?,Break below support with increasing volume and no LPS.
When does a Spring usually occur?,In Phase C of Accumulation or Reaccumulation structures.
What does a false SOS indicate?,That the breakout may not be genuine; potential return to range.
Why is MSOW used for confirmation in Distribution?,It confirms ICE breakdown and structure transition to markdown.
How can you differentiate Reaccumulation from a top?,Watch for higher lows and breakout; tops show lower highs and failures.
What is the typical sequence of events in Accumulation?,PS → SC → AR → ST → Spring → test → SOS → LPS → markup.
What marks the transition from Distribution to markdown?,MSOW followed by LPSY and price breaking down.
When does UTAD happen in the Wyckoff structure?,"At the end of Distribution, typically Phase C."
What confirms that Accumulation is complete?,Spring + test + SOS followed by LPS.
What event signals a bear trap?,"Spring — fake breakdown below support, reversed quickly."
Why is test volume analysis important?,It shows if opposing forces are still active or exhausted.
What’s the safest entry point in Accumulation?,After test of Spring confirms support and demand control.
What is the purpose of ST in Redistribution?,To test residual demand and define the lower boundary after AR.
How can MSOW influence your short entry?,It confirms trend change and gives reliable short opportunity after UTAD.
What does AR indicate after SC?,That demand is entering the market and initiating range formation.
When should a trader avoid entering after SOS?,If volume decreases sharply or pullback breaks support with force.
How does a failed LPS show structural weakness?,"It breaks back below resistance-turned-support, invalidating markup."
Why is a Spring not a buy by itself?,It needs confirmation via test or SOS to validate.
What typically marks the completion of Phase C?,Successful Spring or UTAD followed by a strong confirming move.
What signals end of Reaccumulation?,SOS and LPS leading to trend continuation and Phase E markup.
How can you time exits after Distribution?,Use LPSY and breakdown from ICE to exit before markdown accelerates.
What makes AR “automatic”?,It happens as a reflex after SC or BC due to imbalance and lack of opposing force.
What does SC mean?,Selling Climax — intense selling that ends a downtrend and forms Phase A low.
How does CHoCH support test interpretation?,CHoCH following a test indicates a shift in structure and confirms direction.
What happens if Phase C fails to produce Spring or UTAD?,The range may be incomplete or shift into a new structural form.
When does a false SOS occur?,If price rises on low volume and fails to hold above resistance.
Why are abbreviations like ST and AR vital in chart notes?,They reduce clutter and enhance structural readability.
How do operators use UTAD to distribute?,By creating the illusion of breakout and then selling into buying pressure.
What makes ICE a key trigger in short strategies?,Its breakdown confirms bearish intent and phase progression.
When is a BU considered valid?,If the pullback is shallow and volume is low after an SOS breakout.
Why does Wyckoff discourage emotional entries?,Because structural confirmation leads to higher-probability trades.
What is PSY’s significance in Distribution?,It shows initial selling before the Buying Climax sets the top.
Why is a Spring test considered high probability?,It occurs after absorption and offers low-risk confirmation of demand.
How do you know Reaccumulation has failed?,Price breaks support with volume and LPS fails to hold.
What follows SC in a healthy Accumulation?,"AR, then ST and eventual Spring or test."
What are signs of Phase D in Redistribution?,"MSOW, LPSY, and trend acceleration to the downside."
What confirms that a Spring is genuine?,A low-volume test followed by SOS with wide spread and volume.
What does SOS look like on a bar chart?,Strong up bar with large spread and increasing volume.
When should you not trust an AR in Distribution?,If it forms lower highs and is followed by weakness or UT.
Why is LPS preferred over Spring for entries?,It occurs after trend confirmation with less structural risk.
What is a good stop placement for Spring entries?,"Below the Spring or test bar low, where invalidation occurs."
What does a failed UTAD indicate?,That Distribution is incomplete or turning into Reaccumulation.
What defines success in a Phase C test?,"Tight range, low volume, and immediate follow-through."
How do you avoid getting trapped by a UT?,Wait for confirmation via SOW or CHoCH before shorting.
What is the emotional signature of SC?,"Panic selling with wide range, extreme volume, and climactic lows."
Why is AR useful for range drawing?,It helps define the resistance level opposite the SC.
What separates MSOW from a normal down bar?,MSOW breaks key support levels with confirming volume and momentum.
When does Reaccumulation begin Phase B?,After AR and ST help establish the boundaries of the range.
What role does Creek play in trade entries?,Jumping the Creek with strength signals confirmation of Accumulation.
Why is ST in Phase B often misunderstood?,It may appear as reversal but is only part of testing without confirmation.
What is the best confirmation of a UTAD?,Price fails to hold highs and breaks down through ICE with volume.
How do you determine if an LPSY is real?,Occurs after MSOW and fails to make higher highs with weak volume.
What does CHoCH look like in Phase C?,Price action shifts from ranging to trending after test behavior completes.
What confirms structure has entered Phase E?,Price leaves range with strength and doesn’t return to test.
What is the function of PS in Accumulation?,To alert traders to increasing demand and slowing of downtrend.
Why is UTAD risky to short without confirmation?,"It could be temporary — without MSOW or CHoCH, trend isn’t clear."
How does AR in Redistribution compare to Accumulation?,"It’s weaker, shorter-lived, and followed by new lows."
When is a reaccumulation mistaken for a top?,When breakout delays and weak rallies occur before confirmation.
How can SOS serve as an entry and exit cue?,"Entry on breakout, exit if price fails BU or breaks below LPS."
What happens if price breaks above UTAD high?,Structure may be invalidated or need reassessment.
Why is Phase D considered decisive?,Because intent is revealed through SOS or MSOW and structure resolves.
What does LPSY mean?,Last Point of Supply — test rally confirming weakness before markdown.
What are risks of entering at SC?,"Structure is unclear, volatility is high, and traps are common."
Why is a failed Spring dangerous to hold?,It implies supply remains and breakdown is likely.
When is CHoCH meaningless?,If structure hasn’t formed or the move lacks volume confirmation.
What confirms markup in Phase E?,"Wide up bars, higher highs, and rising volume."
How does volume define the quality of a Spring?,Low volume on test confirms lack of supply and potential for markup.
What does test bar failure tell you?,That opposition force remains; breakout or breakdown may fail.
How can SOS and BU be paired in execution?,Enter on BU if SOS breakout is missed — still offers confirmation.
What happens after LPS in Phase D?,Strong trend emergence — usually Phase E markup or markdown.
Why is structure more important than indicators in Wyckoff?,"Structure reveals intent and positioning, not just signals."
How do trap moves strengthen Wyckoff models?,They reflect institutional tactics and validate phase definitions.
Why is ICE breakdown respected in short setups?,Because it confirms the end of Distribution and beginning of markdown.
What do fake Springs teach traders?,"Confirmation is crucial — without it, risk of failure is high."
When does Phase C typically offer asymmetric reward?,"After Spring or UTAD, with defined risk and potential trend start."
What does a BU retest failure warn of?,"Structure may not be complete, or demand may not be present."
How do you confirm an SOS in Reaccumulation?,"Wide spread up bars, increasing volume, and LPS follow-through."
What is the emotional signature of UTAD?,Overconfidence followed by sudden reversal and panic selling.
Why is LPS entry considered conservative?,Because it follows confirmation of structure resolution.
What is the worst time to trade in Wyckoff structure?,"Phase B — due to fakeouts, wide ranges, and traps."
What event gives short confirmation after UTAD?,MSOW — it confirms the top and trend reversal.
What does a Creek breakout with volume suggest?,Demand has taken control and markup is beginning.
Why is ST sometimes mistaken for Spring?,It revisits lows but lacks the false breakdown and reversal signature.
What does a “jump and back-up” mean?,Breakout followed by BU test confirming support holds.
What happens when price can’t hold above Creek?,Breakout likely false — range continuation or reversal ahead.
How does UT differ from LPSY?,UT tests resistance early; LPSY is a weak rally after breakdown.
Why should tests not exceed Spring’s low?,They invalidate the Spring and suggest breakdown.
What makes Phase C risky yet rewarding?,It’s where traps occur but also offers the best R/R setups.
What should a strong SOS be followed by?,An LPS — to confirm support before sustained markup.
How do you know Distribution is confirmed?,UTAD → MSOW → LPSY → breakdown below ICE.
What defines a failed breakout in Accumulation?,Price returns into range with volume and breaks below test or LPS.
When does Phase B transition to C?,When volatility narrows and Spring or UTAD emerges.
Why is LPS the preferred entry in trending markets?,It reduces risk and confirms the bullish trend is intact.
How can Wyckoff help exit trades profitably?,"By identifying structure completion, phase shifts, and reversal cues."
What marks the start of markup?,Confirmed breakout from Phase D or test in Phase C.
How can abbreviation-based mapping help automation?,It enables structured labeling and retrieval in RAG pipelines.
What is a high-confidence confirmation of Reaccumulation?,"Test of Spring, followed by SOS and clean BU."
Why is structural context crucial for entries?,"Without it, setups may be invalid or traps in disguise."
What happens after a Spring with no test?,Setup is unconfirmed — wait for validation before entering.
What causes a BU to fail structurally?,High-volume rejection or lower high returning to range.
Why is UT risky during uptrends?,It may be a pause rather than Distribution — needs MSOW for confirmation.
What distinguishes LPSY from a normal pullback?,"It forms after weakness, not strength, and lacks volume."
When is the test of Spring most profitable?,When it leads to a strong SOS and Phase D markup.
What causes traders to misread AR as support?,"Because AR appears bullish, but without confirmation, it may fail later in the structure."
What makes LPS entries more favorable than Spring?,"LPS confirms trend continuation after breakout, reducing false signal risk."
What happens if test volume increases unexpectedly?,It may indicate supply is still active and test is invalid.
What does BU stand for in Wyckoff terms?,Back-Up — a retest of the breakout zone after SOS.
Why is ICE breakdown so significant in timing shorts?,Because it validates bearish structure and allows risk-defined entries.
How can you use ST to plan invalidation levels?,ST defines a temporary low; breaking it invalidates bullish thesis.
What does UT signal when it fails to reverse?,That the structure may not be Distribution or that Phase C is incomplete.
How do Springs contribute to trend reversals?,"They trap bears, absorb supply, and transition into markup."
What does a successful BU look like?,A shallow pullback on low volume that respects prior resistance.
What does LPSY test in Distribution?,It tests broken support and confirms weakness before continued markdown.
Why are abbreviations like SOS and ST useful in logs?,They make structural mapping and notes concise and searchable.
What confirms that a UT is only Phase B noise?,Lack of follow-through and no SOW afterward.
What is the risk of entering trades during Phase B?,Structural traps like false breakouts and breakdowns are common.
When is Spring best used for aggressive entry?,When followed immediately by narrow-range low-volume test.
Why does Phase C carry the most opportunity?,It reveals true intent via trap events and defines clear R/R setups.
What does MSOW stand for?,Major Sign of Weakness — a sharp breakdown confirming bearish structure.
Why is ST volume comparison important?,It shows whether supply is decreasing versus prior lows like SC.
When is Phase E officially underway?,When price moves cleanly away from the structure and doesn't return.
Why is UTAD dangerous for trend followers?,It looks like a breakout but is a trap ending Distribution.
How do you identify a strong LPSY?,Price makes a lower high with low volume and breaks down after.
Why does Wyckoff use phases instead of patterns?,"Phases reflect intent and evolution, not just static formations."
What separates ST from a full Spring?,"ST doesn’t break prior support, while Spring undercuts it."
How can AR mislead new traders in Accumulation?,"It feels like a reversal, but without Spring/test, trend is unconfirmed."
What does Phase D of Reaccumulation typically contain?,"LPS, SOS continuation, and breakout confirmation behavior."
What invalidates a BU test?,Close below breakout level on rising volume and sustained weakness.
Why is Phase A not used for entries?,Trend is still ending; clarity emerges in later phases.
What confirms that SC has occurred?,"Wide spread down bar on high volume, often closing in upper third."
Why is Creek breakout meaningful only with volume?,Because strength must be confirmed by effort to validate breakout.
How does Spring create fear?,By breaking support and triggering stop losses before reversing upward.
What marks the transition from testing to markup?,Successful Spring/test followed by strong SOS and no return to range.
When is LPS the best risk-adjusted entry?,After SOS shows breakout strength and price pulls back lightly.
How does test after UTAD differ from test after Spring?,UTAD test fails upward; Spring test fails downward — both confirm traps.
Why do abbreviations improve strategy automation?,They simplify structural tagging and parsing in machine learning workflows.
What defines a valid test bar after Spring?,"Narrow range, low volume, and close near high of bar."
Why is Volume Spread Analysis integral to Wyckoff timing?,It reveals intent behind price movement — effort vs result.
What happens when LPSY is followed by wide down bar?,Structure confirms Phase D of Distribution; markdown begins.
What causes a failed Phase D in Accumulation?,Price breaks below LPS and returns to range with high volume.
Why is Phase B called the “testing phase”?,Because it explores supply/demand boundaries without revealing intent.
What signals the difference between Phase D and E?,"Phase E has continuous trend behavior, while D shows structural confirmation."
What’s the difference between Spring and Shakeout?,Spring occurs at structure support; shakeout may happen more randomly.
What does CHoCH after a test confirm?,That the structure has shifted into a new trend phase.
When should Creek breakout not be trusted?,If volume is weak or price quickly reverses below breakout.
What happens if MSOW has no LPSY follow-through?,Structure may still be in Phase C; Distribution incomplete.
Why is SC not an immediate buy signal?,"It may be followed by further testing (AR, ST) before trend starts."
How does test validate prior Spring?,It shows no significant selling remains and structure is ready for markup.
What is the danger of ignoring structural phases?,"Entries may be premature, risking traps and invalidations."
What happens when SOS forms without prior Spring?,Structure may be incomplete or represent Reaccumulation instead.
Why is understanding abbreviations like UTAD vital?,They allow quick identification and tagging of complex market behavior.
What causes false confidence after an AR?,"The move looks strong, but it’s reactive — not confirmation."
What event in Phase D confirms continuation of strength?,LPS forming above breakout and holding during consolidation.
How can UTAD be anticipated?,By recognizing previous volatility and failure near resistance highs.
Why is ST important before Spring?,It defines the trading range and prepares for structural trap.
What makes Phase C the “commitment” phase?,"Traps are triggered, and real directional intent is revealed."
What is the correct reaction to a failed Spring?,Wait for a retest or full invalidation before committing capital.
How does LPS differ from SOS in function?,SOS is breakout; LPS is confirmation and often ideal for re-entry.
What phase comes after UT in Distribution?,"Phase C, where UTAD may occur."
What does test of BU show in Accumulation?,That prior resistance now acts as support — validating breakout.
How do you spot a weak test after Spring?,"If volume is high or range wide, supply may not be absorbed."
What typically follows a successful BU test?,Continuation into Phase E — full trend emergence.
What is the danger of trading just based on indicators?,"They may miss structure context, increasing risk of failure."
What makes MSOW high conviction for shorts?,It follows structure failure and signals institutional unloading.
How can abbreviations reduce noise in logs?,"They compress information, letting structure emerge clearly."
What should a Spring not be followed by?,Immediate breakdown or weak SOS — this invalidates the setup.
What event transitions Distribution into markdown?,MSOW after UTAD with follow-through volume.
What marks end of Reaccumulation Phase D?,LPS confirmation followed by breakout trend behavior.
How is LPSY different from BC?,BC is climax; LPSY is confirmation of breakdown readiness.
Why is ST often overlooked by retail traders?,"It lacks volatility or excitement, yet it defines structural context."
What does failure to jump Creek imply?,That resistance is not overcome — reaccumulation may fail.
When is Spring a lower probability setup?,"When it lacks test, or test volume is higher than Spring itself."
How do structural events define Wyckoff entries?,They offer precise timing cues with defined risk and context.
What invalidates a CHoCH signal?,No supporting volume or phase context — structure might be incomplete.
How do you confirm end of Distribution?,UTAD → MSOW → LPSY → breakdown through ICE.
What makes a test after UTAD a great entry?,It allows shorting near resistance with structural confirmation.
When is an AR not useful for entries?,"When no SC or PS precedes it, making it ambiguous in structure."
What causes confusion between Phase B and C?,Traders may mistake early testing for commitment phase.
What separates successful Springs from failed ones?,Follow-through via test and SOS behavior post-spring.
Why is volume analysis critical for tests?,It determines presence or absence of supply/demand during key events.
What is the behavioral signature of UT?,"Optimism, breakout enthusiasm, and quick reversal."
How is PSY different from BC?,PSY is early resistance; BC is the peak climax of buying.
Why does Wyckoff use a 5-phase model?,To explain how supply/demand shifts gradually through structure.
What is the advantage of entering after LPSY?,Bearish trend is confirmed; entry carries lower risk.
How do Spring and UTAD reflect operator strategy?,They trap traders on wrong side to create liquidity for accumulation/distribution.
When does ICE breakdown hold most value?,When preceded by LPSY and confirmed with volume surge.
Why is ST necessary before Spring?,"To set context, define range, and allow trap pattern later."
What happens when test bar is wide with high volume?,Test likely failed; presence of supply confirmed.
"How do abbreviations like SC, ST, AR improve retrieval?",They allow chunk indexing and easier querying in vector databases.
What marks a valid breakout in Phase D?,SOS with strong volume and no return to Creek or prior resistance.
When does Phase B officially end?,When volatility compresses and structure begins forming Spring/UTAD.
What is the test’s role in reducing risk?,It confirms prior trap (Spring/UTAD) and validates trade direction.
How does Phase E differ from breakout retests?,Phase E sustains directional trend — retests may still be range behavior.
What’s the best stop placement after LPS?,Below the prior LPS low or structure base to minimize loss.
What defines failure of Distribution structure?,Breakout above UTAD highs without reversal — structure invalidated.
What should follow a successful CHoCH?,Clear price continuation in breakout/breakdown direction.
Why is BU more reliable than early breakout?,It confirms support holds after price discovery above resistance.
What is meant by “climactic action” in Wyckoff?,An emotionally charged price/volume spike at SC or BC.
When is SOS considered weak?,If it's followed by immediate return to range and loss of breakout.
Why is Phase C called “The Trap”?,Because it’s where most false breakouts/breakdowns occur.
What confirms true breakout from Accumulation?,SOS with BU holding above prior resistance and structure integrity maintained.
What defines the safest long setup in Wyckoff?,Spring → test → SOS → LPS — all showing demand control and confirmation.
What are waves in Wyckoff methodology and why are they important?,"Waves are price movements of varying sizes that form trends. They help traders assess the relative strength or weakness of supply and demand over time, aiding in identifying trend direction and turning points."
How does Wyckoff define waves and their role in analysis?,"Waves represent fluctuations in price that interrelate in a fractal pattern, and studying them helps traders judge trend quality and potential reversals."
What is the significance of wave relationships in market structure?,"Wave duration, speed, and range offer insights into trend strength and reversals, allowing a clear read on supply-demand balance."
How does Wyckoff categorize the basic market structure?,"The market alternates between trends (up or down) and trading ranges (accumulation or distribution), forming the price cycle."
What are the two fundamental states in a Wyckoff market cycle?,The market is either trending (uptrend or downtrend) or in a trading range (accumulation or distribution).
What defines accumulation and distribution in Wyckoff theory?,"Accumulation occurs at cycle lows when professionals buy, while distribution occurs at highs as they sell to uninformed participants."
What happens after accumulation in the price cycle?,"After accumulation, an uptrend begins as professionals confirm the path of least resistance is upward and initiate mark-up."
How do professionals verify the path of least resistance before a trend?,They conduct repeated tests to confirm a lack of supply or demand before initiating mark-up or mark-down phases.
What triggers the start of a downtrend in Wyckoff’s cycle?,"Once distribution is complete and demand is weak, professionals initiate a downtrend, taking advantage of the path of least resistance downward."
Why is identifying the market phase important?,"Knowing whether the market is in accumulation, uptrend, distribution, or downtrend helps traders avoid entering against the dominant trend."
Why should traders avoid trading against the market phase?,"Trading against the dominant phase (e.g., shorting in uptrend) increases risk; identifying the phase helps align with trend logic."
What are the four main stages of the price cycle?,"Accumulation, uptrend, distribution, and downtrend."
How does Wyckoff define trend direction?,A bullish trend shows higher highs and higher lows; a bearish trend has lower highs and lower lows; a lateral trend lacks directional structure.
What characterizes an uptrend according to Wyckoff?,"A sequence of rising impulses and pullbacks, where each high and low is higher than the last."
How does Wyckoff describe a downtrend?,"A downtrend is formed by decreasing highs and lows, showing sustained selling dominance."
How does Wyckoff define a lateral or sideways market?,"A range-bound condition with fluctuating highs and lows, lacking directional momentum."
What are the three durations of trends in Wyckoff?,"Short-term, medium-term, and long-term trends, which can exist within one another and may move in different directions."
Why is timing more critical in short-term trading?,"Short-term trading requires precise entries and exits, making timing crucial to avoid small losses and missed opportunities."
How does emotion influence trends in Wyckoff’s view?,"Greed drives bull markets leading to overbought conditions, while fear drives bear markets resulting in oversold panic selling."
Why is discipline important when managing positions across timeframes?,Holding both long and short positions simultaneously across timeframes demands discipline and is best suited for experienced traders.
What does Wyckoff mean by “path of least resistance”?,"It refers to the direction where price moves most easily—upward when supply is weak, or downward when demand is weak."
How do you assess trend strength using speed?,A faster price movement compared to past behavior suggests strength; slower movement signals weakness.
How is projection used in Wyckoff trend assessment?,Projection compares the distance of impulses to determine whether strength is increasing or decreasing.
What is depth in trend analysis?,"Depth measures how far reversals travel, helping determine whether trend strength or weakness is emerging."
How does Wyckoff define trend lines?,Trend lines connect key highs or lows to identify areas where demand or supply is expected to reappear and help evaluate trend health.
What is the role of support and resistance lines?,Horizontal lines mark prior areas of imbalance where supply or demand previously reversed price and may do so again.
What does it mean when price breaks a trend line?,"A trend line break suggests possible exhaustion or a change in speed, but must be confirmed by volume and price behavior."
What are overbought and oversold conditions in Wyckoff channels?,Overbought occurs when price exceeds the top of a rising channel; oversold when it dips below a falling channel—both suggest potential reversal or correction.
Why does Wyckoff emphasize channel touchpoints?,"The more touches on a trend channel, the more valid and predictive it becomes for identifying reversals or continuation points."
How are trading ranges interpreted in Wyckoff methodology?,Trading ranges are periods of consolidation where accumulation or distribution occurs in preparation for a new trend phase.
Why are trading ranges considered optimal for trade positioning?,Positioning during ranges allows capturing larger trend moves with better risk/reward than entering after trend confirmation.
How do speed and projection work together in trend evaluation?,"Speed reflects how fast price moves; projection compares the range of impulses. Together, they help determine if the trend is gaining or losing strength."
How does Wyckoff use speed and impulse range to assess trends?,He combines price velocity and distance traveled to judge if momentum is accelerating or fading.
Why is analyzing both speed and projection critical to trend health?,"Because faster, longer moves signal strength, while slowing, shorter moves point to potential exhaustion."
What does a deeper pullback suggest in Wyckoff trend analysis?,A deeper pullback indicates increasing weakness and possible trend reversal.
Why are large retracements a red flag for trend continuation?,"They show sellers or buyers are gaining ground against the trend, reducing its strength."
How does Wyckoff interpret increasing correction depth?,"It signals demand or supply is pushing harder against the trend, potentially leading to a reversal."
How do lines help define price structure in Wyckoff analysis?,"Lines identify support, resistance, and trend boundaries, aiding in judging exhaustion or continuation."
What is the role of horizontal lines in price behavior?,"They mark key price zones where supply/demand imbalance occurred, offering future reaction points."
How are horizontal lines like shafts used in Wyckoff?,Shaft lines flip roles between support and resistance and act as magnets for price activity.
What are demand lines and supply lines?,"In an uptrend, demand lines connect rising lows; in a downtrend, supply lines connect falling highs—both show likely reaction zones."
How does Wyckoff use trend lines to guide trade decisions?,They indicate where buyers or sellers might reappear and help confirm strength or weakness when tested or broken.
Why is line slope important in trend line drawing?,Lines with too steep a slope break easily and give misleading signals; proper slope ensures reliability.
What’s the meaning of a trend line break in Wyckoff?,A break is not inherently bearish or bullish—it depends on the pre-break behavior and volume signature.
Why does Wyckoff avoid over-relying on trend line breaks?,Because false breaks are common; confirmation from price-volume context is essential.
How are channels constructed and used in Wyckoff methodology?,"Channels are built by anchoring a parallel line across highs or lows to define price boundaries, aiding overbought/oversold detection."
What is an overbought condition in Wyckoff?,"When price exceeds the upper limit of a rising channel, indicating buyers may be exhausted."
How does Wyckoff define oversold price action?,"When price dips below the bottom of a falling channel, suggesting sellers may be exhausted or profit-taking is occurring."
Why are oversold and overbought signals valuable?,They signal exhaustion and increased probability of a corrective or reversal move.
What emotions drive bull and bear markets in Wyckoff’s view?,"Greed fuels bull markets, while fear drives bear markets—these emotions distort rational price behavior."
How does fear manifest during a bear trend?,"It causes panic selling, leading to oversold conditions as weak hands exit positions."
What causes an overbought market in Wyckoff theory?,"Greed pushes prices excessively high as late buyers pile in, setting the stage for distribution."
What are inverted lines in Wyckoff trend analysis?,They are trendlines built by starting with the opposite-side line to guide early structure in unclear trends.
Why does Wyckoff use inverted lines during fast markets?,They help estimate potential support or resistance when trends haven’t fully formed.
How are converging lines different from regular channels?,They are created independently and reflect exhaustion when price fails to reach prior channel limits.
What does failure to reach an overbought line imply?,It shows buyer weakness and warns of a potential reversal.
What does missing the oversold line in a downtrend suggest?,It reveals underlying buyer strength and a possible bullish turn.
How does Wyckoff describe a trading range?,"A lateral price zone where supply and demand are balanced, often preparing for accumulation or distribution."
What are the key roles of trading ranges in Wyckoff?,They house accumulation/distribution campaigns and offer low-risk entry zones for future trends.
Why does Wyckoff say markets spend most time in ranges?,"Because price often consolidates as professionals build or unload positions, pausing before the next major move."
What determines whether a trading range is accumulation or distribution?,"The presence or absence of professional interest, seen through price-volume behavior, signals the intent behind the range."
How can you distinguish accumulation from random range?,"By identifying tests, volatility shifts, and volume patterns that show absorption or supply capping."
How does the law of cause and effect relate to ranges?,"The time and activity within a range build the cause, which determines the magnitude of the future trend effect."
Why are longer ranges significant in Wyckoff?,They imply stronger cause-building and support larger resulting price movements.
How do professionals confirm the path of least resistance before breaking out?,They test supply or demand levels within the
What does Wyckoff mean by the fractal nature of waves?,Waves are nested within each other—small waves form part of larger ones—allowing multi-timeframe analysis and alignment of market structure.
How do fractals enhance wave analysis in Wyckoff?,"They reveal that minor waves fit into intermediate and major trends, helping confirm broader direction and timing."
Why are smaller waves relevant in Wyckoff analysis?,Because they provide early clues of trend shifts before they're visible in higher timeframes.
What emotional behaviors drive overbought markets?,Greed drives prices beyond value as uninformed buyers rush in near tops.
How does fear lead to oversold conditions?,"Panic causes mass selling, forcing prices below value as weak hands rush to exit."
What market behavior reflects the emotion of greed in Wyckoff?,"Sharp upmoves on high volume without follow-through, often leading to a BC or UT setup."
What happens when price fails to continue after a strong impulse?,"It signals weakness or absorption, suggesting the move may be near exhaustion or reversal."
Why is follow-through important after impulse moves?,"Without follow-through, effort may lack result, indicating potential divergence or buyer/seller fatigue."
What does poor follow-through after a wide-spread bar suggest?,"It implies hidden opposition or lack of commitment, often hinting at a reversal."
Why does Wyckoff caution against trading both directions simultaneously?,Because conflicting trades across timeframes demand high discipline and often confuse inexperienced traders.
What makes holding long and short positions risky for most traders?,It requires strong emotional control and clear multi-timeframe alignment—something most beginners lack.
Why is dual positioning discouraged in Wyckoff unless you're experienced?,Because it increases complexity and risk of mismanaging conflicting trades.
What does Wyckoff mean by analyzing strength vs. weakness?,"It involves comparing current up/down moves in terms of range, speed, and volume to detect which side is dominating."
How is strength/weakness evaluated in trend phases?,By assessing whether each impulse outperforms the last and whether retracements deepen or shrink.
What signals growing weakness in a rising market?,"Shorter upmoves, longer corrections, and failure to make new highs all point to buyer fatigue."
What happens when each pullback in a trend becomes deeper?,It indicates decreasing control from the dominant side and increasing opposition—potential trend reversal.
How is a healthy trend confirmed using projection and depth?,"Each impulse exceeds the last and each correction is shallower, signaling continuation strength."
What if projection decreases but pullback depth increases?,"It indicates divergence and trend exhaustion, requiring caution or exit."
How are shaft lines used in Wyckoff?,"Shaft lines act as pivot zones—once broken, they often reverse role from support to resistance or vice versa."
What does Wyckoff say about testing trend lines?,A valid trend line will see multiple touches and respect; breaks with volume signal structural change.
What role does line validation play in Wyckoff analysis?,Repeated touches without break confirm its legitimacy as a structural reference.
Why must trend lines be redrawn during consolidation?,"Because the angle of movement shifts, requiring updated boundaries that reflect new behavior."
How are dynamic channels drawn in Wyckoff methodology?,By anchoring lines to price extremes in trend waves to capture overbought and oversold boundaries.
What is the implication of price breaking above the OB line?,"It suggests climax behavior, potential buyer exhaustion, and opportunity for distribution."
What does a move below the OS line indicate?,"Likely panic selling or weak hands exiting, signaling potential demand zone or early accumulation."
Why is identifying exhaustion patterns important?,They help time entries or exits when trends approach limits of movement or participation.
What are characteristics of price nearing exhaustion?,"Lower volume on breakouts, shallower impulses, and failure to push past resistance zones."
What does Wyckoff say about low-volume tests in ranges?,"They suggest a lack of opposition—if price tests support without volume, sellers are likely absent."
Why do failed breakdowns in a TR suggest strength?,"Because buyers absorb selling pressure, creating traps and confirming accumulation (Spring or Test)."
How is the Spring (SP) event validated in Wyckoff?,"By a quick recovery back into the range on low volume, followed by a strong rally (SOS)."
How can the AR help identify range boundaries?,"It defines the top of the initial bounce after SC or PS, marking resistance within the TR."
What does the ST confirm after an SC?,It retests supply near SC to confirm lack of sellers and usually marks the end of Phase A.
How do SC and AR shape early accumulation?,"SC stops the fall, AR marks resistance, and ST validates structure—setting the range foundation."
What does low volatility and volume during a TR suggest?,Stock is being absorbed; reduced interest means less opposition—classic accumulation signs.
Why is volume contraction important in accumulation?,It indicates stock is drying up and professionals are preparing for markup.
What defines professional interest in a range?,"Presence of tests, Spring-type events, and clean reactions to key levels signal strong hand involvement."
What does Wyckoff mean by “the market must be in professional control”?,"It means strong hands dominate activity, having absorbed supply or demand to steer price."
How do pros trap weak hands during accumulation?,By shaking price below support (Spring) to trigger stops and then absorbing the selling.
What’s the logic behind the test after a Spring?,To confirm that no meaningful supply remains—ensuring path of least resistance is upward.
Why is the LPS after a Spring a key entry point?,It confirms strength and offers low-risk positioning before the major breakout (SOS).
What does Wyckoff mean by the “line of least resistance”?,"It's the direction in which price moves with minimal opposition—upward when supply is weak, and downward when demand is weak."
How is the path of least resistance determined?,"By observing whether buyers or sellers dominate, guiding price in the easier direction."
Why is identifying the least resistance path important in trading?,It helps align with the dominant force—supply or demand—improving trade timing and reducing risk.
What defines a bullish trend in Wyckoff terms?,A series of higher highs and higher lows formed by rising impulses and shallow pullbacks.
How can we recognize a bearish trend according to Wyckoff?,"By a consistent pattern of lower highs and lower lows, signaling seller dominance."
What visual pattern suggests a market is in a downtrend?,Falling peaks and valleys that continue breaking previous lows.
What characterizes a sideways or lateral trend?,Price oscillates within a range without making meaningful new highs or lows.
How does Wyckoff describe non-directional market behavior?,As a lateral environment where buying and selling pressures are temporarily balanced.
What signals that a market is in a neutral position?,When price lacks trend structure and fails to break support or resistance zones.
Why are turning points near resistance or support critical?,They often indicate exhaustion and present high-probability trade setups.
What happens when price fails to break a resistance level?,"It suggests sellers are absorbing demand, increasing the chance of reversal."
What does Wyckoff say about pivot points in trend analysis?,"They are key moments where price either confirms direction or reverses, offering trade opportunities."
How should a trader handle conflicting trends on different timeframes?,By choosing a primary timeframe to trade from and aligning smaller ones with it.
Why is it risky to trade against the larger trend even if the short term looks favorable?,Because dominant forces on higher timeframes can overpower short-term patterns.
What does Wyckoff recommend for new traders regarding trend selection?,Start with long-term trends for more clarity and reduce reliance on precise timing.
Why is long-term trend trading more suitable for beginners?,"It offers broader context, slower decisions, and less need for perfect timing."
What makes short-term trading more difficult?,"It requires precise timing and faster decision-making, increasing emotional and technical demands."
Why is timing more critical in short-term trades?,"Because the margin for error is smaller, and reversals can happen quickly."
What happens if a trader misjudges the trend's health?,They may enter against the dominant force and face increased risk or loss.
Why is trend health assessment essential before entry?,To avoid weak trends or reversals and improve trade success probability.
How do you judge trend strength using price alone?,By comparing the size and consistency of up or down moves versus their corrections.
What does increasing impulse length suggest in an uptrend?,That buyers are gaining control and the trend may strengthen.
How does decreasing impulse size affect trend analysis?,It implies waning momentum and increased vulnerability to reversal.
What does a shallow pullback indicate in an ongoing trend?,"That the counterforce is weak, and the trend is likely to continue."
What does Wyckoff suggest about steep trend lines?,They tend to break quickly and often don't reflect sustainable movement.
Why must trend lines be redrawn as the market evolves?,Because price angle changes require realignment to maintain accurate analysis.
What is the danger of drawing too many trend lines?,It creates confusion and weakens their analytical value.
Why should trend lines have multiple touches to be valid?,More interactions confirm their importance as reaction zones.
How do horizontal support and resistance lines guide trades?,They highlight prior turning zones where future reactions are likely.
What is a shaft line in Wyckoff analysis?,A horizontal level that alternates between acting as support and resistance depending on direction.
What does volume reveal during trend development?,Volume shows the level of participation and can indicate strength or weakness depending on how it aligns with price movement.
How is volume used to analyze trends in Wyckoff?,Volume helps confirm whether the price movement is supported by strong interest or is likely to fade.
Why is volume critical for confirming price direction?,It validates whether buyers or sellers are truly committed to moving price in that direction.
What happens when price moves up but volume decreases?,It suggests weakening demand and a potential loss of upward momentum.
How do we interpret rising prices with falling volume?,"As a sign that fewer buyers are participating, which can precede a reversal or stall."
What does divergence between price and volume mean in an uptrend?,It may indicate that the move is unsustainable and losing strength.
What does increasing volume on a down move imply?,It shows strong selling pressure and suggests continuation of the bearish movement.
Why is rising volume during a decline significant?,"It confirms active participation by sellers, reinforcing downward momentum."
How does Wyckoff interpret high volume during downtrends?,"As a sign of strong supply, potentially marking continuation unless absorption occurs."
What does low volume during a pullback signal?,That the countertrend move lacks conviction and may precede a trend continuation.
How can low volume retracements be interpreted?,"They suggest weakness in the opposing force, which supports the prevailing trend."
Why does Wyckoff value quiet corrections?,"They often indicate healthy trends, where opposition is minimal."
What is meant by “effort versus result” in Wyckoff?,Effort refers to volume and result to price movement; their alignment or divergence signals trend strength or weakness.
How do we detect harmony between effort and result?,"When large volume leads to significant price movement, showing commitment and confirming the trend."
What does it mean if there's high effort but little price result?,"It suggests absorption or opposition, weakening the move’s sustainability."
How do waves help determine market direction?,"By comparing wave size, speed, and depth, traders can spot strength shifts and anticipate turning points."
Why is wave comparison useful in Wyckoff analysis?,"It shows whether one side is gaining or losing control, helping to assess trend continuation or reversal."
How does Wyckoff evaluate strength through wave structure?,He looks for expanding impulses and shrinking pullbacks to confirm direction.
What defines a healthy bullish trend in wave terms?,Longer upwaves and shorter downwaves show strong buyer control.
What does a weakening uptrend look like via wave analysis?,"Shorter advances and deeper retracements, signaling potential buyer fatigue."
What happens when wave depth increases in an uptrend?,"It shows stronger counter-pressure, possibly leading to a trend shift."
Why do smaller impulse waves matter in trend reading?,They often warn of lost momentum and prepare traders for potential reversal.
How does Wyckoff define projection in price analysis?,"Projection measures how far price travels in each move, indicating energy behind the trend."
What is the importance of depth in trend pullbacks?,It helps judge whether opposing forces are growing or weakening.
How does Wyckoff use speed to judge trend quality?,Faster moves suggest conviction and momentum; slower moves imply hesitation.
Why is price speed relevant to trend analysis?,It helps identify if traders are aggressively entering or withdrawing from the market.
How do trend lines show when a move is losing strength?,Repeated touches or a break with weak volume may suggest an upcoming reversal.
What is the role of trend channels in identifying extremes?,They help locate overbought or oversold zones where corrections may start.
Why does price exceeding a trend channel’s top matter?,"It may signal a climax or exhaustion, especially if unsupported by volume."
How can breaking below a trend channel’s base be interpreted?,"As a warning that sellers are overwhelming demand, possibly leading to more downside."
What does Wyckoff say about random price movement?,Apparent randomness often masks underlying structure; careful wave and volume analysis reveals logic and intent.
How can randomness in price action be misleading?,"Without deeper analysis, price may seem chaotic, but it often reflects deliberate market behavior."
Why does Wyckoff reject the idea that price is random?,Because price is driven by supply and demand dynamics that create readable patterns.
What is a trading range in Wyckoff theory?,A lateral zone where price consolidates due to temporary balance between supply and demand.
How does Wyckoff define accumulation in a range?,It’s the process of buyers absorbing available supply in preparation for an upward move.
What role does distribution play in a trading range?,Distribution occurs when sellers unload positions before a downward move.
Why are trading ranges important in Wyckoff’s method?,They offer insights into market preparation before a major directional move.
What signals a transition from range to trend?,A decisive break in price with supporting volume showing imbalance between supply and demand.
Why is volume analysis within a range essential?,"Because it reveals whether professionals are accumulating, distributing, or absent."
What indicates professional activity inside a range?,"Consistent reactions at key levels, tests of highs/lows, and changes in volume and volatility."
Why is low volatility significant during accumulation?,"It often reflects a lack of supply, suggesting professionals are quietly absorbing stock."
What happens when volume and volatility shrink in a range?,It may signal that a breakout is near as opposition is being removed.
How do tests within a range confirm control?,They show whether buying or selling pressure is still active and help confirm readiness to break.
Why does price often pause after a strong trend?,It needs to consolidate and gather strength or shift control to the opposite side.
What is the purpose of a pause or consolidation phase?,To prepare the market for the next move by rebalancing supply and demand.
What happens if a range breaks with strong volume?,It confirms conviction and increases confidence that the move is genuine.
Why does Wyckoff say time in a range matters?,Longer ranges typically generate larger movements once broken.
What does a short range often lead to?,"A smaller follow-through, since the preparation (cause) was limited."
Why is context important in trend interpretation?,It allows the trader to understand whether price is likely to continue or reverse.
How do you avoid trading against the dominant force?,By correctly identifying the market phase and aligning trades with it.
Why is early positioning in a trend favorable?,It offers better entry prices and larger potential gains.
What does Wyckoff recommend before entering a trend?,Waiting for confirmation that the path of least resistance is clear.
What does poor reaction at support suggest?,"Lack of buying interest, which may precede a breakdown or bearish continuation."
How does resistance function in a trading range?,It acts as a ceiling where sellers consistently overpower buyers.
What happens when resistance breaks decisively?,It suggests buyers have absorbed supply and control price direction.
Why do false breakouts occur in trading ranges?,To trap uninformed traders and allow professionals to gain liquidity.
How can a failed breakout help traders?,It exposes the dominant side by revealing the market’s true intention.
Why should traders study the internal structure of ranges?,To identify whether accumulation or distribution is taking place.
How do rising lows within a range influence outlook?,They suggest strengthening demand and potential for upward breakout.
What do falling highs inside a range indicate?,That supply is intensifying and price may soon break lower.
How do rising highs and lows support bullish analysis?,They indicate sustained buyer control and are a visual confirmation of an uptrend.
Why are higher highs and higher lows important in trend reading?,They reflect increasing demand and strengthen the case for continued upward movement.
What do consistent higher lows imply in Wyckoff theory?,That sellers are losing influence and buyers are stepping in earlier with confidence.
What is the role of support in price structure?,"It’s a level where demand previously exceeded supply, often causing price to reverse upward."
How does Wyckoff define resistance?,"A level where supply overcame demand in the past, potentially halting upward movement."
Why are previous highs and lows important for support and resistance?,They are zones where trader memory influences future reactions.
What happens when price returns to a prior support zone?,"It often finds buying interest again, unless the support has weakened or failed."
How do traders use former resistance once broken?,"It often becomes support, as market psychology shifts and buyers defend that level."
What does it mean when support becomes resistance?,"That the market has flipped bias, and prior demand no longer holds."
Why are trendlines useful in Wyckoff’s methodology?,They help visualize price direction and areas where traders might respond.
What defines a valid trendline?,A line with multiple touches that aligns with price action and reflects consistent behavior.
How does Wyckoff suggest adjusting trendlines?,By redrawing to reflect new angles of movement as the market evolves.
Why must trendlines not be too steep?,Because overly steep lines tend to break quickly and give misleading signals.
What does a break of a trendline suggest?,"A potential change in pace or direction, but it must be confirmed with price behavior."
Why doesn’t every trendline break imply reversal?,Because some breaks simply represent slowdowns or temporary pauses.
What is a price channel in Wyckoff analysis?,A set of parallel lines that contain most price movement and identify overbought or oversold zones.
How do you construct a rising price channel?,By drawing a demand line through two rising lows and a parallel line across an intervening high.
What is the purpose of the upper line in a bullish channel?,It marks the overbought area where price may pause or reverse temporarily.
Why are channel extremes significant for trade decisions?,They indicate stretched price behavior and potential turning zones.
How does price behavior near the bottom of a bullish channel guide entries?,It suggests potential support and offers low-risk buying opportunities.
What does it mean when price breaks above a channel?,"It may signal strong momentum or possible exhaustion, depending on volume and context."
Why is overbought behavior inside a channel a warning sign?,"Because it suggests buyers are becoming overly aggressive, increasing reversal risk."
How does Wyckoff interpret failure to reach the top of a channel?,As a sign of buyer weakness and possible trend fatigue.
What does inability to reach support in a downtrend imply?,That sellers may be losing strength and a bullish turn could be near.
How do traders use midpoint levels inside channels?,They act as secondary support/resistance zones and help gauge trend strength.
What’s the value of identifying turning points within a channel?,They offer early entry or exit signals and help manage risk effectively.
Why should traders wait for confirmation after channel breaks?,To avoid reacting to false signals and ensure true intent of market direction.
What makes horizontal levels and channels work together?,"Both define structure; when aligned, they strengthen the validity of trade setups."
How does volume behavior affect trendline interpretation?,"It confirms whether breaks are real or false, based on conviction behind the move."
What does shrinking volume on approach to resistance suggest?,"Lack of demand strength, increasing the odds of a reversal."
What does increasing volume near support indicate?,"That buyers may be stepping in with conviction, supporting a possible bounce."
Why is it important to compare current waves to previous ones?,"Because relative changes in wave size, speed, and duration help determine if buyers or sellers are gaining strength."
What does a longer upward wave than the last suggest?,"That demand is increasing, and the uptrend may continue."
How does a shorter upward wave affect analysis?,It suggests weakening demand and a possible pause or reversal in trend.
What role does time duration play in wave analysis?,"Longer duration waves may indicate stronger control by one side, while shorter ones can signal hesitation."
How can comparing wave durations help spot trend changes?,A slowing trend often shows longer pullbacks and shorter impulses.
What does Wyckoff mean by speed in wave movement?,The angle and rate of price movement — faster moves imply stronger conviction.
How is speed used to evaluate trend momentum?,"Faster waves suggest strong interest, while slower waves may show hesitation or fading demand/supply."
What does a slower wave in the direction of the trend imply?,It may signal reduced strength and potential trend exhaustion.
Why is a fast pullback in a trend a concern?,It shows strong opposing force that could lead to reversal.
What does Wyckoff say about harmony between wave size and speed?,"When both increase, it confirms strength; if they diverge, caution is needed."
How does harmony between effort and result appear in waves?,"When large waves occur with clear price movement and strong volume, the move is confirmed."
What is a sign of divergence between effort and result in waves?,"When high volume produces little price movement, suggesting hidden opposition."
How do converging highs and lows affect trend reading?,They suggest compression and buildup of energy before a potential breakout.
What does a narrowing price range imply?,That volatility is decreasing and a large move may be coming.
Why is compression a key concept before breakouts?,It indicates reduced opposition and increased probability of directional movement.
What does Wyckoff say about line touches and their importance?,"The more times a line is touched, the more valid and significant it becomes."
How do repeated touches strengthen a trendline?,They confirm that traders recognize and react to the level consistently.
Why must traders avoid forcing lines on minor moves?,Too many lines lead to confusion and reduce clarity in analysis.
How does Wyckoff describe market context?,"It’s the overall structural and emotional condition of the market, including trend, volume, and positioning."
Why is market context critical for trade decisions?,It provides the bigger picture needed to avoid trading against dominant forces.
How do emotions like fear and greed manifest in price?,They create overextensions — sharp spikes or collapses — often followed by reversals.
What does Wyckoff say about emotional extremes?,They usually lead to overbought or oversold conditions and signal exhaustion.
Why is understanding trader psychology important?,Because emotions drive market behavior and often cause price to overshoot or undershoot.
What happens when price accelerates too quickly?,It may reach an unsustainable level and become vulnerable to correction.
How can fast moves without volume support be interpreted?,As unstable and likely to reverse once aggressive traders exit.
What does Wyckoff suggest about steep price angles?,They are often short-lived and followed by sideways or reversing behavior.
Why do traders need patience during ranges?,Because the range phase is where positioning happens before a larger move.
What is the benefit of correctly reading a range?,"It allows entry before the breakout, capturing the full trend with low risk."
What signals the range is nearing its end?,"Decreased volatility, shrinking volume, and clearer direction attempts."
How does Wyckoff view indecision inside a range?,"As a natural part of structure building, eventually resolved by a move in the path of least resistance."
What should traders watch before a breakout?,"Volume behavior, wave structure, and whether price is leaning toward one side of the range."
What does Wyckoff recommend during unclear trends?,Wait for price to provide clearer structure or direction before committing to a trade.
How should traders handle markets with no obvious trend?,"Avoid forcing trades; instead, observe wave and volume clues until structure clarifies."
Why is it risky to trade in undefined conditions?,"Because price may be in balance with no dominant force, leading to choppy and unpredictable movement."
How can you detect the early stage of a trend change?,"By observing shifts in wave behavior, slowing momentum, and volume imbalance."
What are signs that a trend may be reversing?,"Weaker impulses, deeper pullbacks, and failure to break previous highs or lows."
How does Wyckoff approach potential trend transitions?,He analyzes relative strength and weakness through wave comparisons and price-volume behavior.
What is meant by trend exhaustion?,A condition where the current direction loses strength and can no longer sustain movement.
What causes trend exhaustion according to Wyckoff?,"Diminishing wave projection, increasing correction depth, and weakening volume commitment."
Why does price often move sideways before a reversal?,Because the market is absorbing positions and testing interest from the opposite side.
What is the function of consolidation within a trend?,It allows temporary balance before continuation or reversal depending on control shift.
How do false breaks play a role in Wyckoff logic?,They trap traders on the wrong side and allow professionals to accumulate or distribute positions.
Why should traders be cautious with early breakouts?,"Without volume confirmation, early moves often reverse and lead to losses."
What makes a breakout trustworthy in Wyckoff’s view?,Strong price action supported by increasing volume and clean structure beforehand.
Why is context important when interpreting breakout success?,A breakout in weak structure is likely to fail; one from strength is more reliable.
How does Wyckoff treat failed breakouts?,As potential clues that the opposite force is taking control.
What does price rejection from key levels suggest?,That the tested side (buyers or sellers) was not strong enough to maintain control.
How do traders interpret long wicks on candles near support or resistance?,As signs of rejection and a potential turn depending on volume and context.
What does shrinking volatility suggest before a big move?,That pressure is building and a breakout may soon occur.
Why is a narrowing range often a precursor to expansion?,"Because the market is compressing, and imbalance will eventually force price to move."
How does Wyckoff view markets that lack interest?,"They are often neutral environments where neither side has clear intent, and moves are limited."
What does lack of participation tell traders?,That the move is likely weak and may not follow through.
Why does Wyckoff avoid acting in low-interest markets?,Because trades there are harder to predict and lack strong follow-through.
How does price behavior reveal intent?,"Through wave progression, volume analysis, and consistency of direction or failure."
What are early signs of demand dominating a market?,"Stronger upward waves, lighter pullbacks, and support holding consistently."
What does weakening supply look like on a chart?,"Price fails to push lower, downward waves shorten, and buyers begin stepping in earlier."
How does Wyckoff identify control shifts?,By watching who controls wave progression and which side absorbs the other’s pressure.
Why are pullbacks in an uptrend important to study?,They reveal whether sellers are still active or fading out.
How do strong trends handle pullbacks?,With shallow retracements and quick recoveries that resume upward movement.
Why is it dangerous to trade against a strong trend?,Because momentum and large interest are likely to overpower minor counter-trend setups.
How do professional traders exploit weak hands in a range?,By using price traps and emotional moves to take the opposite side with low risk.
Why is it important to wait for structural confirmation before entering trades?,Because premature entries often lead to losses if the trend hasn’t clearly formed or reversed.
What happens when traders act before structure is complete?,"They risk entering during consolidation or traps, with limited reward potential."
How does Wyckoff suggest traders avoid premature decisions?,"By studying wave clarity, volume support, and price consistency before acting."
What does Wyckoff say about reacting emotionally to price moves?,Emotional reactions often lead to poor timing and ignoring structural clues.
Why is emotional discipline essential in Wyckoff analysis?,"Because the method relies on observing behavior logically, not impulsively."
How does fear or greed cloud structural judgment?,It leads traders to ignore clear signals and act based on expectations rather than evidence.
What does a shrinking range indicate in wave behavior?,That volatility is decreasing and a significant directional move may be approaching.
How does Wyckoff interpret a narrowing wave sequence?,As a sign of compression and possible breakout once the balance is resolved.
Why is compression often followed by expansion?,"Because markets move from balance to imbalance, and tight ranges build energy for movement."
What causes sudden expansions after narrow ranges?,Breakout of built-up pressure where one side decisively overwhelms the other.
What does Wyckoff teach about wave overlap?,Excessive overlap signals uncertainty and a possible range rather than a trend.
How does overlapping wave structure influence trade decisions?,It discourages trend trades and encourages waiting for better definition.
What is the risk of trading within overlapping waves?,High noise and lack of direction make outcome less predictable.
Why is it better to trade when waves are clean and progressive?,"Because each move builds on the previous, confirming trend strength and clarity."
What defines a clean trend structure in Wyckoff’s terms?,"Sequential, directional waves with low overlap and consistent volume behavior."
What does inconsistent wave behavior suggest?,"That neither side has control, and the market may stay range-bound or volatile."
Why are failed waves significant in Wyckoff logic?,They show loss of control from the expected side and suggest possible reversal.
How can failed highs or lows be used as signals?,They warn of weakness and potential for a break in the opposite direction.
What causes waves to fail near trend lines?,"Exhaustion, opposing pressure, or absence of volume needed to break through."
Why is volume crucial near trend boundaries?,It confirms whether a break is likely to succeed or fail based on commitment.
How does Wyckoff describe price interaction with trend lines?,Approach and reaction to the line reveal strength or vulnerability in the trend.
What does repeated testing of a level imply?,That pressure is building and a break may soon occur in the direction of repeated tests.
Why is a level that holds after many tests significant?,"Because it shows persistent control by the defending side, often leading to sharp reactions."
How does Wyckoff advise interpreting hesitation near key levels?,As a signal to be cautious and await confirmation before acting.
What does swift rejection from a price zone indicate?,"That the opposing side reacted with strength, pushing price away rapidly."
Why are quick reactions important trading clues?,They expose underlying strength or weakness that may not be visible in slower moves.
What happens when price spends little time at key levels?,"It suggests imbalance, with one side dominating and unwilling to share the zone."
Why is time at a level as important as price?,"Because prolonged hesitation suggests indecision, while fast rejection reveals intent."
"What does Wyckoff mean by studying price behavior, not just price levels?",It’s not where price goes but how it gets there that matters — behavior shows control.
How does trader behavior create the structure Wyckoff studies?,"By revealing supply and demand through movement, volume, and reaction at levels."
What does a fast recovery after a price drop indicate?,It may suggest strong underlying demand and a lack of selling pressure.
Why is a quick bounce from a dip significant?,"It shows buyers stepped in aggressively, signaling strength."
What does immediate buying after a decline reveal?,That demand was waiting and confident enough to reverse the drop quickly.
How can lack of follow-through affect price behavior?,It signals that the initiating force may not have commitment or conviction.
What does it mean when a price move fails to continue?,That opposing pressure or lack of volume is preventing continuation.
How does Wyckoff interpret poor follow-through?,As a possible sign of weakness or exhaustion in the trend direction.
What causes price to stall after breaking a level?,It often reflects insufficient commitment or strong opposition near the new zone.
Why do some breakouts lose momentum quickly?,Because the breakout lacked supporting volume or was met with resistance.
What does a pause after a breakout suggest?,That the market may be testing conviction before continuing or reversing.
Why do trends sometimes flatten into ranges?,"Because supply and demand are temporarily balanced, preventing continued movement."
How does Wyckoff view flattening trends?,As potential early signs of trend exhaustion or preparation for a new structure.
What is a signal that trend momentum is weakening?,When price begins to drift sideways with less conviction in either direction.
What can multiple rejections from a level indicate?,That the side defending that level has strong control and is resisting change.
Why is repeated failure to break a level important?,It shows one side consistently overpowers attempts to cross the barrier.
What does Wyckoff infer from repeated reactions at a price zone?,That it's a key area of interest and likely to produce significant moves.
What happens when volume increases but price stays flat?,It suggests absorption is taking place — strong hands are offsetting aggressive orders.
How does high volume with little movement impact analysis?,It indicates hidden strength or weakness depending on context and direction.
What does Wyckoff teach about absorption zones?,They are areas where one side quietly absorbs the other’s pressure before taking control.
How should traders interpret shrinking price ranges with rising volume?,As a sign of struggle and possible upcoming breakout once imbalance emerges.
Why is watching price reaction to volume spikes important?,Because volume without meaningful movement reveals who’s truly in control.
What does low volume during a pullback mean in an uptrend?,It shows sellers are weak and buyers may resume control soon.
How do we know when a pullback is just a pause?,If it occurs on low volume and doesn't break structural support.
What role does wave depth play in trend continuation?,"Shallow pullbacks support trend health, while deep ones may signal reversal risk."
How does Wyckoff describe price behavior before reversals?,"It becomes sluggish, inconsistent, or shows signs of opposing pressure building."
Why are slowing trends warning signs for traders?,"They suggest the dominant force is losing control, raising reversal probability."
What does “loss of momentum” look like on a chart?,"Shorter impulse moves, longer pauses, and less directional conviction."
Why should traders monitor wave consistency?,Because changing wave patterns are often the first clues of structural shift.
What makes wave distortion a signal for caution?,"It indicates imbalance, uncertainty, or preparation for a new phase."
How does Wyckoff interpret broken rhythm in waves?,As a sign the current trend may be ending or changing direction.
What does Wyckoff mean by trend harmony?,"It refers to the alignment of wave structure, volume, and momentum in the same direction."
How is trend harmony recognized on a chart?,When price advances are supported by strong volume and orderly wave patterns.
Why is harmony between price and behavior critical in Wyckoff?,Because it confirms that the dominant force is driving the market without significant opposition.
What does a shallow pullback indicate about trend strength?,That the dominant side is in control and opposition is weak.
Why are short corrections seen as healthy?,They suggest little resistance and increase confidence in trend continuation.
How does a shallow retracement support Wyckoff logic?,It confirms control by the trend-side and discourages counter-trend trading.
How does Wyckoff define a strong impulse move?,A large price movement in one direction with minimal resistance and supporting volume.
What characteristics define powerful upwaves or downwaves?,"Sharp movement, clear structure, and aligned volume."
Why are clean impulse waves important in Wyckoff methodology?,They reveal conviction and allow reliable structure reading.
What happens when impulses shrink in size?,It often signals reduced strength and potential loss of control.
Why do shorter waves raise caution in trends?,Because they suggest the trend may be weakening or preparing to change.
What does Wyckoff infer from decreasing wave size over time?,That the force behind the trend is losing energy.
What causes a trend to lose momentum gradually?,"Fading volume, shrinking impulses, and growing corrections."
How can traders detect fading trend energy?,"By analyzing wave projection, depth, and duration for imbalance."
Why is early detection of slowing trends important?,It helps avoid entries at the end of a move and prepares for structure shift.
What is wave symmetry and why does it matter?,"It’s when wave patterns are balanced and orderly, supporting structural clarity."
How is wave symmetry used in Wyckoff analysis?,It helps assess whether a trend is controlled or unstable.
Why is disrupted wave symmetry a red flag?,It may indicate exhaustion or the emergence of opposition pressure.
What does Wyckoff say about random-looking price movements?,"They may appear chaotic but often follow a deeper, analyzable logic."
Why should traders not assume price is random?,Because patterns in wave and volume behavior reveal underlying intent.
How can structure emerge from noisy markets?,"Through careful observation of wave relationships, trendlines, and volume shifts."
What defines a decisive price move in Wyckoff?,Clear directional movement with volume support and minimal hesitation.
Why does Wyckoff favor decisive moves over indecisive ones?,They reflect stronger commitment and clearer market control.
How does indecision appear in market structure?,"As overlapping waves, small bars, and conflicting volume behavior."
What is meant by “commitment” in a price move?,"The presence of clear direction, volume, and minimal resistance."
How do traders measure conviction in Wyckoff terms?,"By evaluating wave speed, volume, and continuation after breakout."
Why are breakout follow-throughs key to conviction?,They confirm that the breakout was not random but supported by strength.
What should traders expect after a strong breakout?,"Follow-through movement, aligned volume, and minimal pullback."
What does Wyckoff teach about the role of hesitation near breakouts?,It can signal lack of conviction and possible false move.
Why is a quick reaction post-breakout preferred?,Because it shows commitment and reduces trap probability.
How does Wyckoff handle breakout failures?,"As possible signals of a trap, reversal, or the need to reassess structure."
What does Wyckoff say about the interaction of supply and demand at turning points?,"Turning points form when one force overtakes the other, shifting market direction."
How are turning points identified in Wyckoff logic?,"By changes in wave behavior, volume, and failure of the dominant side to continue progress."
Why are turning points critical in market structure?,They signal shifts in control that lead to new trends or major reversals.
What signals a possible end of a strong trend?,"Loss of wave momentum, deeper retracements, and rising counter-pressure."
How can traders anticipate the end of a trend?,"By observing divergences in volume, slowing impulse waves, and structure breakdowns."
Why is early detection of trend termination important?,"It allows better exits, avoids late entries, and prepares traders for structural shifts."
What is meant by structural deterioration in Wyckoff?,"A breakdown of clear trend behavior, such as increasing overlap and failing waves."
How does structure breakdown affect trader decision-making?,It signals reduced clarity and increases the chance of reversal or range formation.
Why is watching structure more valuable than watching price alone?,"Structure reveals the quality and sustainability of moves, not just direction."
How do strong hands behave near turning points?,"They absorb or distribute quietly, often before price makes its full reversal."
What clues show strong hands are active at key levels?,"Volume patterns, failed breaks, and controlled wave responses near structure boundaries."
Why is quiet accumulation or distribution hard to detect?,Because professionals aim to hide their activity by working within ranges or slowing price movement.
What does Wyckoff say about balance in the market?,"When supply and demand are nearly equal, price enters a range or sideways movement."
How is balance reflected in market structure?,"Through overlapping waves, narrow ranges, and low directional commitment."
Why should traders avoid balanced markets unless well-prepared?,Because movement is limited and traps are common without clear bias.
What creates imbalance and drives price direction?,When one side clearly overpowers the other in terms of wave and volume behavior.
How does Wyckoff identify moments of imbalance?,"Through decisive price action, expanding waves, and strong volume follow-through."
Why is imbalance a key component of Wyckoff logic?,Because it explains why and when price moves strongly in one direction.
What role does cause and effect play in Wyckoff theory?,Accumulation or distribution (cause) leads to markup or markdown (effect).
How can traders recognize when a cause is building?,"By identifying ranges, shrinking volatility, and tests that precede a breakout."
Why is the size of the cause important in Wyckoff?,Larger ranges tend to lead to stronger or longer directional moves afterward.
What is the benefit of waiting for the cause to complete?,It increases the probability of successful entries when the market is ready.
What does Wyckoff teach about patience during consolidation?,That waiting allows better timing and avoids false signals inside noise.
How can a trader determine when a range is mature?,"When tests become clean, volume contracts, and price leans toward one side."
What signals that the market is preparing to move?,"Tightening range, reduced volume, and more responsive waves to one side of the structure."
How does Wyckoff explain the logic of breakout readiness?,The market moves when opposition is weak enough and professionals are positioned.
Why is waiting for breakout confirmation important?,It reduces the risk of false moves and ensures structure supports the direction.
What are signs that a breakout is real?,"Strong volume, wide spread, and clean continuation beyond structure."
How does Wyckoff handle breakouts with low volume?,"With suspicion, as they may lack conviction and fail quickly."
What does hesitation after breakout indicate?,That the market may be uncertain or facing remaining opposition.
What does Wyckoff emphasize about analyzing reactions?,Reactions reveal opposing force strength and help confirm trend sustainability.
Why are reactions in price important to study?,They show how much pressure exists from the counter-side of the trend.
How can studying reactions improve trend analysis?,"By understanding the effort needed to move against the trend, one can judge trend health."
What does a weak reaction indicate in an uptrend?,"That sellers lack conviction, reinforcing bullish control."
Why are soft corrections bullish signs?,They suggest buyers remain in charge and sellers are not aggressive.
What does minimal pullback strength show?,That opposition to the trend is weak and continuation is likely.
Why are failed breakdowns important in Wyckoff logic?,They often trap traders and reveal the presence of strong buying.
How does Wyckoff interpret false breaks below support?,As potential bullish signals when quickly rejected with strong recovery.
What do failed breakdowns often precede?,Upward moves as sellers are absorbed and trapped.
What does a lack of follow-through after a breakdown suggest?,"That sellers may not be committed, raising the chance of reversal."
Why do breakdowns sometimes fail quickly?,Because demand steps in and absorbs selling aggressively.
How does Wyckoff use failed moves to assess intent?,They expose who truly controls the market — not who made the first move.
What happens when price tests a level repeatedly without breaking it?,It builds energy and reveals the defending side’s strength.
Why are repeated tests without success meaningful?,They show which side is absorbing pressure and likely to prevail.
How does Wyckoff analyze multi-touch zones?,They are evidence of hidden struggle and can predict future directional moves.
Why are reactions near previous highs important in an uptrend?,They test whether buyers are willing to continue supporting price.
How do retracements behave when a trend is strong?,"They tend to be shallow and brief, showing minimal opposition."
Why are retracements opportunities in Wyckoff methodology?,Because they offer low-risk entries when trend control remains intact.
What does a rally that fails to reach previous highs suggest?,That buying interest may be fading and sellers could gain control.
How does Wyckoff view lower highs in an uptrend?,As a sign of potential weakness and caution for buyers.
What signals a shift in wave dominance?,When countertrend waves become larger and trend waves lose strength.
Why is wave dominance key in Wyckoff logic?,It identifies which side has the upper hand and controls price movement.
How do traders determine if bulls or bears are dominant?,"By comparing wave length, momentum, and reaction depth."
What does it mean when price rallies but fails to make a new high?,That the uptrend may be running out of steam.
Why are unsuccessful attempts to break highs significant?,They warn of buyer fatigue and potential reversal risk.
How does Wyckoff define effort without result?,"When heavy volume produces little price movement, indicating strong opposition."
Why is volume without movement a red flag?,"Because it shows one side is absorbing the pressure, preventing progress."
What is a possible outcome when effort doesn’t yield movement?,"A reversal, as the initiating side may be exhausted."
Why does Wyckoff focus on both volume and result?,Because together they reveal hidden strength or weakness.
What happens when waves lose speed in the trend direction?,"Momentum is fading, and control may be shifting."
What does Wyckoff teach about wave progression?,Wave progression reveals who controls the market by showing the strength of directional and counter-directional moves.
Why is wave progression a vital concept in Wyckoff’s method?,It helps determine whether price action is favoring buyers or sellers based on wave quality.
How does wave progression expose market strength?,"Through the length, steepness, and reaction of each wave relative to the previous."
What happens when downwaves grow while upwaves shrink?,It shows increasing supply and loss of demand strength.
Why are growing downwaves and weak upwaves concerning?,They suggest the market is shifting toward bearish control.
What does Wyckoff infer from expanding downwaves?,"That sellers are becoming more aggressive, and a trend reversal may be underway."
Why are consistent rising highs important to uptrends?,They indicate sustained demand and strong market commitment.
How does Wyckoff interpret a failure to make higher highs?,As a warning that buyers may be losing momentum or facing resistance.
What can declining highs signal in a market?,That strength is fading and sellers may soon take control.
What does low volume during rallies suggest?,"That buyers are not committed, and price may not sustain higher levels."
Why is a rally on light volume a weak signal?,Because it lacks support from strong demand and may reverse.
How does Wyckoff use volume to qualify price rises?,Strong rallies require volume support to confirm market conviction.
What does it mean when price rises with little demand?,The move may lack sustainability and be prone to failure.
Why is volume essential during advances?,It validates the participation of strong hands and supports continuation.
What does Wyckoff say about price rising with no result?,It’s a sign of weak conviction or active supply limiting progress.
What is the risk when a trendline breaks without volume?,That the break may be false or lack the strength to continue in that direction.
Why are volume-supported breaks more reliable?,Because they show clear commitment and intent behind the move.
How does Wyckoff view a break in price structure?,As a signal of possible trend change or weakening market condition.
What happens when the market tests a level repeatedly?,It either weakens the level or strengthens conviction around it depending on the reaction.
Why does Wyckoff focus on test behavior?,Because tests help reveal true supply and demand conditions at key zones.
What can a failed test tell a trader?,That the anticipated force may not be as strong as expected.
Why are tests essential for confirming market readiness?,They provide insight into whether a breakout is likely to hold or fail.
What does successful testing suggest in a trend?,That the trend is likely to continue as opposition has been overcome.
Why should traders watch how price reacts to key levels?,Because reactions show whether buyers or sellers are prepared to defend or retreat.
How does Wyckoff describe the role of structure in trading?,"Structure provides the framework to evaluate behavior, pressure, and potential setups."
Why is structural clarity critical in Wyckoff analysis?,It helps avoid random trades and increases the probability of directional moves.
What is the difference between noise and structure?,Noise is chaotic and unclear; structure is organized and repeatable in wave and volume behavior.
How does Wyckoff recommend separating noise from signal?,"By focusing on wave quality, trend direction, and volume consistency."
Why does Wyckoff discourage trading in unclear environments?,Because poor structure often leads to emotional trades and low-quality signals.
What does Wyckoff say about observing effort versus result?,It helps determine whether price movement is supported or opposed by volume.
Why is effort versus result a key principle in Wyckoff analysis?,Because it reveals if price action aligns with the actual volume behind it.
How does comparing effort and result expose hidden forces?,"When price fails to move despite effort, it indicates opposition or absorption."
What does strong effort with little result imply?,That the opposing force is absorbing the pressure and may soon take control.
Why does heavy volume without progress raise concern?,It suggests the current direction is facing hidden resistance.
How does Wyckoff interpret unproductive effort in price?,As a warning that supply or demand is countering the expected move.
What happens when price moves strongly with minimal volume?,It may signal a lack of conviction or a false breakout.
Why is a fast move without supporting volume unreliable?,Because it lacks confirmation from true buying or selling interest.
How does Wyckoff view volume-light rallies or declines?,As weaker moves that may fail without stronger backing.
Why do tests often occur after strong moves?,To see if the move was genuine or if opposition still remains.
What is the role of testing in Wyckoff methodology?,It helps confirm whether previous resistance or support has truly changed.
Why are tests essential before continuing a move?,They check if the opposing force is still present and determine if price can advance.
How does a successful test validate strength?,By showing price holds with low volume and little counterpressure.
What does a failed test indicate?,That opposition still exists and price may not be ready to move further.
Why is volume behavior critical during tests?,It reveals the level of commitment from buyers or sellers in defending a zone.
What does Wyckoff mean by the path of least resistance?,Price tends to move in the direction with the least opposition.
Why does price follow the path of least resistance?,Because dominant forces guide price where fewer barriers exist.
How can traders identify the path of least resistance?,"By analyzing wave strength, volume trends, and structural context."
What happens when supply dries up in a downtrend?,The market may be preparing for a reversal or shift toward accumulation.
Why is drying-up supply a bullish signal?,It means sellers are exhausted and buyers may soon take control.
How does Wyckoff detect supply exhaustion?,Through reduced volume and failure of price to make lower lows.
What does increasing demand look like on a chart?,Stronger upward waves with supporting volume and shallow retracements.
How can traders confirm the presence of demand?,"By watching for clean rallies, rising volume, and reduced opposition."
What indicates demand is absorbing supply effectively?,"Price holds or rises despite selling attempts, with volume behaving constructively."
Why does Wyckoff emphasize behavior at support and resistance?,Because reactions there reveal market intention and hidden strength or weakness.
How does price behavior at resistance guide decisions?,"If resistance fails to hold, buyers may be gaining strength."
What does strong support behavior indicate?,That demand is present and buyers are defending that level.
What does Wyckoff suggest about observing failed attempts?,They expose who lacks conviction and who is actually in control.
How can failed attempts become trading opportunities?,They allow entries with clearer direction once traps are revealed.
What does Wyckoff teach about wide spreads with volume?,"They often confirm strength or weakness, depending on direction and structural context."
Why are wide price bars with volume meaningful in Wyckoff analysis?,Because they show strong conviction and directional intent.
How should traders interpret wide spreads with high volume?,As a sign that professionals are active and the market is moving with commitment.
What does a narrow range on high volume imply?,That absorption may be taking place as one side resists the other.
Why is a tight bar with high volume a warning sign?,It suggests strong opposition is absorbing pressure and could reverse the move.
How does Wyckoff view volume spikes without large moves?,As evidence of professional activity—either absorbing or distributing.
What is the role of price congestion in Wyckoff logic?,It’s where buyers and sellers battle for control before a directional outcome.
Why is congestion important in structure formation?,Because it builds the foundation for future moves and reveals market intent.
How should traders behave during price congestion?,"By observing reactions, waiting for clues, and avoiding impulsive entries."
"What does Wyckoff mean by observing behavior, not prediction?",Traders should respond to what the market reveals rather than guessing direction.
Why is reactive analysis favored over prediction in Wyckoff?,Because market behavior is more reliable than forecasts.
How can traders improve decision-making with Wyckoff’s method?,"By studying wave structure, volume, and relative effort instead of trying to predict."
What defines a quality trade setup in Wyckoff terms?,"Clear structure, strong wave alignment, and supportive volume behavior."
Why does Wyckoff emphasize clarity before entry?,Because defined setups reduce uncertainty and improve trade reliability.
What are the ingredients of a high-probability trade in Wyckoff?,"A mature structure, confirmed direction, and absence of strong opposition."
What should traders do when price lacks structure?,Wait and observe until market behavior becomes readable and controlled.
Why is patience essential in Wyckoff analysis?,Because rushing trades without structure often leads to losses.
How does Wyckoff suggest managing unclear conditions?,"By standing aside until effort, result, and direction align."
Why do experienced traders wait for confirmation?,Because proper setups reduce emotional trading and favor consistency.
What marks the end of structural preparation?,Breakout behavior supported by volume and clean wave action.
How do traders recognize completion of a trading range?,"By observing successful tests, reduced volatility, and signs of breakout readiness."
What final signs show that the market is ready to move?,"Tight consolidation, increased responsiveness, and early directional shifts."
Why does Wyckoff caution against overtrading?,Because frequent trades in unclear environments weaken discipline and skew judgment.
How does overtrading harm Wyckoff-based execution?,It leads to ignoring structure and reacting emotionally instead of logically.
What is the benefit of aligning trades with structure?,"It enhances consistency, lowers risk, and follows the market’s internal logic."
